exp_num,subrun,exp_run_full,N_species,N_dose,control_or_nutrient,N_species_dose,temp,food,sym_state,food_sym_state,col_num,treat_ID,beetag,beetag_exprun,image_day,beetag_day1_exp_concat,image_name_day1,red_day1,beetag_day11_exp_concat,image_name_day11,red_day11,red_percent_change,red_delta
1,A,1A,N,0,control,N_0,20,F,A,F_A,150,CNTRL_20_F_A,B14G15,B14G15_exp1A,1,B14G15_day1_exp1A,B14G15_1A_day1.JPG,0.36895,B14G15_day11_exp1A,B14G15_1A_day11.JPG,0.38382,0.040303564,0.01487
1,A,1A,N,0,control,N_0,20,F,A,F_A,168,CNTRL_20_F_A,B14G14,B14G14_exp1A,1,B14G14_day1_exp1A,B14G14_1A_day1.JPG,0.34305,B14G14_day11_exp1A,B14G14_1A_day11.JPG,0.36367,0.060107856,0.02062
1,A,1A,N,0,control,N_0,20,F,S,F_S,145,CNTRL_20_F_S,B14G20,B14G20_exp1A,1,B14G20_day1_exp1A,B14G20_1A_day1.JPG,0.3273,B14G20_day11_exp1A,B14G20_1A_day11.JPG,0.37676,0.151115185,0.04946
1,A,1A,N,0,control,N_0,20,F,S,F_S,142,CNTRL_20_F_S,B14G17,B14G17_exp1A,1,B14G17_day1_exp1A,B14G17_1A_day1.JPG,0.37887,B14G17_day11_exp1A,B14G17_1A_day11.JPG,0.32011,-0.155092776,-0.05876
1,A,1A,N,0,control,N_0,20,F,S,F_S,153,CNTRL_20_F_S,B14G21,B14G21_exp1A,1,B14G21_day1_exp1A,B14G21_1A_day1.JPG,0.25749,B14G21_day11_exp1A,B14G21_1A_day11.JPG,0.30511,0.184939221,0.04762
1,A,1A,N,0,control,N_0,20,S,A,S_A,150,CNTRL_20_S_A,B15G23,B15G23_exp1A,1,B15G23_day1_exp1A,B15G23_1A_day1.JPG,0.34726,B15G23_day11_exp1A,B15G23_1A_day11.JPG,0.40766,0.173933076,0.0604
1,A,1A,N,0,control,N_0,20,S,A,S_A,168,CNTRL_20_S_A,B15G22,B15G22_exp1A,1,B15G22_day1_exp1A,B15G22_1A_day1.JPG,0.33028,B15G22_day11_exp1A,B15G22_1A_day11.JPG,0.33946,0.027794599,0.00918
1,A,1A,N,0,control,N_0,20,S,S,S_S,157,CNTRL_20_S_S,B15G25,B15G25_exp1A,1,B15G25_day1_exp1A,B15G25_1A_day1.JPG,0.45477,B15G25_day11_exp1A,B15G25_1A_day11.JPG,0.44357,-0.024627834,-0.0112
1,A,1A,N,0,control,N_0,20,S,S,S_S,149,CNTRL_20_S_S,B15G24,B15G24_exp1A,1,B15G24_day1_exp1A,B15G24_1A_day1.JPG,0.33323,B15G24_day11_exp1A,B15G24_1A_day11.JPG,0.34621,0.038952075,0.01298
1,A,1A,N,0,control,N_0,20,S,S,S_S,153,CNTRL_20_S_S,B15G26,B15G26_exp1A,1,B15G26_day1_exp1A,B15G26_1A_day1.JPG,0.39011,B15G26_day11_exp1A,B15G26_1A_day11.JPG,0.2821,-0.276870626,-0.10801
1,A,1A,N,0,control,N_0,30,F,A,F_A,150,CNTRL_30_F_A,B27G54,B27G54_exp1A,1,B27G54_1A_day1_exp1A,B27G54_1A_day1.JPG,0.39266,B27G54_day11_exp1A,B27G54_1A_day11.JPG,0.34112,-0.131258595,-0.05154
1,A,1A,N,0,control,N_0,30,F,A,F_A,168,CNTRL_30_F_A,B27G53,B27G53_exp1A,1,B27G53_1A_day1_exp1A,B27G53_1A_day1.JPG,0.24177,B27G53_day11_exp1A,B27G53_1A_day11.JPG,0.2988,0.235885346,0.05703
1,A,1A,N,0,control,N_0,30,F,S,F_S,153,CNTRL_30_F_S,B27G57,B27G57_exp1A,1,B27G57_1A_day1_exp1A,B27G57_1A_day1.JPG,0.40445,B27G57_day11_exp1A,B27G57_1A_day11.JPG,0.48234,0.192582519,0.07789
1,A,1A,N,0,control,N_0,30,F,S,F_S,147,CNTRL_30_F_S,B27G56,B27G56_exp1A,1,B27G56_1A_day1_exp1A,B27G56_1A_day1.JPG,0.37992,B27G56_day11_exp1A,B27G56_1A_day11.JPG,0.43284,0.139292483,0.05292
1,A,1A,N,0,control,N_0,30,F,S,F_S,142,CNTRL_30_F_S,B27G55,B27G55_exp1A,1,B27G55_1A_day1_exp1A,B27G55_1A_day1.JPG,0.38392,B27G55_day11_exp1A,B27G55_1A_day11.JPG,0.34999,-0.088377787,-0.03393
1,A,1A,N,0,control,N_0,30,S,A,S_A,162,CNTRL_30_S_A,B30G72,B30G72_exp1A,1,B30G72_day1_exp1A,B30G72_1A_day1.JPG,0.385,B30G72_day11_exp1A,B30G72_1A_day11.JPG,0.38686,0.004831169,0.00186
1,A,1A,N,0,control,N_0,30,S,A,S_A,151,CNTRL_30_S_A,B30G73,B30G73_exp1A,1,B30G73_day1_exp1A,B30G73_1A_day1.JPG,0.25324,B30G73_day11_exp1A,B30G73_1A_day11.JPG,0.28353,0.119609856,0.03029
1,A,1A,N,0,control,N_0,30,S,S,S_S,157,CNTRL_30_S_S,B30G76,B30G76_exp1A,1,B30G76_day1_exp1A,B30G76_1A_day1.JPG,0.67194,B30G76_day11_exp1A,B30G76_1A_day11.JPG,0.64003,-0.047489359,-0.03191
1,A,1A,N,0,control,N_0,30,S,S,S_S,154,CNTRL_30_S_S,B30G75,B30G75_exp1A,1,B30G75_day1_exp1A,B30G75_1A_day1.JPG,0.49667,B30G75_day11_exp1A,B30G75_1A_day11.JPG,0.59377,0.195502044,0.0971
1,A,1A,N,0,control,N_0,30,S,S,S_S,152,CNTRL_30_S_S,B30G74,B30G74_exp1A,1,B30G74_day1_exp1A,B30G74_1A_day1.JPG,0.47997,B30G74_day11_exp1A,B30G74_1A_day11.JPG,0.51629,0.075671396,0.03632
1,B,1B,N,0,control,N_0,20,F,A,F_A,183,CNTRL_20_F_A,B22G29,B22G29_exp1B,1,B22G29_day1_exp1B,B22G29_1B_day1.JPG,0.3883,B22G29_day11_exp1B,B22G29_1B_day11.JPG,0.4026,0.036827195,0.0143
1,B,1B,N,0,control,N_0,20,F,A,F_A,160,CNTRL_20_F_A,B22G27,B22G27_exp1B,1,B22G27_day1_exp1B,B22G27_1B_day1.JPG,0.364,B22G27_day11_exp1B,B22G27_1B_day11.JPG,0.39741,0.091785714,0.03341
1,B,1B,N,0,control,N_0,20,F,A,F_A,169,CNTRL_20_F_A,B22G28,B22G28_exp1B,1,B22G28_day1_exp1B,B22G28_1B_day1.JPG,0.25701,B22G28_day11_exp1B,B22G28_1B_day11.JPG,0.25646,-0.002139995,-0.00055
1,B,1B,N,0,control,N_0,20,F,S,F_S,160,CNTRL_20_F_S,B22G30,B22G30_exp1B,1,B22G30_day1_exp1B,B22G30_1B_day1.JPG,0.38755,B22G30_day11_exp1B,B22G30_1B_day11.JPG,0.47085,0.214940008,0.0833
1,B,1B,N,0,control,N_0,20,F,S,F_S,171,CNTRL_20_F_S,B22G31,B22G31_exp1B,1,B22G31_day1_exp1B,B22G31_1B_day1.JPG,0.47201,B22G31_day11_exp1B,B22G31_1B_day11.JPG,0.4346,-0.079256795,-0.03741
1,B,1B,N,0,control,N_0,20,S,A,S_A,171,CNTRL_20_S_A,B23G34,B23G34_exp1B,1,B23G34_day1_exp1B,B23G34_1B_day1.JPG,0.42189,B23G34_day11_exp1B,B23G34_1B_day11.JPG,0.45067,0.068216834,0.02878
1,B,1B,N,0,control,N_0,20,S,A,S_A,184,CNTRL_20_S_A,B23G35,B23G35_exp1B,1,B23G35_day1_exp1B,B23G35_1B_day1.JPG,0.36608,B23G35_day11_exp1B,B23G35_1B_day11.JPG,0.39157,0.069629589,0.02549
1,B,1B,N,0,control,N_0,20,S,A,S_A,166,CNTRL_20_S_A,B23G33,B23G33_exp1B,1,B23G33_day1_exp1B,B23G33_1B_day1.JPG,0.33798,B23G33_day11_exp1B,B23G33_1B_day11.JPG,0.33708,-0.002662879,-0.0009
1,B,1B,N,0,control,N_0,20,S,S,S_S,164,CNTRL_20_S_S,B23G36,B23G36_exp1B,1,B23G36_day1_exp1B,B23G36_1B_day1.JPG,0.42774,B23G36_day11_exp1B,B23G36_1B_day11.JPG,0.48416,0.131902558,0.05642
1,B,1B,N,0,control,N_0,20,S,S,S_S,172,CNTRL_20_S_S,B23G37,B23G37_exp1B,1,B23G37_day1_exp1B,B23G37_1B_day1.JPG,0.3854,B23G37_day11_exp1B,B23G37_1B_day11.JPG,0.40249,0.044343539,0.01709
1,B,1B,N,0,control,N_0,30,F,A,F_A,183,CNTRL_30_F_A,B29G67,B29G67_exp1B,1,B29G67_day1_exp1B,B29G67_1B_day1.JPG,0.48603,B29G67_day11_exp1B,B29G67_1B_day11.JPG,0.49351,0.015389997,0.00748
1,B,1B,N,0,control,N_0,30,F,A,F_A,170,CNTRL_30_F_A,B29G65,B29G65_exp1B,1,B29G65_day1_exp1B,B29G65_1B_day1.JPG,0.4526,B29G65_day11_exp1B,B29G65_1B_day11.JPG,0.46657,0.030866107,0.01397
1,B,1B,N,0,control,N_0,30,F,A,F_A,164,CNTRL_30_F_A,B29G64,B29G64_exp1B,1,B29G64_day1_exp1B,B29G64_1B_day1.JPG,0.29857,B29G64_day11_exp1B,B29G64_1B_day11.JPG,0.29436,-0.014100546,-0.00421
1,B,1B,N,0,control,N_0,30,F,S,F_S,161,CNTRL_30_F_S,B29G70,B29G70_exp1B,1,B29G70_day1_exp1B,B29G70_1B_day1.JPG,0.3919,B29G70_day11_exp1B,B29G70_1B_day11.JPG,0.42047,0.07290125,0.02857
1,B,1B,N,0,control,N_0,30,F,S,F_S,171,CNTRL_30_F_S,B29G71,B29G71_exp1B,1,B29G71_day1_exp1B,B29G71_1B_day1.JPG,0.39595,B29G71_day11_exp1B,B29G71_1B_day11.JPG,0.35835,-0.094961485,-0.0376
1,B,1B,N,0,control,N_0,30,S,A,S_A,166,CNTRL_30_S_A,B32G83,B32G83_exp1B,1,B32G83_day1_exp1B,B32G83_1B_day1.JPG,0.43159,B32G83_day11_exp1B,B32G83_1B_day11.JPG,0.42375,-0.018165388,-0.00784
1,B,1B,N,0,control,N_0,30,S,A,S_A,184,CNTRL_30_S_A,B32G85,B32G85_exp1B,1,B32G85_day1_exp1B,B32G85_1B_day1.JPG,0.38687,B32G85_day11_exp1B,B32G85_1B_day11.JPG,0.34304,-0.113293871,-0.04383
1,B,1B,N,0,control,N_0,30,S,A,S_A,171,CNTRL_30_S_A,B32G84,B32G84_exp1B,1,B32G84_day1_exp1B,B32G84_1B_day1.JPG,0.20829,B32G84_day11_exp1B,B32G84_1B_day11.JPG,0.17896,-0.140813289,-0.02933
1,B,1B,N,0,control,N_0,30,S,S,S_S,164,CNTRL_30_S_S,B32G87,B32G87_exp1B,1,B32G87_day1_exp1B,B32G87_1B_day1.JPG,0.49733,B32G87_day11_exp1B,B32G87_1B_day11.JPG,0.53835,0.082480446,0.04102
1,B,1B,N,0,control,N_0,30,S,S,S_S,172,CNTRL_30_S_S,B32G88,B32G88_exp1B,1,B32G88_day1_exp1B,B32G88_1B_day1.JPG,0.43308,B32G88_day11_exp1B,B32G88_1B_day11.JPG,0.44508,0.027708507,0.012
2,A,2A,N,0,control,N_0,20,F,A,F_A,226,CNTRL_20_F_A,B13G8,B13G8_exp2A,1,B13G8_day1_exp2A,B13G8_2A_day1.JPG,0.47674,B13G8_day11_exp2A,B13G8_2A_day11.JPG,0.46312,-0.028569031,-0.01362
2,A,2A,N,0,control,N_0,20,F,A,F_A,174,CNTRL_20_F_A,B13G2,B13G2_exp2A,1,B13G2_day1_exp2A,B13G2_2A_day1.JPG,0.37049,B13G2_day11_exp2A,B13G2_2A_day11.JPG,0.35824,-0.03306432,-0.01225
2,A,2A,N,0,control,N_0,20,F,A,F_A,199,CNTRL_20_F_A,B13G3,B13G3_exp2A,1,B13G3_day1_exp2A,B13G3_2A_day1.JPG,0.34904,B13G3_day11_exp2A,B13G3_2A_day11.JPG,0.33167,-0.04976507,-0.01737
2,A,2A,N,0,control,N_0,20,F,S,F_S,175,CNTRL_20_F_S,B13G10,B13G10_exp2A,1,B13G10_day1_exp2A,B13G10_2A_day1.JPG,0.34379,B13G10_day11_exp2A,B13G10_2A_day11.JPG,0.38114,0.108641903,0.03735
2,A,2A,N,0,control,N_0,20,F,S,F_S,206,CNTRL_20_F_S,B13G13,B13G13_exp2A,1,B13G13_day1_exp2A,B13G13_2A_day1.JPG,0.33703,B13G13_day11_exp2A,B13G13_2A_day11.JPG,0.29844,-0.114500193,-0.03859
2,A,2A,N,0,control,N_0,20,S,A,S_A,187,CNTRL_20_S_A,B22G28,B22G28_exp2A,1,B22G28_day1_exp2A,B22G27_2A_day1.JPG,0.39534,B22G28_day11_exp2A,B22G28_2A_day11.JPG,0.3961,0.001922396,0.00076
2,A,2A,N,0,control,N_0,20,S,A,S_A,202,CNTRL_20_S_A,B22G29,B22G29_exp2A,1,B22G29_day1_exp2A,B22G28_2A_day1.JPG,0.40726,B22G29_day11_exp2A,B22G29_2A_day11.JPG,0.36489,-0.104036733,-0.04237
2,A,2A,N,0,control,N_0,20,S,A,S_A,228,CNTRL_20_S_A,B22G30,B22G30_exp2A,1,B22G30_day1_exp2A,B22G29_2A_day1.JPG,0.4506,B22G30_day11_exp2A,B22G30_2A_day11.JPG,0.27145,-0.397581003,-0.17915
2,A,2A,N,0,control,N_0,20,S,S,S_S,186,CNTRL_20_S_S,B22G31,B22G31_exp2A,1,B22G31_day1_exp2A,B22G31_2A_day1.JPG,0.38,B22G31_day11_exp2A,B22G31_2A_day11.JPG,0.42099,0.107868421,0.04099
2,A,2A,N,0,control,N_0,20,S,S,S_S,207,CNTRL_20_S_S,B22G27,B22G27_exp2A,1,B22G27_day1_exp2A,B2230_2A_day1.jpg,0.24244,B22G27_day11_exp2A,B22G27_2A_day11.JPG,0.35542,0.466012209,0.11298
2,A,2A,N,0,control,N_0,30,F,A,F_A,201,CNTRL_30_F_A,B25G44,B25G44_exp2A,1,B25G44_day1_exp2A,B25G44_2A_day1.JPG,0.45348,B25G44_day11_exp2A,B25G44_2A_day11.JPG,0.46088,0.01631825,0.0074
2,A,2A,N,0,control,N_0,30,F,A,F_A,226,CNTRL_30_F_A,B25G45,B25G45_exp2A,1,B25G45_day1_exp2A,B25G45_2A_day1.JPG,0.41058,B25G45_day11_exp2A,B25G45_2A_day11.JPG,0.45652,0.111890496,0.04594
2,A,2A,N,0,control,N_0,30,F,A,F_A,174,CNTRL_30_F_A,B25G43,B25G43_exp2A,1,B25G43_day1_exp2A,B25G43_2A_day1.JPG,0.17441,B25G43_day11_exp2A,B25G43_2A_day11.JPG,0.19778,0.13399461,0.02337
2,A,2A,N,0,control,N_0,30,F,S,F_S,206,CNTRL_30_F_S,B25G47,B25G47_exp2A,1,B25G47_day1_exp2A,B25G47_2A_day1.JPG,0.48027,B25G47_day11_exp2A,B25G47_2A_day11.JPG,0.48377,0.007287567,0.0035
2,A,2A,N,0,control,N_0,30,F,S,F_S,185,CNTRL_30_F_S,B25G46,B25G46_exp2A,1,B25G46_day1_exp2A,B25G46_2A_day1.JPG,0.40217,B25G46_day11_exp2A,B25G46_2A_day11.JPG,0.42216,0.049705348,0.01999
2,A,2A,N,0,control,N_0,30,S,A,S_A,230,CNTRL_30_S_A,B26G50,B26G50_exp2A,1,B26G50_day1_exp2A,B26G50_2A_day1.JPG,0.47404,B26G50_day11_exp2A,B26G50_2A_day11.JPG,0.47566,0.003417433,0.00162
2,A,2A,N,0,control,N_0,30,S,A,S_A,193,CNTRL_30_S_A,B26G48,B26G48_exp2A,1,B26G48_day1_exp2A,B26G48_2A_day1.JPG,0.33567,B26G48_day11_exp2A,B26G48_2A_day11.JPG,0.37642,0.121398993,0.04075
2,A,2A,N,0,control,N_0,30,S,A,S_A,206,CNTRL_30_S_A,B26G49,B26G49_exp2A,1,B26G49_day1_exp2A,B26G49_2A_day1.JPG,0.28401,B26G49_day11_exp2A,B26G49_2A_day11.JPG,0.23516,-0.172000986,-0.04885
2,A,2A,N,0,control,N_0,30,S,S,S_S,208,CNTRL_30_S_S,B26G52,B26G52_exp2A,1,B26G52_day1_exp2A,B26G52_2A_day1.JPG,0.44313,B26G52_day11_exp2A,B26G52_2A_day11.JPG,0.53961,0.217723918,0.09648
2,A,2A,N,0,control,N_0,30,S,S,S_S,196,CNTRL_30_S_S,B26G51,B26G51_exp2A,1,B26G51_day1_exp2A,B26G51_2A_day1.JPG,0.3323,B26G51_day11_exp2A,B26G51_2A_day11.JPG,0.40621,0.2224195,0.07391
2,B,2B,N,0,control,N_0,20,F,A,F_A,149,CNTRL_20_F_A,B14G14,B14G14_exp2B,1,B14G14_day1_exp2B,B14G14_2B_day1.JPG,0.47311,B14G14_day11_exp2B,B14G14_2B_day11.JPG,0.41061,-0.132104585,-0.0625
2,B,2B,N,0,control,N_0,20,F,A,F_A,184,CNTRL_20_F_A,B14G15,B14G15_exp2B,1,B14G15_day1_exp2B,B14G15_2B_day1.JPG,0.19077,B14G15_day11_exp2B,B14G15_2B_day11.JPG,0.18405,-0.035225664,-0.00672
2,B,2B,N,0,control,N_0,20,F,S,F_S,223,CNTRL_20_F_S,B14G21,B14G21_exp2B,1,B14G21_day1_exp2B,B14G21_2B_day1.JPG,0.53292,B14G21_day11_exp2B,B14G21_2B_day11.JPG,0.5227,-0.019177362,-0.01022
2,B,2B,N,0,control,N_0,20,F,S,F_S,202,CNTRL_20_F_S,B14G20,B14G20_exp2B,1,B14G20_day1_exp2B,B14G20_2B_day1.JPG,0.42969,B14G20_day11_exp2B,B14G20_2B_day11.JPG,0.47135,0.096953618,0.04166
2,B,2B,N,0,control,N_0,20,F,S,F_S,159,CNTRL_20_F_S,B14G17,B14G17_exp2B,1,B14G17_day1_exp2B,B14G17_2B_day1.JPG,0.23617,B14G17_day11_exp2B,B14G17_2B_day11.JPG,0.21962,-0.07007664,-0.01655
2,B,2B,N,0,control,N_0,20,S,A,S_A,203,CNTRL_20_S_A,B15G23,B15G23_exp2B,1,B15G23_day1_exp2B,B15G23_2B_day1.JPG,0.29725,B15G23_day11_exp2B,B15G23_2B_day11.JPG,0.33268,0.119192599,0.03543
2,B,2B,N,0,control,N_0,20,S,A,S_A,169,CNTRL_20_S_A,B15G22,B15G22_exp2B,1,B15G22_day1_exp2B,B15G22_2B_day1.JPG,0.28042,B15G22_day11_exp2B,B15G22_2B_day11.JPG,0.26732,-0.046715641,-0.0131
2,B,2B,N,0,control,N_0,20,S,S,S_S,180,CNTRL_20_S_S,B15G24,B15G24_exp2B,1,B15G24_day1_exp2B,B15G24_2B_day1.JPG,0.45545,B15G24_day11_exp2B,B15G24_2B_day11.JPG,0.39641,-0.129630036,-0.05904
2,B,2B,N,0,control,N_0,20,S,S,S_S,208,CNTRL_20_S_S,B15G25,B15G25_exp2B,1,B15G25_day1_exp2B,B15G25_2B_day1.JPG,0.32019,B15G25_day11_exp2B,B15G25_2B_day11.JPG,0.35056,0.094849933,0.03037
2,B,2B,N,0,control,N_0,20,S,S,S_S,224,CNTRL_20_S_S,B15G26,B15G26_exp2B,1,B15G26_day1_exp2B,B15G26_2B_day1.JPG,0.27313,B15G26_day11_exp2B,B15G26_2B_day11.JPG,0.3365,0.232014059,0.06337
2,B,2B,N,0,control,N_0,30,F,A,F_A,167,CNTRL_30_F_A,B31G77,B31G77_exp2B,1,B31G77_day1_exp2B,B31G77_2B_day1.JPG,0.39,B31G77_day11_exp2B,B31G77_2B_day11.JPG,0.42721,0.095410256,0.03721
2,B,2B,N,0,control,N_0,30,F,A,F_A,195,CNTRL_30_F_A,B31G78,B31G78_exp2B,1,B31G78_day1_exp2B,B31G78_2B_day1.JPG,0.27122,B31G78_day11_exp2B,B31G78_2B_day11.JPG,0.3297,0.215618317,0.05848
2,B,2B,N,0,control,N_0,30,F,S,F_S,174,CNTRL_30_F_S,B31G79,B31G79_exp2B,1,B31G79_day1_exp2B,B31G79_2B_day1.JPG,0.39306,B31G79_day11_exp2B,B31G79_2B_day11.JPG,0.43387,0.103826388,0.04081
2,B,2B,N,0,control,N_0,30,F,S,F_S,223,CNTRL_30_F_S,B31G82,B31G82_exp2B,1,B31G82_day1_exp2B,B31G82_2B_day1.JPG,0.32853,B31G82_day11_exp2B,B31G82_2B_day11.JPG,0.34418,0.047636441,0.01565
2,B,2B,N,0,control,N_0,30,F,S,F_S,206,CNTRL_30_F_S,B31G80,B31G80_exp2B,1,B31G80_day1_exp2B,B31G80_2B_day1.JPG,0.32891,B31G80_day11_exp2B,B31G80_2B_day11.JPG,0.31746,-0.034811955,-0.01145
2,B,2B,N,0,control,N_0,30,S,A,S_A,170,CNTRL_30_S_A,B32G83,B32G83_exp2B,1,B32G83_day1_exp2B,B32G83_2B_day1.JPG,0.58285,B32G83_day11_exp2B,B32G83_2B_day11.JPG,0.53902,-0.075199451,-0.04383
2,B,2B,N,0,control,N_0,30,S,A,S_A,211,CNTRL_30_S_A,B32G84,B32G84_exp2B,1,B32G84_day1_exp2B,B32G84_2B_day1.JPG,0.36421,B32G84_day11_exp2B,B32G84_2B_day11.JPG,0.3367,-0.075533346,-0.02751
2,B,2B,N,0,control,N_0,30,S,S,S_S,208,CNTRL_30_S_S,B32G87,B32G87_exp2B,1,B32G87_day1_exp2B,B32G87_2B_day1.JPG,0.3418,B32G87_day11_exp2B,B32G87_2B_day11.JPG,0.45654,0.335693388,0.11474
2,B,2B,N,0,control,N_0,30,S,S,S_S,225,CNTRL_30_S_S,B32G88,B32G88_exp2B,1,B32G88_day1_exp2B,B32G88_2B_day1.JPG,0.37495,B32G88_day11_exp2B,B32G88_2B_day11.JPG,0.36374,-0.02989732,-0.01121
2,B,2B,N,0,control,N_0,30,S,S,S_S,188,CNTRL_30_S_S,B32G85,B32G85_exp2B,1,B32G85_day1_exp2B,B32G85_2B_day1.JPG,0.30623,B32G85_day11_exp2B,B32G85_2B_day11.JPG,0.25203,-0.17699115,-0.0542
3,A,3A,N,0,control,N_0,20,F,A,F_A,223,CNTRL_20_F_A,B13G2,B13G2_exp3A,1,B13G2_day1_exp3A,B13G2_3A_day1.JPG,0.4608,B13G2_day11_exp3A,B13G2_3A_day11.JPG,0.4955,0.075303819,0.0347
3,A,3A,N,0,control,N_0,20,F,A,F_A,237,CNTRL_20_F_A,B13G8,B13G8_exp3A,1,B13G8_day1_exp3A,B13G8_3A_day1.JPG,0.3487,B13G8_day11_exp3A,B13G8_3A_day11.JPG,0.32924,-0.055807284,-0.01946
3,A,3A,N,0,control,N_0,20,F,A,F_A,237,CNTRL_20_F_A,B13G3,B13G3_exp3A,1,B13G3_day1_exp3A,B13G3_3A_day1.JPG,0.32118,B13G3_day11_exp3A,B13G3_3A_day11.JPG,0.29835,-0.071081636,-0.02283
3,A,3A,N,0,control,N_0,20,F,S,F_S,240,CNTRL_20_F_S,B13G13,B13G13_exp3A,1,B13G13_day1_exp3A,B13G13_3A_day1.JPG,0.4817,B13G13_day11_exp3A,B13G13_3A_day11.JPG,0.48027,-0.002968653,-0.00143
3,A,3A,N,0,control,N_0,20,F,S,F_S,239,CNTRL_20_F_S,B13G10,B13G10_exp3A,1,B13G10_day1_exp3A,B13G10_3A_day1.JPG,0.30376,B13G10_day11_exp3A,B13G10_3A_day11.JPG,0.27574,-0.092243877,-0.02802
3,A,3A,N,0,control,N_0,20,S,A,S_A,227,CNTRL_20_S_A,B22G28,B22G28_exp3A,1,B22G28_day1_exp3A,B22G28_3A_day1.JPG,0.33353,B22G28_day11_exp3A,B22G28_3A_day11.JPG,0.38307,0.148532366,0.04954
3,A,3A,N,0,control,N_0,20,S,A,S_A,237,CNTRL_20_S_A,B22G29,B22G29_exp3A,1,B22G29_day1_exp3A,B22G29_3A_day1.JPG,0.38848,B22G29_day11_exp3A,B22G29_3A_day11.JPG,0.34719,-0.106286038,-0.04129
3,A,3A,N,0,control,N_0,20,S,A,S_A,237,CNTRL_20_S_A,B22G30,B22G30_exp3A,1,B22G30_day1_exp3A,B22G30_3A_day1.JPG,0.4004,B22G30_day11_exp3A,B22G30_3A_day11.JPG,0.30212,-0.245454545,-0.09828
3,A,3A,N,0,control,N_0,20,S,S,S_S,241,CNTRL_20_S_S,B22G27,B22G27_exp3A,1,B22G27_day1_exp3A,B22G27_3A_day1.JPG,0.47463,B22G27_day11_exp3A,B22G27_3A_day11.JPG,0.43974,-0.073509892,-0.03489
3,A,3A,N,0,control,N_0,20,S,S,S_S,239,CNTRL_20_S_S,B22G31,B22G31_exp3A,1,B22G31_day1_exp3A,B22G31_3A_day1.JPG,0.39145,B22G31_day11_exp3A,B22G31_3A_day11.JPG,0.31579,-0.19328139,-0.07566
3,A,3A,N,0,control,N_0,30,F,A,F_A,226,CNTRL_30_F_A,B25G43,B25G43_exp3A,1,B25G43_day1_exp3A,B25G43_3A_day1.JPG,0.40382,B25G43_day11_exp3A,B25G43_3A_day11.JPG,0.45247,0.120474469,0.04865
3,A,3A,N,0,control,N_0,30,F,A,F_A,237,CNTRL_30_F_A,B25G45,B25G45_exp3A,1,B25G45_day1_exp3A,B25G45_3A_day1.JPG,0.42579,B25G45_day11_exp3A,B25G45_3A_day11.JPG,0.43869,0.030296625,0.0129
3,A,3A,N,0,control,N_0,30,F,A,F_A,237,CNTRL_30_F_A,B25G44,B25G44_exp3A,1,B25G44_day1_exp3A,B25G44_3A_day1.JPG,0.31611,B25G44_day11_exp3A,B25G44_3A_day11.JPG,0.35348,0.118218342,0.03737
3,A,3A,N,0,control,N_0,30,F,A,F_A,229,CNTRL_30_F_A,B26G48,B26G48_exp3A,1,B26G48_day1_exp3A,B26G48_3A_day1.JPG,0.2839,B26G48_day11_exp3A,B26G48_3A_day11.JPG,0.31509,0.109862628,0.03119
3,A,3A,N,0,control,N_0,30,F,S,F_S,240,CNTRL_30_F_S,B25G47,B25G47_exp3A,1,B25G47_day1_exp3A,B25G47_3A_day1.JPG,0.38025,B25G47_day11_exp3A,B25G47_3A_day11.JPG,0.49938,0.313293886,0.11913
3,A,3A,N,0,control,N_0,30,F,S,F_S,239,CNTRL_30_F_S,B25G46,B25G46_exp3A,1,B25G46_day1_exp3A,B25G46_3A_day1.JPG,0.35705,B25G46_day11_exp3A,B25G46_3A_day11.JPG,0.36119,0.011595015,0.00414
3,A,3A,N,0,control,N_0,30,S,A,S_A,239,CNTRL_30_S_A,B26G51,B26G51_exp3A,1,B26G51_day1_exp3A,B26G51_3A_day1.JPG,0.32396,B26G51_day11_exp3A,B26G51_3A_day11.JPG,0.42443,0.31013088,0.10047
3,A,3A,N,0,control,N_0,30,S,A,S_A,237,CNTRL_30_S_A,B26G50,B26G50_exp3A,1,B26G50_day1_exp3A,B26G50_3A_day1.JPG,0.3905,B26G50_day11_exp3A,B26G50_3A_day11.JPG,0.37068,-0.050755442,-0.01982
3,A,3A,N,0,control,N_0,30,S,A,S_A,237,CNTRL_30_S_A,B26G49,B26G49_exp3A,1,B26G49_day1_exp3A,B26G49_3A_day1.JPG,0.36487,B26G49_day11_exp3A,B26G49_3A_day11.JPG,0.34303,-0.059856935,-0.02184
3,A,3A,N,0,control,N_0,30,S,S,S_S,241,CNTRL_30_S_S,B26G52,B26G52_exp3A,1,B26G52_day1_exp3A,B26G52_3A_day1.JPG,0.43386,B26G52_day11_exp3A,B26G52_3A_day11.JPG,0.45249,0.042940119,0.01863
3,A,3A,N,0,control,N_0,30,S,S,S_S,235,CNTRL_30_S_S,B28G58,B28G58_exp3A,1,B28G58_day1_exp3A,B28G58_3A_day1.JPG,0.2019,B28G58_day11_exp3A,B28G58_3A_day11.JPG,0.1955,-0.031698861,-0.0064
3,B,3B,N,0,control,N_0,20,F,A,F_A,238,CNTRL_20_F_A,O1B1,O1B1_exp3B,1,O1B1_day1_exp3B,O1B1_3B_day1.JPG,0.25803,O1B1_day11_exp3B,O1B1_3B_day11.JPG,0.2566,-0.005541991,-0.00143
3,B,3B,N,0,control,N_0,20,F,S,F_S,251,CNTRL_20_F_S,O1B3,O1B3_exp3B,1,O1B3_day1_exp3B,O1B3_3B_day1.JPG,0.42489,O1B3_day11_exp3B,O1B3_3B_day11.JPG,0.42409,-0.00188284,-0.0008
3,B,3B,N,0,control,N_0,20,F,S,F_S,245,CNTRL_20_F_S,O1B4,O1B4_exp3B,1,O1B4_day1_exp3B,O1B4_3B_day1.JPG,0.47072,O1B4_day11_exp3B,O1B4_3B_day11.JPG,0.40797,-0.133306424,-0.06275
3,B,3B,N,0,control,N_0,20,F,S,F_S,242,CNTRL_20_F_S,O1B2,O1B2_exp3B,1,O1B2_day1_exp3B,O1B2_3B_day1.JPG,0.33126,O1B2_day11_exp3B,O1B2_3B_day11.JPG,0.3339,0.007969571,0.00264
3,B,3B,N,0,control,N_0,20,S,A,S_A,238,CNTRL_20_S_A,O2B7,O2B7_exp3B,1,O2B7_day1_exp3B,O2B7_3B_day1.JPG,0.34012,O2B7_day11_exp3B,O2B7_3B_day11.JPG,0.34724,0.020933788,0.00712
3,B,3B,N,0,control,N_0,20,S,A,S_A,257,CNTRL_20_S_A,O2B12,O2B12_exp3B,1,O2B12_day1_exp3B,O2B12_3B_day1.JPG,0.39353,O2B12_day11_exp3B,O2B12_3B_day11.JPG,0.33232,-0.155540874,-0.06121
3,B,3B,N,0,control,N_0,20,S,S,S_S,252,CNTRL_20_S_S,O22W48,O22W48_exp3B,1,O22W48_day1_exp3B,O22W48_3B_day1.JPG,0.46767,O22W48_day11_exp3B,O22W48_3B_day11.JPG,0.53906,0.152650373,0.07139
3,B,3B,N,0,control,N_0,20,S,S,S_S,249,CNTRL_20_S_S,O2B10,O2B10_exp3B,1,O2B10_day1_exp3B,O2B10_3B_day1.JPG,0.42305,O2B10_day11_exp3B,O2B10_3B_day11.JPG,0.33128,-0.216924713,-0.09177
3,B,3B,N,0,control,N_0,20,S,S,S_S,252,CNTRL_20_S_S,O2B11,O2B11_exp3B,1,O2B11_day1_exp3B,O2B11_3B_day1.JPG,0.3855,O2B11_day11_exp3B,O2B11_3B_day11.JPG,0.30338,-0.213022049,-0.08212
3,B,3B,N,0,control,N_0,30,F,A,F_A,249,CNTRL_30_F_A,W17O83,W17O83_exp3B,1,W17O83_day1_exp3B,W16O77_3B_day1.JPG,0.55486,W17O83_day11_exp3B,W16O77_3B_day11.JPG,0.53012,-0.044587824,-0.02474
3,B,3B,N,0,control,N_0,30,F,A,F_A,238,CNTRL_30_F_A,W1O1,W1O1_exp3B,1,W1O1_day1_exp3B,W17O78_3B_day1.JPG,0.35796,W1O1_day11_exp3B,W1O1_3B_day11.JPG,0.34167,-0.045507878,-0.01629
3,B,3B,N,0,control,N_0,30,F,S,F_S,251,CNTRL_30_F_S,W1O3,W1O3_exp3B,1,W1O3_day1_exp3B,W17O80_3B_day1.JPG,0.52119,W1O3_day11_exp3B,W1O3_3B_day11.JPG,0.36925,-0.291525164,-0.15194
3,B,3B,N,0,control,N_0,30,F,S,F_S,245,CNTRL_30_F_S,W1O4,W1O4_exp3B,1,W1O4_day1_exp3B,W17O82_3B_day1.JPG,0.37321,W1O4_day11_exp3B,W1O4_3B_day11.JPG,0.35693,-0.043621554,-0.01628
3,B,3B,N,0,control,N_0,30,F,S,F_S,242,CNTRL_30_F_S,W1O2,W1O2_exp3B,1,W1O2_day1_exp3B,W17O79_3B_day1.JPG,0.32316,W1O2_day11_exp3B,W1O2_3B_day11.JPG,0.25824,-0.200891199,-0.06492
3,B,3B,N,0,control,N_0,30,S,A,S_A,243,CNTRL_30_S_A,W2O12,W2O12_exp3B,1,W2O12_day1_exp3B,W2O12_3B_day1.JPG,0.51222,W2O12_day11_exp3B,W2O12_3B_day11.JPG,0.45898,-0.103939713,-0.05324
3,B,3B,N,0,control,N_0,30,S,A,S_A,238,CNTRL_30_S_A,W2O7,W2O7_exp3B,1,W2O7_day1_exp3B,W2O7_3B_day1.JPG,0.38724,W2O7_day11_exp3B,W2O7_3B_day11.JPG,0.38966,0.006249354,0.00242
3,B,3B,N,0,control,N_0,30,S,S,S_S,252,CNTRL_30_S_S,W2O11,W2O11_exp3B,1,W2O11_day1_exp3B,W2O11_3B_day1.JPG,0.50221,W2O11_day11_exp3B,W2O11_3B_day11.JPG,0.62569,0.24587324,0.12348
3,B,3B,N,0,control,N_0,30,S,S,S_S,250,CNTRL_30_S_S,W2O10,W2O10_exp3B,1,W2O10_day1_exp3B,W2O10_3B_day1.JPG,0.40744,W2O10_day11_exp3B,W2O10_3B_day11.JPG,0.41135,0.009596505,0.00391
3,B,3B,N,0,control,N_0,30,S,S,S_S,252,CNTRL_30_S_S,W20O88,W20O88_exp3B,1,W20O88_day1_exp3B,W20O88_3B_day1.JPG,0.46097,W20O88_day11_exp3B,W20O88_3B_day11.JPG,0.39486,-0.143414973,-0.06611
1,A,1A,N,1.5,nutrient,N_1.5,20,F,A,F_A,150,N_1.5_20_F_A,G29Y71,G29Y71_exp1A,1,G29Y71_day1_exp1A,G29Y71_1A_day1.JPG,0.38521,G29Y71_day11_exp1A,G29Y71_1A_day11.JPG,0.59284,0.539004699,0.20763
1,A,1A,N,1.5,nutrient,N_1.5,20,F,A,F_A,168,N_1.5_20_F_A,G29Y70,G29Y70_exp1A,1,G29Y70_day1_exp1A,G29Y70_1A_day1.JPG,0.33165,G29Y70_day11_exp1A,G29Y70_1A_day11.JPG,0.39036,0.177023971,0.05871
1,A,1A,N,1.5,nutrient,N_1.5,20,F,S,F_S,142,N_1.5_20_F_S,G29Y72,G29Y72_exp1A,1,G29Y72_day1_exp1A,G29Y72_1A_day1.JPG,0.37253,G29Y72_day11_exp1A,G29Y72_1A_day11.JPG,0.35058,-0.058921429,-0.02195
1,A,1A,N,1.5,nutrient,N_1.5,20,F,S,F_S,147,N_1.5_20_F_S,G29Y73,G29Y73_exp1A,1,G29Y73_day1_exp1A,G29Y73_1A_day1.JPG,0.45222,G29Y73_day11_exp1A,G29Y73_1A_day11.JPG,0.32163,-0.288775375,-0.13059
1,A,1A,N,1.5,nutrient,N_1.5,20,F,S,F_S,153,N_1.5_20_F_S,G29Y74,G29Y74_exp1A,1,G29Y74_day1_exp1A,G29Y74_1A_day1.JPG,0.33748,G29Y74_day11_exp1A,G29Y74_1A_day11.JPG,0.26899,-0.20294536,-0.06849
1,A,1A,N,1.5,nutrient,N_1.5,20,S,A,S_A,150,N_1.5_20_S_A,G31Y82,G31Y82_exp1A,1,G31Y82_day1_exp1A,G31Y82_1A_day1.JPG,0.40528,G31Y82_day11_exp1A,G31Y82_1A_day11.JPG,0.41603,0.026524872,0.01075
1,A,1A,N,1.5,nutrient,N_1.5,20,S,A,S_A,168,N_1.5_20_S_A,G31Y80,G31Y80_exp1A,1,G31Y80_day1_exp1A,G31Y80_1A_day1.JPG,0.30867,G31Y80_day11_exp1A,G31Y80_1A_day11.JPG,0.3333,0.079793955,0.02463
1,A,1A,N,1.5,nutrient,N_1.5,20,S,S,S_S,160,N_1.5_20_S_S,G31Y84,G31Y84_exp1A,1,G31Y84_day1_exp1A,G31Y84_1A_day1.JPG,0.57308,G31Y84_day11_exp1A,G31Y84_1A_day11.JPG,0.4866,-0.150903888,-0.08648
1,A,1A,N,1.5,nutrient,N_1.5,20,S,S,S_S,157,N_1.5_20_S_S,G31Y85,G31Y85_exp1A,1,G31Y85_day1_exp1A,G31Y85_1A_day1.JPG,0.54457,G31Y85_day11_exp1A,G31Y85_1A_day11.JPG,0.48173,-0.115393797,-0.06284
1,A,1A,N,1.5,nutrient,N_1.5,20,S,S,S_S,150,N_1.5_20_S_S,G31Y83,G31Y83_exp1A,1,G31Y83_day1_exp1A,G31Y83_1A_day1.JPG,0.47567,G31Y83_day11_exp1A,G31Y83_1A_day11.JPG,0.4308,-0.094330103,-0.04487
1,A,1A,N,1.5,nutrient,N_1.5,30,F,A,F_A,150,N_1.5_30_F_A,G28Y63,G28Y63_exp1A,1,G28Y63_day1_exp1A,G27Y56_1A_day1.JPG,0.35974,G28Y63_day11_exp1A,G28Y63_1A_day11.JPG,0.46213,0.284622227,0.10239
1,A,1A,N,1.5,nutrient,N_1.5,30,F,A,F_A,168,N_1.5_30_F_A,G28Y62,G28Y62_exp1A,1,G28Y62_day1_exp1A,G27Y55_1A_day1.JPG,0.25675,G28Y62_day11_exp1A,G28Y62_1A_day11.JPG,0.32224,0.255073028,0.06549
1,A,1A,N,1.5,nutrient,N_1.5,30,F,S,F_S,142,N_1.5_30_F_S,G28Y64,G28Y64_exp1A,1,G28Y64_day1_exp1A,G27Y57_1A_day1.JPG,0.55867,G28Y64_day11_exp1A,G28Y64_1A_day11.JPG,0.44362,-0.205935525,-0.11505
1,A,1A,N,1.5,nutrient,N_1.5,30,F,S,F_S,148,N_1.5_30_F_S,G28Y65,G28Y65_exp1A,1,G28Y65_day1_exp1A,G27Y58_1A_day1.JPG,0.33064,G28Y65_day11_exp1A,G28Y65_1A_day11.JPG,0.3551,0.07397774,0.02446
1,A,1A,N,1.5,nutrient,N_1.5,30,F,S,F_S,153,N_1.5_30_F_S,G28Y67,G28Y67_exp1A,1,G28Y67_day1_exp1A,G27Y59_1A_day1.JPG,0.57476,G28Y67_day11_exp1A,G28Y67_1A_day11.JPG,0.30158,-0.475294036,-0.27318
1,A,1A,N,1.5,nutrient,N_1.5,30,S,A,S_A,151,N_1.5_30_S_A,G25Y46,G25Y46_exp1A,1,G25Y46_day1_exp1A,G25Y46_1A_day1.JPG,0.42208,G25Y46_day11_exp1A,G25Y46_1A_day11.JPG,0.44109,0.045038855,0.01901
1,A,1A,N,1.5,nutrient,N_1.5,30,S,A,S_A,162,N_1.5_30_S_A,G25Y45,G25Y45_exp1A,1,G25Y45_day1_exp1A,G25Y45_1A_day1.JPG,0.27828,G25Y45_day11_exp1A,G25Y45_1A_day11.JPG,0.30273,0.087861147,0.02445
1,A,1A,N,1.5,nutrient,N_1.5,30,S,S,S_S,155,N_1.5_30_S_S,G25Y48,G25Y48_exp1A,1,G25Y48_day1_exp1A,G25Y48_1A_day1.JPG,0.54739,G25Y48_day11_exp1A,G25Y48_1A_day11.JPG,0.56614,0.034253457,0.01875
1,A,1A,N,1.5,nutrient,N_1.5,30,S,S,S_S,152,N_1.5_30_S_S,G25Y47,G25Y47_exp1A,1,G25Y47_day1_exp1A,G25Y47_1A_day1.JPG,0.54086,G25Y47_day11_exp1A,G25Y47_1A_day11.JPG,0.5327,-0.015087084,-0.00816
1,A,1A,N,1.5,nutrient,N_1.5,30,S,S,S_S,157,N_1.5_30_S_S,G25Y49,G25Y49_exp1A,1,G25Y49_day1_exp1A,G25Y49_1A_day1.JPG,0.34508,G25Y49_day11_exp1A,G25Y49_1A_day11.JPG,0.40154,0.163614234,0.05646
1,B,1B,N,1.5,nutrient,N_1.5,20,F,A,F_A,183,N_1.5_20_F_A,G30Y77,G30Y77_exp1B,1,G30Y77_day1_exp1B,G30Y77_1B_day1.JPG,0.48986,G30Y77_day11_exp1B,G30Y77_1B_day11.JPG,0.51109,0.043338913,0.02123
1,B,1B,N,1.5,nutrient,N_1.5,20,F,A,F_A,163,N_1.5_20_F_A,G30Y75,G30Y75_exp1B,1,G30Y75_day1_exp1B,G30Y75_1B_day1.JPG,0.32025,G30Y75_day11_exp1B,G30Y75_1B_day11.JPG,0.39022,0.218485558,0.06997
1,B,1B,N,1.5,nutrient,N_1.5,20,F,A,F_A,169,N_1.5_20_F_A,G30Y76,G30Y76_exp1B,1,G30Y76_day1_exp1B,G30Y76_1B_day1.JPG,0.3001,G30Y76_day11_exp1B,G30Y76_1B_day11.JPG,0.31425,0.04715095,0.01415
1,B,1B,N,1.5,nutrient,N_1.5,20,F,S,F_S,160,N_1.5_20_F_S,G30Y78,G30Y78_exp1B,1,G30Y78_day1_exp1B,G30Y78_1B_day1.JPG,0.45442,G30Y78_day11_exp1B,G30Y78_1B_day11.JPG,0.69288,0.524756833,0.23846
1,B,1B,N,1.5,nutrient,N_1.5,20,F,S,F_S,171,N_1.5_20_F_S,G30Y79,G30Y79_exp1B,1,G30Y79_day1_exp1B,G30Y79_1B_day1.JPG,0.49973,G30Y79_day11_exp1B,G30Y79_1B_day11.JPG,0.49576,-0.00794429,-0.00397
1,B,1B,N,1.5,nutrient,N_1.5,20,S,A,S_A,171,N_1.5_20_S_A,G34Y4,G34Y4_exp1B,1,G34Y4_day1_exp1B,G34Y4_1B_day1.JPG,0.47333,G34Y4_day11_exp1B,G34Y4_1B_day11.JPG,0.46342,-0.020936767,-0.00991
1,B,1B,N,1.5,nutrient,N_1.5,20,S,A,S_A,166,N_1.5_20_S_A,G34Y3,G34Y3_exp1B,1,G34Y3_day1_exp1B,G34Y3_1B_day1.JPG,0.41916,G34Y3_day11_exp1B,G34Y3_1B_day11.JPG,0.39241,-0.063818112,-0.02675
1,B,1B,N,1.5,nutrient,N_1.5,20,S,A,S_A,184,N_1.5_20_S_A,G34Y5,G34Y5_exp1B,1,G34Y5_day1_exp1B,G34Y5_1B_day1.JPG,0.25124,G34Y5_day11_exp1B,G34Y5_1B_day11.JPG,0.3041,0.210396434,0.05286
1,B,1B,N,1.5,nutrient,N_1.5,20,S,S,S_S,164,N_1.5_20_S_S,G34Y10,G34Y10_exp1B,1,G34Y10_day1_exp1B,G34Y10_1B_day1.JPG,0.34601,G34Y10_day11_exp1B,G34Y10_1B_day11.JPG,0.41695,0.205022976,0.07094
1,B,1B,N,1.5,nutrient,N_1.5,20,S,S,S_S,172,N_1.5_20_S_S,G34Y11,G34Y11_exp1B,1,G34Y11_day1_exp1B,G34Y11_1B_day1.JPG,0.38161,G34Y11_day11_exp1B,G34Y11_1B_day11.JPG,0.40974,0.073714001,0.02813
1,B,1B,N,1.5,nutrient,N_1.5,30,F,A,F_A,183,N_1.5_30_F_A,G23Y2820,G23Y2820_exp1B,1,G23Y2820_day1_exp1B,G23Y28_1B_day1.JPG,0.42152,G23Y2820_day11_exp1B,G23Y2129_1B_day11.JPG,0.46651,0.106732777,0.04499
1,B,1B,N,1.5,nutrient,N_1.5,30,F,A,F_A,170,N_1.5_30_F_A,G23Y1819,G23Y1819_exp1B,1,G23Y1819_day1_exp1B,G23Y18_1B_day1.JPG,0.41295,G23Y1819_day11_exp1B,G23Y0517_1B_day11.JPG,0.46289,0.120934738,0.04994
1,B,1B,N,1.5,nutrient,N_1.5,30,F,A,F_A,165,N_1.5_30_F_A,G23Y5017,G23Y5017_exp1B,1,G23Y5017_day1_exp1B,G23Y5_1B_day1.JPG,0.44,G23Y5017_day11_exp1B,G23Y3130_1B_day11.JPG,0.32848,-0.253454545,-0.11152
1,B,1B,N,1.5,nutrient,N_1.5,30,F,S,F_S,171,N_1.5_30_F_S,G23Y3130,G23Y3130_exp1B,1,G23Y3130_day1_exp1B,G23Y31_1B_day1.JPG,0.40352,G23Y3130_day11_exp1B,G23Y2820_1B_day11.JPG,0.51037,0.264794806,0.10685
1,B,1B,N,1.5,nutrient,N_1.5,30,F,S,F_S,161,N_1.5_30_F_S,G23Y2129,G23Y2129_exp1B,1,G23Y2129_day1_exp1B,G23Y21_1B_day1.JPG,0.41414,G23Y2129_day11_exp1B,G23Y1819_1B_day11.JPG,0.47756,0.15313662,0.06342
1,B,1B,N,1.5,nutrient,N_1.5,30,S,A,S_A,171,N_1.5_30_S_A,G24Y41,G24Y41_exp1B,1,G24Y41_day1_exp1B,G24Y41_1B_day1.JPG,0.43474,G24Y41_day11_exp1B,G24Y41_1B_day11.JPG,0.45057,0.036412568,0.01583
1,B,1B,N,1.5,nutrient,N_1.5,30,S,A,S_A,166,N_1.5_30_S_A,G24Y40,G24Y40_exp1B,1,G24Y40_day1_exp1B,G24Y40_1B_day1.JPG,0.32867,G24Y40_day11_exp1B,G24Y40_1B_day11.JPG,0.38554,0.173030699,0.05687
1,B,1B,N,1.5,nutrient,N_1.5,30,S,A,S_A,184,N_1.5_30_S_A,G24Y42,G24Y42_exp1B,1,G24Y42_day1_exp1B,G24Y42_1B_day1.JPG,0.22565,G24Y42_day11_exp1B,G24Y42_1B_day11.JPG,0.24271,0.075603811,0.01706
1,B,1B,N,1.5,nutrient,N_1.5,30,S,S,S_S,165,N_1.5_30_S_S,G24Y43,G24Y43_exp1B,1,G24Y43_day1_exp1B,G24Y43_1B_day1.JPG,0.47108,G24Y43_day11_exp1B,G24Y43_1B_day11.JPG,0.50608,0.074297359,0.035
1,B,1B,N,1.5,nutrient,N_1.5,30,S,S,S_S,173,N_1.5_30_S_S,G24Y44,G24Y44_exp1B,1,G24Y44_day1_exp1B,G24Y44_1B_day1.JPG,0.4215,G24Y44_day11_exp1B,G24Y44_1B_day11.JPG,0.3698,-0.122657177,-0.0517
2,A,2A,N,1.5,nutrient,N_1.5,20,F,A,F_A,174,N_1.5_20_F_A,G23Y5017,G23Y5017_exp2A,1,G23Y5017_day1_exp2A,G23Y5017_2A_day1.JPG,0.39082,G23Y1819_day11_exp2A,G23Y17_2A_day11.JPG,0.43765,0.119824983,0.04683
2,A,2A,N,1.5,nutrient,N_1.5,20,F,A,F_A,226,N_1.5_20_F_A,G23Y2820,G23Y2820_exp2A,1,G23Y2820_day1_exp2A,G23Y2820_2A_day1.JPG,0.47551,G23Y3130_day11_exp2A,G23Y29_2A_day11.JPG,0.38743,-0.185232698,-0.08808
2,A,2A,N,1.5,nutrient,N_1.5,20,F,A,F_A,199,N_1.5_20_F_A,G23Y1819,G23Y1819_exp2A,1,G23Y1819_day1_exp2A,G23Y1819_2A_day1.JPG,0.29369,G23Y2129_day11_exp2A,G23Y19_2A_day11.JPG,0.31357,0.067690422,0.01988
2,A,2A,N,1.5,nutrient,N_1.5,20,F,S,F_S,185,N_1.5_20_F_S,G23Y2129,G23Y2129_exp2A,1,G23Y2129_day1_exp2A,G23Y2129_2A_day1.JPG,0.46943,G23Y2820_day11_exp2A,G23Y20_2A_day11.JPG,0.54178,0.154123085,0.07235
2,A,2A,N,1.5,nutrient,N_1.5,20,F,S,F_S,206,N_1.5_20_F_S,G23Y3130,G23Y3130_exp2A,1,G23Y3130_day1_exp2A,G23Y3130_2A_day1.JPG,0.39435,G23Y5017_day11_exp2A,G23Y30_2A_day11.JPG,0.25028,-0.365335362,-0.14407
2,A,2A,N,1.5,nutrient,N_1.5,20,S,A,S_A,187,N_1.5_20_S_A,G24Y40,G24Y40_exp2A,1,G24Y40_day1_exp2A,G24Y40_2A_day1.JPG,0.4497,G24Y40_day11_exp2A,G24Y40_2A_day11.JPG,0.48904,0.087480543,0.03934
2,A,2A,N,1.5,nutrient,N_1.5,20,S,A,S_A,228,N_1.5_20_S_A,G24Y42,G24Y42_exp2A,1,G24Y42_day1_exp2A,G24Y42_2A_day1.JPG,0.32714,G24Y42_day11_exp2A,G24Y42_2A_day11.JPG,0.32568,-0.004462921,-0.00146
2,A,2A,N,1.5,nutrient,N_1.5,20,S,A,S_A,203,N_1.5_20_S_A,G24Y41,G24Y41_exp2A,1,G24Y41_day1_exp2A,G24Y41_2A_day1.JPG,0.32358,G24Y41_day11_exp2A,G24Y41_2A_day11.JPG,0.2811,-0.131281291,-0.04248
2,A,2A,N,1.5,nutrient,N_1.5,20,S,S,S_S,208,N_1.5_20_S_S,G24Y44,G24Y44_exp2A,1,G24Y44_day1_exp2A,G24Y44_2A_day1.JPG,0.33497,G24Y44_day11_exp2A,G24Y44_2A_day11.JPG,0.35169,0.049914918,0.01672
2,A,2A,N,1.5,nutrient,N_1.5,20,S,S,S_S,186,N_1.5_20_S_S,G24Y43,G24Y43_exp2A,1,G24Y43_day1_exp2A,G24Y43_2A_day1.JPG,0.37408,G24Y43_day11_exp2A,G24Y43_2A_day11.JPG,0.33627,-0.101074636,-0.03781
2,A,2A,N,1.5,nutrient,N_1.5,30,F,A,F_A,186,N_1.5_30_F_A,G33Y94,G33Y94_exp2A,1,G33Y94_day1_exp2A,G33Y94_2A_day1.JPG,0.40201,G33Y94_day11_exp2A,G33Y94_2A_day11.JPG,0.45657,0.135718017,0.05456
2,A,2A,N,1.5,nutrient,N_1.5,30,F,A,F_A,201,N_1.5_30_F_A,G33Y95,G33Y95_exp2A,1,G33Y95_day1_exp2A,G33Y95_2A_day1.JPG,0.28251,G33Y95_day11_exp2A,G33Y95_2A_day11.JPG,0.40741,0.442108244,0.1249
2,A,2A,N,1.5,nutrient,N_1.5,30,F,A,F_A,227,N_1.5_30_F_A,G33Y97,G33Y97_exp2A,1,G33Y97_day1_exp2A,G33Y97_2A_day1.JPG,0.20956,G33Y97_day11_exp2A,G33Y97_2A_day11.JPG,0.19326,-0.077782019,-0.0163
2,A,2A,N,1.5,nutrient,N_1.5,30,F,S,F_S,206,N_1.5_30_F_S,G33Y1,G33Y1_exp2A,1,G33Y1_day1_exp2A,G33Y100_2A_day1.JPG,0.37337,G33Y1_day11_exp2A,G33Y100_2A_day11.JPG,0.36625,-0.019069556,-0.00712
2,A,2A,N,1.5,nutrient,N_1.5,30,F,S,F_S,185,N_1.5_30_F_S,G33Y100,G33Y100_exp2A,1,G33Y100_day1_exp2A,G33Y1_2A_day1.JPG,0.29159,G33Y100_day11_exp2A,G33Y1_2A_day11.JPG,0.3542,0.214719298,0.06261
2,A,2A,N,1.5,nutrient,N_1.5,30,S,A,S_A,193,N_1.5_30_S_A,G34Y3,G34Y3_exp2A,1,G34Y3_day1_exp2A,G34Y3_2A_day1.JPG,0.45418,G34Y3_day11_exp2A,G34Y3_2A_day11.JPG,0.58098,0.279184464,0.1268
2,A,2A,N,1.5,nutrient,N_1.5,30,S,A,S_A,207,N_1.5_30_S_A,G34Y4,G34Y4_exp2A,1,G34Y4_day1_exp2A,G34Y4_2A_day1.JPG,0.55005,G34Y4_day11_exp2A,G34Y4_2A_day11.JPG,0.5102,-0.072447959,-0.03985
2,A,2A,N,1.5,nutrient,N_1.5,30,S,A,S_A,230,N_1.5_30_S_A,G34Y5,G34Y5_exp2A,1,G34Y5_day1_exp2A,G34Y5_2A_day1.JPG,0.46475,G34Y5_day11_exp2A,G34Y5_2A_day11.JPG,0.42886,-0.077224314,-0.03589
2,A,2A,N,1.5,nutrient,N_1.5,30,S,S,S_S,198,N_1.5_30_S_S,G34Y10,G34Y10_exp2A,1,G34Y10_day1_exp2A,G34Y10_2A_day1.JPG,0.50252,G34Y10_day11_exp2A,G34Y10_2A_day11.JPG,0.46773,-0.069231075,-0.03479
2,A,2A,N,1.5,nutrient,N_1.5,30,S,S,S_S,211,N_1.5_30_S_S,G34Y11,G34Y11_exp2A,1,G34Y11_day1_exp2A,G34Y11_2A_day1.JPG,0.37193,G34Y11_day11_exp2A,G34Y11_2A_day11.JPG,0.4056,0.090527787,0.03367
2,B,2B,N,1.5,nutrient,N_1.5,20,F,A,F_A,157,N_1.5_20_F_A,G25Y45,G25Y45_exp2B,1,G25Y45_day1_exp2B,G25Y45_2B_day1.JPG,0.53314,G25Y45_day11_exp2B,G25Y45_2B_day11.JPG,0.512,-0.039651874,-0.02114
2,B,2B,N,1.5,nutrient,N_1.5,20,F,A,F_A,184,N_1.5_20_F_A,G25Y46,G25Y46_exp2B,1,G25Y46_day1_exp2B,G25Y46_2B_day1.JPG,0.28063,G25Y46_day11_exp2B,G25Y46_2B_day11.JPG,0.25883,-0.077682358,-0.0218
2,B,2B,N,1.5,nutrient,N_1.5,20,F,S,F_S,223,N_1.5_20_F_S,G25Y49,G25Y49_exp2B,1,G25Y49_day1_exp2B,G25Y49_2B_day1.JPG,0.38775,G25Y49_day11_exp2B,G25Y49_2B_day11.JPG,0.40449,0.043172147,0.01674
2,B,2B,N,1.5,nutrient,N_1.5,20,F,S,F_S,171,N_1.5_20_F_S,G25Y47,G25Y47_exp2B,1,G25Y47_day1_exp2B,G25Y47_2B_day1.JPG,0.31928,G25Y47_day11_exp2B,G25Y47_2B_day11.JPG,0.28144,-0.118516662,-0.03784
2,B,2B,N,1.5,nutrient,N_1.5,20,F,S,F_S,205,N_1.5_20_F_S,G25Y48,G25Y48_exp2B,1,G25Y48_day1_exp2B,G25Y48_2B_day1.JPG,0.27312,G25Y48_day11_exp2B,G25Y48_2B_day11.JPG,0.20952,-0.232864675,-0.0636
2,B,2B,N,1.5,nutrient,N_1.5,20,S,A,S_A,185,N_1.5_20_S_A,G27Y57,G27Y57_exp2B,1,G27Y57_day1_exp2B,G27Y57_2B_day1.JPG,0.38047,G27Y57_day11_exp2B,G27Y57_2B_day11.JPG,0.42719,0.12279549,0.04672
2,B,2B,N,1.5,nutrient,N_1.5,20,S,A,S_A,206,N_1.5_20_S_A,G27Y56,G27Y56_exp2B,1,G27Y56_day1_exp2B,G27Y56_2B_day1.JPG,0.35757,G27Y56_day11_exp2B,G27Y56_2B_day11.JPG,0.37934,0.060883184,0.02177
2,B,2B,N,1.5,nutrient,N_1.5,20,S,S,S_S,169,N_1.5_20_S_S,G27Y55,G27Y55_exp2B,1,G27Y55_day1_exp2B,G27Y55_2B_day1.JPG,0.49507,G27Y55_day11_exp2B,G27Y55_2B_day11.JPG,0.50331,0.016644111,0.00824
2,B,2B,N,1.5,nutrient,N_1.5,20,S,S,S_S,225,N_1.5_20_S_S,G27Y59,G27Y59_exp2B,1,G27Y59_day1_exp2B,G27Y59_2B_day1.JPG,0.34338,G27Y59_day11_exp2B,G27Y59_2B_day11.JPG,0.37885,0.103296639,0.03547
2,B,2B,N,1.5,nutrient,N_1.5,20,S,S,S_S,208,N_1.5_20_S_S,G27Y58,G27Y58_exp2B,1,G27Y58_day1_exp2B,G27Y58_2B_day1.JPG,0.38222,G27Y58_day11_exp2B,G27Y58_2B_day11.JPG,0.35343,-0.075323112,-0.02879
2,B,2B,N,1.5,nutrient,N_1.5,30,F,A,F_A,175,N_1.5_30_F_A,G26Y52,G26Y52_exp2B,1,G26Y52_day1_exp2B,G26Y53_2B_day1(1).JPG,0.50156,G26Y52_day11_exp2B,G26Y52_2B_day11.JPG,0.49062,-0.021811947,-0.01094
2,B,2B,N,1.5,nutrient,N_1.5,30,F,A,F_A,196,N_1.5_30_F_A,G26Y51,G26Y51_exp2B,1,G26Y51_day1_exp2B,G26Y51_2B_day1.JPG,0.29316,G26Y51_day11_exp2B,G26Y51_2B_day11.JPG,0.26607,-0.092406877,-0.02709
2,B,2B,N,1.5,nutrient,N_1.5,30,F,S,F_S,223,N_1.5_30_F_S,G26Y54,G26Y54_exp2B,1,G26Y54_day1_exp2B,G26Y54_2B_day1.JPG,0.53932,G26Y54_day11_exp2B,G26Y54_2B_day11.JPG,0.55679,0.032392643,0.01747
2,B,2B,N,1.5,nutrient,N_1.5,30,F,S,F_S,167,N_1.5_30_F_S,G26Y50,G26Y50_exp2B,1,G26Y50_day1_exp2B,G26Y50_2B_day1.JPG,0.5026,G26Y50_day11_exp2B,G26Y50_2B_day11.JPG,0.43444,-0.135614803,-0.06816
2,B,2B,N,1.5,nutrient,N_1.5,30,F,S,F_S,206,N_1.5_30_F_S,G26Y53,G26Y53_exp2B,1,G26Y53_day1_exp2B,G26Y53_2B_day1.JPG,0.34752,G26Y53_day11_exp2B,G26Y53_2B_day11.JPG,0.2623,-0.245223297,-0.08522
2,B,2B,N,1.5,nutrient,N_1.5,30,S,A,S_A,170,N_1.5_30_S_A,G28Y62,G28Y62_exp2B,1,G28Y62_day1_exp2B,G28Y62_2B_day1.JPG,0.46087,G28Y62_day11_exp2B,G28Y62_2B_day11.JPG,0.51464,0.116670645,0.05377
2,B,2B,N,1.5,nutrient,N_1.5,30,S,A,S_A,212,N_1.5_30_S_A,G28Y63,G28Y63_exp2B,1,G28Y63_day1_exp2B,G28Y63_2B_day1.JPG,0.41498,G28Y63_day11_exp2B,G28Y63_2B_day11.JPG,0.34727,-0.16316449,-0.06771
2,B,2B,N,1.5,nutrient,N_1.5,30,S,S,S_S,208,N_1.5_30_S_S,G28Y65,G28Y65_exp2B,1,G28Y65_day1_exp2B,G28Y65_2B_day1.JPG,0.54165,G28Y65_day11_exp2B,G28Y65_2B_day11.JPG,0.55027,0.015914336,0.00862
2,B,2B,N,1.5,nutrient,N_1.5,30,S,S,S_S,188,N_1.5_30_S_S,G28Y64,G28Y64_exp2B,1,G28Y64_day1_exp2B,G28Y64_2B_day1.JPG,0.37724,G28Y64_day11_exp2B,G28Y64_2B_day11.JPG,0.37982,0.006839147,0.00258
2,B,2B,N,1.5,nutrient,N_1.5,30,S,S,S_S,225,N_1.5_30_S_S,G28Y67,G28Y67_exp2B,1,G28Y67_day1_exp2B,G28Y67_2B_day1.JPG,0.31516,G28Y67_day11_exp2B,G28Y67_2B_day11.JPG,0.33953,0.077325803,0.02437
3,A,3A,N,1.5,nutrient,N_1.5,20,F,A,F_A,237,N_1.5_20_F_A,G23Y2129,G23Y2129_exp3A,1,G23Y2129_day1_exp3A,G23Y19_3A_day1.JPG,0.44027,G23Y2129_day11_exp3A,G23Y19_3A_day11.JPG,0.44803,0.017625548,0.00776
3,A,3A,N,1.5,nutrient,N_1.5,20,F,A,F_A,223,N_1.5_20_F_A,G23Y1819,G23Y1819_exp3A,1,G23Y1819_day1_exp3A,G23Y17_3A_day1.JPG,0.35818,G23Y1819_day11_exp3A,G23Y17_3A_day11.JPG,0.34143,-0.046764197,-0.01675
3,A,3A,N,1.5,nutrient,N_1.5,20,F,A,F_A,237,N_1.5_20_F_A,G23Y2820,G23Y2820_exp3A,1,G23Y2820_day1_exp3A,G23Y20_3A_day1.JPG,0.34505,G23Y2820_day11_exp3A,G23Y20_3A_day11.JPG,0.27724,-0.196522243,-0.06781
3,A,3A,N,1.5,nutrient,N_1.5,20,F,S,F_S,240,N_1.5_20_F_S,G23Y5017,G23Y5017_exp3A,1,G23Y5017_day1_exp3A,G23Y30_3A_day1.JPG,0.39073,G23Y5017_day11_exp3A,G23Y30_3A_day11.JPG,0.36036,-0.077726307,-0.03037
3,A,3A,N,1.5,nutrient,N_1.5,20,F,S,F_S,239,N_1.5_20_F_S,G23Y3130,G23Y3130_exp3A,1,G23Y3130_day1_exp3A,G23Y29_3A_day1.JPG,0.26144,G23Y3130_day11_exp3A,G23Y29_3A_day11.JPG,0.35941,0.374732252,0.09797
3,A,3A,N,1.5,nutrient,N_1.5,20,S,S,S_S,230,N_1.5_20_S,G24Y44,G24Y44_exp3A,1,G24Y44_day1_exp3A,G24Y44_3A_day1.JPG,0.26233,G24Y44_day11_exp3A,G24Y44_3A_day11.JPG,0.34475,0.314184424,0.08242
3,A,3A,N,1.5,nutrient,N_1.5,20,S,A,S_A,237,N_1.5_20_S_A,G24Y41,G24Y41_exp3A,1,G24Y41_day1_exp3A,G24Y41_3A_day1.JPG,0.36106,G24Y41_day11_exp3A,G24Y41_3A_day11.JPG,0.4083,0.13083698,0.04724
3,A,3A,N,1.5,nutrient,N_1.5,20,S,A,S_A,237,N_1.5_20_S_A,G24Y42,G24Y42_exp3A,1,G24Y42_day1_exp3A,G24Y42_3A_day1.JPG,0.32643,G24Y42_day11_exp3A,G24Y42_3A_day11.JPG,0.33691,0.032104892,0.01048
3,A,3A,N,1.5,nutrient,N_1.5,20,S,A,S_A,227,N_1.5_20_S_A,G24Y40,G24Y40_exp3A,1,G24Y40_day1_exp3A,G24Y40_3A_day1.JPG,0.25913,G24Y40_day11_exp3A,G24Y40_3A_day11.JPG,0.27666,0.067649442,0.01753
3,A,3A,N,1.5,nutrient,N_1.5,20,S,S,S_S,239,N_1.5_20_S_S,G24Y43,G24Y43_exp3A,1,G24Y43_day1_exp3A,G24Y43_3A_day1.JPG,0.36627,G24Y43_day11_exp3A,G24Y43_3A_day11.JPG,0.31562,-0.138285964,-0.05065
3,A,3A,N,1.5,nutrient,N_1.5,30,F,A,F_A,237,N_1.5_30_F_A,G33Y94,G33Y94_exp3A,1,G33Y94_day1_exp3A,G33Y94_3A_day1.JPG,0.3255,G33Y94_day11_exp3A,G33Y94_3A_day11.JPG,0.38858,0.193794163,0.06308
3,A,3A,N,1.5,nutrient,N_1.5,30,F,A,F_A,226,N_1.5_30_F_A,G33Y1,G33Y1_exp3A,1,G33Y1_day1_exp3A,G33Y1_3A_day1.JPG,0.42794,G33Y1_day11_exp3A,G33Y100_3A_day11.JPG,0.38737,-0.09480301,-0.04057
3,A,3A,N,1.5,nutrient,N_1.5,30,F,A,F_A,237,N_1.5_30_F_A,G33Y95,G33Y95_exp3A,1,G33Y95_day1_exp3A,G33Y95_3A_day1.JPG,0.38666,G33Y95_day11_exp3A,G33Y95_3A_day11.JPG,0.31351,-0.189184296,-0.07315
3,A,3A,N,1.5,nutrient,N_1.5,30,F,S,F_S,240,N_1.5_30_F_S,G33Y100,G33Y100_exp3A,1,G33Y100_day1_exp3A,G33Y100_3A_day1.JPG,0.34356,G33Y100_day11_exp3A,G33Y1_3A_day11.JPG,0.47889,0.393904995,0.13533
3,A,3A,N,1.5,nutrient,N_1.5,30,F,S,F_S,239,N_1.5_30_F_S,G33Y97,G33Y97_exp3A,1,G33Y97_day1_exp3A,G33Y97_3A_day1.JPG,0.42279,G33Y97_day11_exp3A,G33Y97_3A_day11.JPG,0.44491,0.052319118,0.02212
3,A,3A,N,1.5,nutrient,N_1.5,30,S,A,S_A,230,N_1.5_30_S_A,G34Y3,G34Y3_exp3A,1,G34Y3_day1_exp3A,G34Y3_3A_day1.JPG,0.34312,G34Y3_day11_exp3A,G34Y3_3A_day11.JPG,0.37071,0.080409186,0.02759
3,A,3A,N,1.5,nutrient,N_1.5,30,S,A,S_A,237,N_1.5_30_S_A,G34Y4,G34Y4_exp3A,1,G34Y4_day1_exp3A,G34Y4_3A_day1.JPG,0.33969,G34Y4_day11_exp3A,G34Y4_3A_day11.JPG,0.28806,-0.151991522,-0.05163
3,A,3A,N,1.5,nutrient,N_1.5,30,S,S,S_S,241,N_1.5_30_S_S,G34Y11,G34Y11_exp3A,1,G34Y11_day1_exp3A,G34Y11_3A_day1.JPG,0.3893,G34Y11_day11_exp3A,G34Y11_3A_day11.JPG,0.38644,-0.007346519,-0.00286
3,A,3A,N,1.5,nutrient,N_1.5,30,S,S,S_S,239,N_1.5_30_S_S,G34Y10,G34Y10_exp3A,1,G34Y10_day1_exp3A,G34Y10_3A_day1.JPG,0.32284,G34Y10_day11_exp3A,G34Y10_3A_day11.JPG,0.24839,-0.23060959,-0.07445
3,B,3B,N,1.5,nutrient,N_1.5,20,F,A,F_A,250,N_1.5_20_F_A,O4B25,O4B25_exp3B,1,O4B25_day1_exp3B,O4B25_3B_day1.JPG,0.44919,O4B25_day11_exp3B,O4B25_3B_day11.JPG,0.41233,-0.082058817,-0.03686
3,B,3B,N,1.5,nutrient,N_1.5,20,F,A,F_A,238,N_1.5_20_F_A,O5G2,O5G2_exp3B,1,O5G2_day1_exp3B,O5G2_3B_day1.JPG,0.32173,O5G2_day11_exp3B,O5W2_3B_day11.JPG,0.38218,0.187890467,0.06045
3,B,3B,N,1.5,nutrient,N_1.5,20,F,S,F_S,251,N_1.5_20_F_S,O5G4,O5G4_exp3B,1,O5G4_day1_exp3B,O5G4_3B_day1.JPG,0.54591,O5G4_day11_exp3B,O5W4_3B_day11.JPG,0.52769,-0.033375465,-0.01822
3,B,3B,N,1.5,nutrient,N_1.5,20,F,S,F_S,242,N_1.5_20_F_S,O5G3,O5G3_exp3B,1,O5G3_day1_exp3B,O5G3_3B_day1.JPG,0.45061,O5G3_day11_exp3B,O5W3_3B_day11.JPG,0.51918,0.152171501,0.06857
3,B,3B,N,1.5,nutrient,N_1.5,20,F,S,F_S,245,N_1.5_20_F_S,O5G5,O5G5_exp3B,1,O5G5_day1_exp3B,O5G5_3B_day1.JPG,0.41133,O5G5_day11_exp3B,O5W5_3B_day11.JPG,0.45131,0.097196898,0.03998
3,B,3B,N,1.5,nutrient,N_1.5,20,S,A,S_A,256,N_1.5_20_S_A,O5G7,O5G7_exp3B,1,O5G7_day1_exp3B,O5G7_3B_day1.JPG,0.49881,O5G7_day11_exp3B,O5W7_3B_day11.JPG,0.6603,0.323750526,0.16149
3,B,3B,N,1.5,nutrient,N_1.5,20,S,A,S_A,257,N_1.5_20_S_A,O8G13,O8G13_exp3B,1,O8G13_day1_exp3B,O8G13_3B_day1.JPG,0.53212,O8G13_day11_exp3B,O8W13_3B_day11.JPG,0.52775,-0.008212433,-0.00437
3,B,3B,N,1.5,nutrient,N_1.5,20,S,S,S_S,249,N_1.5_20_S_S,O8G11,O8G11_exp3B,1,O8G11_day1_exp3B,O8G11_3B_day1.JPG,0.54861,O8G11_day11_exp3B,O8W11_3B_day11.JPG,0.51524,-0.060826452,-0.03337
3,B,3B,N,1.5,nutrient,N_1.5,20,S,S,S_S,252,N_1.5_20_S_S,O8G12,O8G12_exp3B,1,O8G12_day1_exp3B,O8G12_3B_day1.JPG,0.44194,O8G12_day11_exp3B,O8W12_3B_day11.JPG,0.41365,-0.064013214,-0.02829
3,B,3B,N,1.5,nutrient,N_1.5,20,S,S,S_S,244,N_1.5_20_S_S,O8G10,O8G10_exp3B,1,O8G10_day1_exp3B,O8G10_3B_day1.JPG,0.31441,O8G10_day11_exp3B,O8W10_3B_day11.JPG,0.33801,0.075061226,0.0236
3,B,3B,N,1.5,nutrient,N_1.5,30,F,A,F_A,256,N_1.5_30_F_A,W5O28,W5O28_exp3B,1,W5O28_day1_exp3B,W5O28_3B_day1.JPG,0.50143,W5O28_day11_exp3B,W5O28_3B_day11.JPG,0.47643,-0.049857408,-0.025
3,B,3B,N,1.5,nutrient,N_1.5,30,F,A,F_A,238,N_1.5_30_F_A,W5O29,W5O29_exp3B,1,W5O29_day1_exp3B,W5O29_3B_day1.JPG,0.33493,W5O29_day11_exp3B,W5O29_3B_day11.JPG,0.35845,0.070223629,0.02352
3,B,3B,N,1.5,nutrient,N_1.5,30,F,S,F_S,252,N_1.5_30_F_S,W4O25,W4O25_exp3B,1,W4O25_day1_exp3B,W4O25_3B_day1.JPG,0.53702,W4O25_day11_exp3B,W4O25_3B_day11.JPG,0.49909,-0.070630517,-0.03793
3,B,3B,N,1.5,nutrient,N_1.5,30,F,S,F_S,251,N_1.5_30_F_S,W5O26,W5O26_exp3B,1,W5O26_day1_exp3B,W5O26_3B_day1.JPG,0.44193,W5O26_day11_exp3B,W5O26_3B_day11.jpg,0.46017,0.041273505,0.01824
3,B,3B,N,1.5,nutrient,N_1.5,30,F,S,F_S,246,N_1.5_30_F_S,W5O27,W5O27_exp3B,1,W5O27_day1_exp3B,W5O27_3B_day1.JPG,0.43341,W5O27_day11_exp3B,W5O27_3B_day11.JPG,0.45219,0.043330795,0.01878
3,B,3B,N,1.5,nutrient,N_1.5,30,S,A,S_A,238,N_1.5_30_S_A,W7O31,W7O31_exp3B,1,W7O31_day1_exp3B,W7O31_3B_day1.JPG,0.42658,W7O31_day11_exp3B,W7O31_3B_day11.JPG,0.33832,-0.206901402,-0.08826
3,B,3B,N,1.5,nutrient,N_1.5,30,S,A,S_A,242,N_1.5_30_S_A,W5O30,W5O30_exp3B,1,W5O30_day1_exp3B,W5O30_3B_day1.JPG,0.40235,W5O30_day11_exp3B,W5O30_3B_day11.JPG,0.31951,-0.205890394,-0.08284
3,B,3B,N,1.5,nutrient,N_1.5,30,S,S,S_S,252,N_1.5_30_S_S,W7O34,W7O34_exp3B,1,W7O34_day1_exp3B,W7O34_3B_day1.JPG,0.5218,W7O34_day11_exp3B,W7O34_3B_day11.JPG,0.50318,-0.03568417,-0.01862
3,B,3B,N,1.5,nutrient,N_1.5,30,S,S,S_S,247,N_1.5_30_S_S,W7O33,W7O33_exp3B,1,W7O33_day1_exp3B,W7O33_3B_day1.JPG,0.36353,W7O33_day11_exp3B,W7O33_3B_day11.JPG,0.49273,0.355403956,0.1292
3,B,3B,N,1.5,nutrient,N_1.5,30,S,S,S_S,244,N_1.5_30_S_S,W7O32,W7O32_exp3B,1,W7O32_day1_exp3B,W7O32_3B_day1.JPG,0.25919,W7O32_day11_exp3B,W7O32_3B_day11.JPG,0.2645,0.020486902,0.00531
1,A,1A,N,5,nutrient,N_5,20,F,A,F_A,150,N_5_20_F_A,Y1B8,Y1B8_exp1A,1,Y1B8_day1_exp1A,Y1B8_1A_day1.JPG,0.34953,Y1B8_day11_exp1A,Y1B8_1A_day11.JPG,0.44542,0.274339828,0.09589
1,A,1A,N,5,nutrient,N_5,20,F,A,F_A,168,N_5_20_F_A,Y1B5,Y1B5_exp1A,1,Y1B5_day1_exp1A,Y1B5_1A_day1.JPG,0.28413,Y1B5_day11_exp1A,Y1B5_1A_day11.JPG,0.34716,0.221835075,0.06303
1,A,1A,N,5,nutrient,N_5,20,F,S,F_S,147,N_5_20_F_S,Y1B11,Y1B11_exp1A,1,Y1B11_day1_exp1A,Y1B11_1A_day1.JPG,0.41588,Y1B11_day11_exp1A,Y1B11_1A_day11.JPG,0.39029,-0.061532173,-0.02559
1,A,1A,N,5,nutrient,N_5,20,F,S,F_S,153,N_5_20_F_S,Y1B12,Y1B12_exp1A,1,Y1B12_day1_exp1A,Y1B12_1A_day1.JPG,0.30919,Y1B12_day11_exp1A,Y1B12_1A_day11.JPG,0.37433,0.210679517,0.06514
1,A,1A,N,5,nutrient,N_5,20,F,S,F_S,142,N_5_20_F_S,Y1B10,Y1B10_exp1A,1,Y1B10_day1_exp1A,Y1B10_1A_day1.JPG,0.29754,Y1B10_day11_exp1A,Y1B10_1A_day11.JPG,0.31786,0.068293339,0.02032
1,A,1A,N,5,nutrient,N_5,20,S,A,S_A,150,N_5_20_S_A,Y10B51,Y10B51_exp1A,1,Y10B51_day1_exp1A,Y10B51_1A_day1.JPG,0.31092,Y10B51_day11_exp1A,Y10B51_1A_day11.JPG,0.39967,0.285443201,0.08875
1,A,1A,N,5,nutrient,N_5,20,S,A,S_A,168,N_5_20_S_A,Y10B50,Y10B50_exp1A,1,Y10B50_day1_exp1A,Y10B50_1A_day1.JPG,0.3779,Y10B50_day11_exp1A,Y10B50_1A_day11.JPG,0.31839,-0.157475523,-0.05951
1,A,1A,N,5,nutrient,N_5,20,S,S,S_S,157,N_5_20_S_S,Y10B54,Y10B54_exp1A,1,Y10B54_day1_exp1A,Y10B54_1A_day1.JPG,0.33873,Y10B54_day11_exp1A,Y10B54_1A_day11.JPG,0.48563,0.433678741,0.1469
1,A,1A,N,5,nutrient,N_5,20,S,S,S_S,154,N_5_20_S_S,Y10B53,Y10B53_exp1A,1,Y10B53_day1_exp1A,Y10B53_1A_day1.JPG,0.4683,Y10B53_day11_exp1A,Y10B53_1A_day11.JPG,0.41632,-0.110997224,-0.05198
1,A,1A,N,5,nutrient,N_5,20,S,S,S_S,151,N_5_20_S_S,Y10B52,Y10B52_exp1A,1,Y10B52_day1_exp1A,Y10B52_1A_day1.JPG,0.41668,Y10B52_day11_exp1A,Y10B52_1A_day11.JPG,0.28326,-0.320197754,-0.13342
1,A,1A,N,5,nutrient,N_5,30,F,A,F_A,168,N_5_30_F_A,Y2B13,Y2B13_exp1A,1,Y2B13_day1_exp1A,Y2B13_1A_day1.JPG,0.50789,Y2B13_day11_exp1A,Y2B13_1A_day11.JPG,0.43789,-0.13782512,-0.07
1,A,1A,N,5,nutrient,N_5,30,F,A,F_A,150,N_5_30_F_A,Y2B14,Y2B14_exp1A,1,Y2B14_day1_exp1A,Y2B14_1A_day1.JPG,0.40848,Y2B14_day11_exp1A,Y2B14_1A_day11.JPG,0.38291,-0.062597924,-0.02557
1,A,1A,N,5,nutrient,N_5,30,F,S,F_S,142,N_5_30_F_S,Y2B15,Y2B15_exp1A,1,Y2B15_day1_exp1A,Y2B15_1A_day1.JPG,0.44306,Y2B15_day11_exp1A,Y2B15_1A_day11.JPG,0.46771,0.055635806,0.02465
1,A,1A,N,5,nutrient,N_5,30,F,S,F_S,149,N_5_30_F_S,Y2B22,Y2B22_exp1A,1,Y2B22_day1_exp1A,Y2B22_1A_day1.JPG,0.39515,Y2B22_day11_exp1A,Y2B22_1A_day11.JPG,0.39796,0.007111224,0.00281
1,A,1A,N,5,nutrient,N_5,30,F,S,F_S,153,N_5_30_F_S,Y2B24,Y2B24_exp1A,1,Y2B24_day1_exp1A,Y2B24_1A_day1.JPG,0.34859,Y2B24_day11_exp1A,Y2B24_1A_day11.JPG,0.39504,0.133251097,0.04645
1,A,1A,N,5,nutrient,N_5,30,S,A,S_A,162,N_5_30_S_A,Y14B75,Y14B75_exp1A,1,Y14B75_day1_exp1A,Y14B75_1A_day1.JPG,0.3356,Y14B75_day11_exp1A,Y14B75_1A_day11.JPG,0.2993,-0.108164482,-0.0363
1,A,1A,N,5,nutrient,N_5,30,S,A,S_A,151,N_5_30_S_A,Y14B76,Y14B76_exp1A,1,Y14B76_day1_exp1A,Y14B76_1A_day1.JPG,0.23009,Y14B76_day11_exp1A,Y14B76_1A_day11.JPG,0.27262,0.184840715,0.04253
1,A,1A,N,5,nutrient,N_5,30,S,S,S_S,155,N_5_30_S_S,Y14B78,Y14B78_exp1A,1,Y14B78_day1_exp1A,Y14B78_1A_day1.JPG,0.42542,Y14B78_day11_exp1A,Y14B78_1A_day11.JPG,0.4783,0.124300691,0.05288
1,A,1A,N,5,nutrient,N_5,30,S,S,S_S,152,N_5_30_S_S,Y14B77,Y14B77_exp1A,1,Y14B77_day1_exp1A,Y14B77_1A_day1.JPG,0.4288,Y14B77_day11_exp1A,Y14B77_1A_day11.JPG,0.41498,-0.032229478,-0.01382
1,A,1A,N,5,nutrient,N_5,30,S,S,S_S,159,N_5_30_S_S,Y14B79,Y14B79_exp1A,1,Y14B79_day1_exp1A,Y14B79_1A_day1.JPG,0.54401,Y14B79_day11_exp1A,Y14B79_1A_day11.JPG,0.35198,-0.352989835,-0.19203
1,B,1B,N,5,nutrient,N_5,20,F,A,F_A,160,N_5_20_F_A,Y5B35,Y5B35_exp1B,1,Y5B35_day1_exp1B,Y5B35_1B_day1.JPG,0.42005,Y5B35_day11_exp1B,Y5B35_1B_day11.JPG,0.43858,0.044113796,0.01853
1,B,1B,N,5,nutrient,N_5,20,F,A,F_A,183,N_5_20_F_A,Y5B37,Y5B37_exp1B,1,Y5B37_day1_exp1B,Y5B37_1B_day1.JPG,0.46161,Y5B37_day11_exp1B,Y5B37_1B_day11.JPG,0.3995,-0.134550811,-0.06211
1,B,1B,N,5,nutrient,N_5,20,F,A,F_A,169,N_5_20_F_A,Y5B36,Y5B36_exp1B,1,Y5B36_day1_exp1B,Y5B36_1B_day1.JPG,0.34876,Y5B36_day11_exp1B,Y5B36_1B_day11.JPG,0.26794,-0.231735291,-0.08082
1,B,1B,N,5,nutrient,N_5,20,F,S,F_S,171,N_5_20_F_S,Y5B39,Y5B39_exp1B,1,Y5B39_day1_exp1B,Y5B39_1B_day1.JPG,0.54296,Y5B39_day11_exp1B,Y5B39_1B_day11.JPG,0.46582,-0.142073081,-0.07714
1,B,1B,N,5,nutrient,N_5,20,F,S,F_S,161,N_5_20_F_S,Y5B38,Y5B38_exp1B,1,Y5B38_day1_exp1B,Y5B38_1B_day1.JPG,0.44213,Y5B38_day11_exp1B,Y5B38_1B_day11.JPG,0.44129,-0.001899894,-0.00084
1,B,1B,N,5,nutrient,N_5,20,S,A,S_A,166,N_5_20_S_A,Y13B70,Y13B70_exp1B,1,Y13B70_day1_exp1B,Y13B70_1B_day1.JPG,0.45395,Y13B70_day11_exp1B,Y13B70_1B_day11.JPG,0.48165,0.061019936,0.0277
1,B,1B,N,5,nutrient,N_5,20,S,A,S_A,171,N_5_20_S_A,Y13B71,Y13B71_exp1B,1,Y13B71_day1_exp1B,Y13B71_1B_day1.JPG,0.45475,Y13B71_day11_exp1B,Y13B71_1B_day11.JPG,0.47823,0.051632765,0.02348
1,B,1B,N,5,nutrient,N_5,20,S,A,S_A,184,N_5_20_S_A,Y13B72,Y13B72_exp1B,1,Y13B72_day1_exp1B,Y13B72_1B_day1.JPG,0.2818,Y13B72_day11_exp1B,Y13B72_1B_day11.JPG,0.297,0.053938964,0.0152
1,B,1B,N,5,nutrient,N_5,20,S,S,S_S,164,N_5_20_S_S,Y13B73,Y13B73_exp1B,1,Y13B73_day1_exp1B,Y13B73_1B_day1.JPG,0.41623,Y13B73_day11_exp1B,Y13B73_1B_day11.JPG,0.45895,0.102635562,0.04272
1,B,1B,N,5,nutrient,N_5,20,S,S,S_S,172,N_5_20_S_S,Y13B74,Y13B74_exp1B,1,Y13B74_day1_exp1B,Y13B74_1B_day1.JPG,0.39784,Y13B74_day11_exp1B,Y13B74_1B_day11.JPG,0.42915,0.07869998,0.03131
1,B,1B,N,5,nutrient,N_5,30,F,A,F_A,170,N_5_30_F_A,Y7B41,Y7B41_exp1B,1,Y7B41_day1_exp1B,Y7B41_1B_day1.JPG,0.5122,Y7B41_day11_exp1B,Y7B41_1B_day11.JPG,0.47546,-0.071729793,-0.03674
1,B,1B,N,5,nutrient,N_5,30,F,A,F_A,165,N_5_30_F_A,Y7B40,Y7B40_exp1B,1,Y7B40_day1_exp1B,Y7B40_1B_day1.JPG,0.37687,Y7B40_day11_exp1B,Y7B40_1B_day11.JPG,0.37112,-0.015257251,-0.00575
1,B,1B,N,5,nutrient,N_5,30,F,A,F_A,183,N_5_30_F_A,Y7B42,Y7B42_exp1B,1,Y7B42_day1_exp1B,Y7B42_1B_day1.JPG,0.33702,Y7B42_day11_exp1B,Y7B42_1B_day11.JPG,0.30991,-0.08044033,-0.02711
1,B,1B,N,5,nutrient,N_5,30,F,S,F_S,163,N_5_30_F_S,Y7B43,Y7B43_exp1B,1,Y7B43_day1_exp1B,Y7B43_1B_day1.JPG,0.50146,Y7B43_day11_exp1B,Y7B43_1B_day11.JPG,0.52009,0.037151518,0.01863
1,B,1B,N,5,nutrient,N_5,30,F,S,F_S,171,N_5_30_F_S,Y7B44,Y7B44_exp1B,1,Y7B44_day1_exp1B,Y7B44_1B_day1.JPG,0.35742,Y7B44_day11_exp1B,Y7B44_1B_day11.JPG,0.37685,0.054361815,0.01943
1,B,1B,N,5,nutrient,N_5,30,S,A,S_A,167,N_5_30_S_A,Y8B45,Y8B45_exp1B,1,Y8B45_day1_exp1B,Y8B45_1B_day1.JPG,0.49926,Y8B45_day11_exp1B,Y8B45_1B_day11.JPG,0.52608,0.053719505,0.02682
1,B,1B,N,5,nutrient,N_5,30,S,A,S_A,171,N_5_30_S_A,Y8B46,Y8B46_exp1B,1,Y8B46_day1_exp1B,Y8B46_1B_day1.JPG,0.3227,Y8B46_day11_exp1B,Y8B46_1B_day11.JPG,0.36168,0.120793306,0.03898
1,B,1B,N,5,nutrient,N_5,30,S,A,S_A,184,N_5_30_S_A,Y8B47,Y8B47_exp1B,1,Y8B47_day1_exp1B,Y8B47_1B_day1.JPG,0.209,Y8B47_day11_exp1B,Y8B47_1B_day11.JPG,0.17092,-0.182200957,-0.03808
1,B,1B,N,5,nutrient,N_5,30,S,S,S_S,166,N_5_30_S_S,Y8B48,Y8B48_exp1B,1,Y8B48_day1_exp1B,Y8B48_1B_day1.JPG,0.45511,Y8B48_day11_exp1B,Y8B48_1B_day11.JPG,0.4673,0.026784733,0.01219
1,B,1B,N,5,nutrient,N_5,30,S,S,S_S,173,N_5_30_S_S,Y8B49,Y8B49_exp1B,1,Y8B49_day1_exp1B,Y8B49_1B_day1.JPG,0.4498,Y8B49_day11_exp1B,Y8B49_1B_day11.JPG,0.44882,-0.002178746,-0.00098
2,A,2A,N,5,nutrient,N_5,20,F,A,F_A,174,N_5_20_F_A,Y3B25,Y3B25_exp2A,1,Y3B25_day1_exp2A,Y3B25_2A_day1.JPG,0.56032,Y3B25_day11_exp2A,Y3B25_2A_day11.JPG,0.51719,-0.076973872,-0.04313
2,A,2A,N,5,nutrient,N_5,20,F,A,F_A,226,N_5_20_F_A,Y3B27,Y3B27_exp2A,1,Y3B27_day1_exp2A,Y3B27_2A_day1.JPG,0.47866,Y3B27_day11_exp2A,Y3B27_2A_day11.JPG,0.45298,-0.053649772,-0.02568
2,A,2A,N,5,nutrient,N_5,20,F,A,F_A,199,N_5_20_F_A,Y3B26,Y3B26_exp2A,1,Y3B26_day1_exp2A,Y3B26_2A_day1.JPG,0.26591,Y3B26_day11_exp2A,Y3B26_2A_day11.JPG,0.32838,0.234929111,0.06247
2,A,2A,N,5,nutrient,N_5,20,F,S,F_S,206,N_5_20_F_S,Y3B29,Y3B29_exp2A,1,Y3B29_day1_exp2A,Y3B29_2A_day1.JPG,0.38047,Y3B29_day11_exp2A,Y3B29_2A_day11.JPG,0.48334,0.270376114,0.10287
2,A,2A,N,5,nutrient,N_5,20,F,S,F_S,185,N_5_20_F_S,Y3B28,Y3B28_exp2A,1,Y3B28_day1_exp2A,Y3B28_2A_day1.JPG,0.38741,Y3B28_day11_exp2A,Y3B28_2A_day11.JPG,0.39055,0.008105108,0.00314
2,A,2A,N,5,nutrient,N_5,20,S,A,S_A,204,N_5_20_S_A,Y4B31,Y4B31_exp2A,1,Y4B31_day1_exp2A,Y4B31_2A_day1.JPG,0.47659,Y4B31_day11_exp2A,Y4B31_2A_day11.JPG,0.55206,0.158354141,0.07547
2,A,2A,N,5,nutrient,N_5,20,S,A,S_A,187,N_5_20_S_A,Y4B30,Y4B30_exp2A,1,Y4B30_day1_exp2A,Y4B30_2A_day1.JPG,0.40788,Y4B30_day11_exp2A,Y4B30_2A_day11.JPG,0.32819,-0.195376091,-0.07969
2,A,2A,N,5,nutrient,N_5,20,S,A,S_A,228,N_5_20_S_A,Y4B32,Y4B32_exp2A,1,Y4B32_day1_exp2A,Y4B32_2A_day1.JPG,0.31263,Y4B32_day11_exp2A,Y4B32_2A_day11.JPG,0.26493,-0.152576528,-0.0477
2,A,2A,N,5,nutrient,N_5,20,S,S,S_S,208,N_5_20_S_S,Y4B34,Y4B34_exp2A,1,Y4B34_day1_exp2A,Y4B34_2A_day1.JPG,0.48327,Y4B34_day11_exp2A,Y4B34_2A_day11.JPG,0.49206,0.01818859,0.00879
2,A,2A,N,5,nutrient,N_5,20,S,S,S_S,186,N_5_20_S_S,Y4B33,Y4B33_exp2A,1,Y4B33_day1_exp2A,Y4B33_2A_day1.JPG,0.41212,Y4B33_day11_exp2A,Y4B33_2A_day11.JPG,0.4405,0.068863438,0.02838
2,A,2A,N,5,nutrient,N_5,30,F,A,F_A,202,N_5_30_F_A,Y12B63,Y12B63_exp2A,1,Y12B63_day1_exp2A,Y12B63_2A_day1.JPG,0.37987,Y12B63_day11_exp2A,Y12B63_2A_day11.JPG,0.55721,0.46684392,0.17734
2,A,2A,N,5,nutrient,N_5,30,F,A,F_A,186,N_5_30_F_A,Y12B62,Y12B62_exp2A,1,Y12B62_day1_exp2A,Y12B62_2A_day1.JPG,0.31773,Y12B62_day11_exp2A,Y12B62_2A_day11.JPG,0.35392,0.11390174,0.03619
2,A,2A,N,5,nutrient,N_5,30,F,A,F_A,227,N_5_30_F_A,Y12B64,Y12B64_exp2A,1,Y12B64_day1_exp2A,Y12B64_2A_day1.JPG,0.24601,Y12B64_day11_exp2A,Y12B64_2A_day11.JPG,0.31674,0.287508638,0.07073
2,A,2A,N,5,nutrient,N_5,30,F,S,F_S,192,N_5_30_F_S,Y12B65,Y12B65_exp2A,1,Y12B65_day1_exp2A,Y12B65_2A_day1.JPG,0.50342,Y12B65_day11_exp2A,Y12B65_2A_day11.JPG,0.55571,0.103869532,0.05229
2,A,2A,N,5,nutrient,N_5,30,F,S,F_S,207,N_5_30_F_S,Y12B67,Y12B67_exp2A,1,Y12B67_day1_exp2A,Y12B67_2A_day1.JPG,0.45731,Y12B67_day11_exp2A,Y12B67_2A_day11.JPG,0.41683,-0.088517636,-0.04048
2,A,2A,N,5,nutrient,N_5,30,S,A,S_A,194,N_5_30_S_A,Y13B70,Y13B70_exp2A,1,Y13B70_day1_exp2A,Y13B70_2A_day1.JPG,0.25409,Y13B70_day11_exp2A,Y13B70_2A_day11.JPG,0.28425,0.118698099,0.03016
2,A,2A,N,5,nutrient,N_5,30,S,A,S_A,231,N_5_30_S_A,Y13B72,Y13B72_exp2A,1,Y13B72_day1_exp2A,Y13B72_2A_day1.JPG,0.25017,Y13B72_day11_exp2A,Y13B72_2A_day11.JPG,0.22645,-0.094815525,-0.02372
2,A,2A,N,5,nutrient,N_5,30,S,A,S_A,207,N_5_30_S_A,Y13B71,Y13B71_exp2A,1,Y13B71_day1_exp2A,Y13B71_2A_day1.JPG,0.40114,Y13B71_day11_exp2A,Y13B71_2A_day11.JPG,0.41789,0.041755995,0.01675
2,A,2A,N,5,nutrient,N_5,30,S,S,S_S,193,N_5_30_S_S,Y13B73,Y13B73_exp2A,1,Y13B73_day1_exp2A,Y13B73_2A_day1.JPG,0.4076,Y13B73_day11_exp2A,Y13B73_2A_day11.JPG,0.44053,0.08078999,0.03293
2,A,2A,N,5,nutrient,N_5,30,S,S,S_S,218,N_5_30_S_S,Y13B74,Y13B74_exp2A,1,Y13B74_day1_exp2A,Y13B74_2A_day1.JPG,0.41627,Y13B74_day11_exp2A,Y13B74_2A_day11.JPG,0.41021,-0.014557859,-0.00606
2,B,2B,N,5,nutrient,N_5,20,F,A,F_A,192,N_5_20_F_A,Y1B8,Y1B8_exp2B,1,Y1B8_day1_exp2B,Y7B8_2B_day1.JPG,0.32396,Y1B8_day11_exp2B,Y1B8_2B_day11.JPG,0.36534,0.127731819,0.04138
2,B,2B,N,5,nutrient,N_5,20,F,A,F_A,159,N_5_20_F_A,Y1B5,Y1B5_exp2B,1,Y1B5_day1_exp2B,Y7B5_2B_day1.JPG,0.29916,Y1B5_day11_exp2B,Y1B5_2B_day11.JPG,0.28204,-0.057226902,-0.01712
2,B,2B,N,5,nutrient,N_5,20,F,S,F_S,223,N_5_20_F_S,Y1B12,Y1B12_exp2B,1,Y1B12_day1_exp2B,Y7B12_2B_day1.JPG,0.55786,Y1B12_day11_exp2B,Y1B12_2B_day11.JPG,0.58101,0.041497867,0.02315
2,B,2B,N,5,nutrient,N_5,20,F,S,F_S,171,N_5_20_F_S,Y1B10,Y1B10_exp2B,1,Y1B10_day1_exp2B,Y7B10_2B_day1.JPG,0.36498,Y1B10_day11_exp2B,Y1B10_2B_day11.JPG,0.39891,0.092963998,0.03393
2,B,2B,N,5,nutrient,N_5,20,F,S,F_S,205,N_5_20_F_S,Y1B11,Y1B11_exp2B,1,Y1B11_day1_exp2B,Y7B11_2B_day1.JPG,0.26914,Y1B11_day11_exp2B,Y1B11_2B_day11.JPG,0.26347,-0.021067103,-0.00567
2,B,2B,N,5,nutrient,N_5,20,S,A,S_A,209,N_5_20_S_A,Y5B36,Y5B36_exp2B,1,Y5B36_day1_exp2B,Y5B36_2B_day1.JPG,0.35993,Y5B36_day11_exp2B,Y5B36_2B_day11.JPG,0.43286,0.202622732,0.07293
2,B,2B,N,5,nutrient,N_5,20,S,A,S_A,169,N_5_20_S_A,Y5B35,Y5B35_exp2B,1,Y5B35_day1_exp2B,Y5B35_2B_day1.JPG,0.29532,Y5B35_day11_exp2B,Y5B35_2B_day11.JPG,0.30086,0.018759312,0.00554
2,B,2B,N,5,nutrient,N_5,20,S,S,S_S,186,N_5_20_S_S,Y5B37,Y5B37_exp2B,1,Y5B37_day1_exp2B,Y5B37_2B_day1.JPG,0.4709,Y5B37_day11_exp2B,Y5B37_2B_day11.JPG,0.45351,-0.036929284,-0.01739
2,B,2B,N,5,nutrient,N_5,20,S,S,S_S,208,N_5_20_S_S,Y5B38,Y5B38_exp2B,1,Y5B38_day1_exp2B,Y5B38_2B_day1.JPG,0.40642,Y5B38_day11_exp2B,Y5B38_2B_day11.JPG,0.4237,0.042517593,0.01728
2,B,2B,N,5,nutrient,N_5,20,S,S,S_S,225,N_5_20_S_S,Y5B39,Y5B39_exp2B,1,Y5B39_day1_exp2B,Y5B39_2B_day1.JPG,0.31399,Y5B39_day11_exp2B,Y5B39_2B_day11.JPG,0.33787,0.076053377,0.02388
2,B,2B,N,5,nutrient,N_5,30,F,A,F_A,197,N_5_30_F_A,Y14B76,Y14B76_exp2B,1,Y14B76_day1_exp2B,Y14B76_2B_day1.JPG,0.36979,Y14B76_day11_exp2B,Y14B76_2B_day11.JPG,0.3296,-0.108683307,-0.04019
2,B,2B,N,5,nutrient,N_5,30,F,A,F_A,168,N_5_30_F_A,Y14B75,Y14B75_exp2B,1,Y14B75_day1_exp2B,Y14B75_2B_day1.JPG,0.2059,Y14B75_day11_exp2B,Y14B75_2B_day11.JPG,0.15025,-0.270276833,-0.05565
2,B,2B,N,5,nutrient,N_5,30,F,S,F_S,207,N_5_30_F_S,Y14B78,Y14B78_exp2B,1,Y14B78_day1_exp2B,Y14B78_2B_day1.JPG,0.40872,Y14B78_day11_exp2B,Y14B78_2B_day11.JPG,0.42066,0.029213153,0.01194
2,B,2B,N,5,nutrient,N_5,30,F,S,F_S,223,N_5_30_F_S,Y14B79,Y14B79_exp2B,1,Y14B79_day1_exp2B,Y14B79_2B_day1.JPG,0.37421,Y14B79_day11_exp2B,Y14B79_2B_day11.JPG,0.33068,-0.116325058,-0.04353
2,B,2B,N,5,nutrient,N_5,30,F,S,F_S,175,N_5_30_F_S,Y14B77,Y14B77_exp2B,1,Y14B77_day1_exp2B,Y14B77_2B_day1.JPG,0.33376,Y14B77_day11_exp2B,Y14B77_2B_day11.JPG,0.32176,-0.035953979,-0.012
2,B,2B,N,5,nutrient,N_5,30,S,A,S_A,170,N_5_30_S_A,Y15B80,Y15B80_exp2B,1,Y15B80_day1_exp2B,Y15B80_2B_day1.JPG,0.53807,Y15B80_day11_exp2B,Y15B80_2B_day11.JPG,0.50502,-0.061423235,-0.03305
2,B,2B,N,5,nutrient,N_5,30,S,A,S_A,212,N_5_30_S_A,Y15B82,Y15B82_exp2B,1,Y15B82_day1_exp2B,Y15B82_2B_day1.JPG,0.30782,Y15B82_day11_exp2B,Y15B82_2B_day11.JPG,0.30427,-0.011532714,-0.00355
2,B,2B,N,5,nutrient,N_5,30,S,S,S_S,226,N_5_30_S_S,Y15B85,Y15B85_exp2B,1,Y15B85_day1_exp2B,Y15B85_2B_day1.JPG,0.40015,Y15B85_day11_exp2B,Y15B85_2B_day11.JPG,0.44639,0.115556666,0.04624
2,B,2B,N,5,nutrient,N_5,30,S,S,S_S,189,N_5_30_S_S,Y15B83,Y15B83_exp2B,1,Y15B83_day1_exp2B,Y15B83_2B_day1.JPG,0.34114,Y15B83_day11_exp2B,Y15B83_2B_day11.JPG,0.3871,0.134724746,0.04596
2,B,2B,N,5,nutrient,N_5,30,S,S,S_S,209,N_5_30_S_S,Y15B84,Y15B84_exp2B,1,Y15B84_day1_exp2B,Y15B84_2B_day1.JPG,0.34223,Y15B84_day11_exp2B,Y15B84_2B_day11.JPG,0.33846,-0.011015983,-0.00377
3,A,3A,N,5,nutrient,N_5,20,F,S,F_S,240,N_5_20_F_S,Y20B97,Y20B97_exp3A,1,Y20B97_day1_exp3A,Y20B97_3A_day1.JPG,0.37051,Y20B97_day11_exp3A,Y20B97_3A_day1.JPG,0.44286,0.195271383,0.07235
3,A,3A,N,5,nutrient,N_5,30,F,A,F_A,226,N_5_30_F_A,Y8B45,Y8B45_exp3A,1,Y8B45_day1_exp3A,O11G22_3B_day1.JPG,0.42098,Y8B45_day11_exp3A,Y8B45_3A_day11.JPG,0.43465,0.032471851,0.01367
3,A,3A,N,5,nutrient,N_5,30,F,A,F_A,241,N_5_30_F_A,Y7B44,Y7B44_exp3A,1,Y7B44_day1_exp3A,O10G21_3B_day1.JPG,0.44561,Y7B44_day11_exp3A,Y7B44_3A_day11.JPG,0.39899,-0.104620632,-0.04662
3,A,3A,N,5,nutrient,N_5,30,F,A,F_A,237,N_5_30_F_A,Y8B46,Y8B46_exp3A,1,Y8B46_day1_exp3A,O11G23_3B_day1.JPG,0.21599,Y8B46_day11_exp3A,Y8B46_3A_day11.JPG,0.30978,0.434233066,0.09379
3,A,3A,N,5,nutrient,N_5,30,F,S,F_S,237,N_5_30_F_S,Y8B47,Y8B47_exp3A,1,Y8B47_day1_exp3A,O11G24_3B_day1.JPG,0.52588,Y8B47_day11_exp3A,Y8B47_3A_day11.JPG,0.33436,-0.364189549,-0.19152
3,A,3A,N,5,nutrient,N_5,30,F,S,F_S,239,N_5_30_F_S,Y8B48,Y8B48_exp3A,1,Y8B48_day1_exp3A,O11G25_3B_day1.JPG,0.53483,Y8B48_day11_exp3A,Y8B48_3A_day11.JPG,0.32319,-0.395714526,-0.21164
3,A,3A,N,5,nutrient,N_5,30,S,A,S_A,232,N_5_30_S_A,Y12B62,Y12B62_exp3A,1,Y12B62_day1_exp3A,Y12B62_3A_day1.JPG,0.34181,Y12B62_day11_exp3A,Y12B62_3A_day11.JPG,0.38612,0.129633422,0.04431
3,A,3A,N,5,nutrient,N_5,30,S,A,S_A,237,N_5_30_S_A,Y12B63,Y12B63_exp3A,1,Y12B63_day1_exp3A,Y12B63_3A_day1.JPG,0.31573,Y12B63_day11_exp3A,Y12B63_3A_day11.JPG,0.34475,0.091913977,0.02902
3,A,3A,N,5,nutrient,N_5,30,S,S,S_S,239,N_5_30_S_S,Y12B65,Y12B65_exp3A,1,Y12B65_day1_exp3A,Y12B65_3A_day1.JPG,0.39174,Y12B65_day11_exp3A,Y12B65_3A_day11.JPG,0.39538,0.009291877,0.00364
3,A,3A,N,5,nutrient,N_5,30,S,S,S_S,237,N_5_30_S_S,Y12B64,Y12B64_exp3A,1,Y12B64_day1_exp3A,Y12B64_3A_day1.JPG,0.26412,Y12B64_day11_exp3A,Y12B64_3A_day11.JPG,0.1923,-0.271921854,-0.07182
3,B,3B,N,5,nutrient,N_5,20,F,A,F_A,242,N_5_20_F_A,O12Y2,O12Y2_exp3B,1,O12Y2_day1_exp3B,Y7B41_3A_day1.JPG,0.29581,O12Y2_day11_exp3B,O12Y2_3B_day11.JPG,0.34989,0.182820053,0.05408
3,B,3B,N,5,nutrient,N_5,20,F,A,F_A,238,N_5_20_F_A,O12Y1,O12Y1_exp3B,1,O12Y1_day1_exp3B,Y7B40_3A_day1.JPG,0.34957,O12Y1_day11_exp3B,O12Y1_3B_day11.JPG,0.29678,-0.151014103,-0.05279
3,B,3B,N,5,nutrient,N_5,20,F,S,F_S,246,N_5_20_F_S,O12Y4,O12Y4_exp3B,1,O12Y4_day1_exp3B,Y7B43_3A_day1.JPG,0.30641,O12Y4_day11_exp3B,O12Y4_3B_day11.JPG,0.37523,0.224601025,0.06882
3,B,3B,N,5,nutrient,N_5,20,F,S,F_S,251,N_5_20_F_S,O12Y3,O12Y3_exp3B,1,O12Y3_day1_exp3B,Y7B42_3A_day1.JPG,0.30248,O12Y3_day11_exp3B,O12Y3_3B_day11.JPG,0.36004,0.190293573,0.05756
3,B,3B,N,5,nutrient,N_5,20,F,S,F_S,256,N_5_20_F_S,O12Y5,O12Y5_exp3B,1,O12Y5_day1_exp3B,Y7B44_3A_day1.JPG,0.44963,O12Y5_day11_exp3B,O12Y5_3B_day11.JPG,0.33547,-0.253897649,-0.11416
3,B,3B,N,5,nutrient,N_5,20,S,A,S_A,238,N_5_20_S_A,O13Y7,O13Y7_exp3B,1,O13Y7_day1_exp3B,Y8B48_3A_day1.JPG,0.35823,O13Y7_day11_exp3B,O13Y7_3B_day11.JPG,0.34232,-0.044412807,-0.01591
3,B,3B,N,5,nutrient,N_5,20,S,A,S_A,244,N_5_20_S_A,O13Y8,O13Y8_exp3B,1,O13Y8_day1_exp3B,Y8B49_3A_day1.JPG,0.3824,O13Y8_day11_exp3B,O13Y8_3B_day11.JPG,0.20745,-0.45750523,-0.17495
3,B,3B,N,5,nutrient,N_5,20,S,S,S_S,249,N_5_20_S_S,O13Y10,O13Y10_exp3B,1,O13Y10_day1_exp3B,Y8B45_3A_day1.JPG,0.41186,O13Y10_day11_exp3B,O13Y10_3B_day11.JPG,0.43245,0.049992716,0.02059
3,B,3B,N,5,nutrient,N_5,20,S,S,S_S,241,N_5_20_S_S,O13Y12,O13Y12_exp3B,1,O13Y12_day1_exp3B,Y8B47_3A_day1.JPG,0.34013,O13Y12_day11_exp3B,O13Y12_3B_day11.JPG,0.38857,0.142416135,0.04844
3,B,3B,N,5,nutrient,N_5,20,S,S,S_S,252,N_5_20_S_S,O13Y11,O13Y11_exp3B,1,O13Y11_day1_exp3B,Y8B46_3A_day1.JPG,0.28635,O13Y11_day11_exp3B,O13Y11_3B_day11.JPG,0.35266,0.231569757,0.06631
3,B,3B,N,5,nutrient,N_5,30,F,A,F_A,254,N_5_30_F_A,W10O45,W10O45_exp3B,1,W10O45_day1_exp3B,W10O45_3B_day1.JPG,0.40541,W10O45_day11_exp3B,W10O45_3B_day11.JPG,0.46495,0.146863669,0.05954
3,B,3B,N,5,nutrient,N_5,30,F,A,F_A,238,N_5_30_F_A,W11O46,W11O46_exp3B,1,W11O46_day1_exp3B,W11O46_3B_day1.JPG,0.34734,W11O46_day11_exp3B,W11O46_3B_day11.JPG,0.35,0.007658202,0.00266
3,B,3B,N,5,nutrient,N_5,30,F,S,F_S,246,N_5_30_F_S,W11O49,W11O49_exp3B,1,W11O49_day1_exp3B,W11O49_3B_day1.JPG,0.43694,W11O49_day11_exp3B,W11O49_3B_day11.JPG,0.44149,0.010413329,0.00455
3,B,3B,N,5,nutrient,N_5,30,F,S,F_S,251,N_5_30_F_S,W11O48,W11O48_exp3B,1,W11O48_day1_exp3B,W11O48_3B_day1.JPG,0.48624,W11O48_day11_exp3B,W11O48_3B_day11.JPG,0.39583,-0.185936986,-0.09041
3,B,3B,N,5,nutrient,N_5,30,F,S,F_S,242,N_5_30_F_S,W11O47,W11O47_exp3B,1,W11O47_day1_exp3B,W11O47_3B_day1.JPG,0.35303,W11O47_day11_exp3B,W11O47_3B_day11.JPG,0.32574,-0.077302212,-0.02729
3,B,3B,N,5,nutrient,N_5,30,S,A,S_A,256,N_5_30_S_A,W11O50,W11O50_exp3B,1,W11O50_day1_exp3B,W11O50_3B_day1.JPG,0.50123,W11O50_day11_exp3B,W11O50_3B_day11.JPG,0.43567,-0.130798236,-0.06556
3,B,3B,N,5,nutrient,N_5,30,S,A,S_A,243,N_5_30_S_A,W8O40,W8O40_exp3B,1,W8O40_day1_exp3B,W8O40_3B_day1.JPG,0.44436,W8O40_day11_exp3B,W8O40_3B_day11.JPG,0.42076,-0.053110091,-0.0236
3,B,3B,N,5,nutrient,N_5,30,S,A,S_A,241,N_5_30_S_A,W12O51,W12O51_exp3B,1,W12O51_day1_exp3B,W12O51_3B_day1.JPG,0.56181,W12O51_day11_exp3B,O3B13_3B_day11.JPG,0.38822,-0.308983464,-0.17359
3,B,3B,N,5,nutrient,N_5,30,S,S,S_S,252,N_5_30_S_S,W12O54,W12O54_exp3B,1,W12O54_day1_exp3B,W12O54_3B_day1.JPG,0.61088,W12O54_day11_exp3B,O3B17_3B_day11.JPG,0.44467,-0.272082897,-0.16621
3,B,3B,N,5,nutrient,N_5,30,S,S,S_S,244,N_5_30_S_S,W12O52,W12O52_exp3B,1,W12O52_day1_exp3B,W12O52_3B_day1.JPG,0.31219,W12O52_day11_exp3B,O3B14_3B_day11.JPG,0.39137,0.253627599,0.07918
3,B,3B,N,5,nutrient,N_5,30,S,S,S_S,247,N_5_30_S_S,W12O53,W12O53_exp3B,1,W12O53_day1_exp3B,W12O53_3B_day1.JPG,0.43556,W12O53_day11_exp3B,O3B15_3B_day11.JPG,0.33893,-0.221852328,-0.09663
1,A,1A,N,18,nutrient,N_18,20,F,A,F_A,150,N_18_20_F_A,R3W10,R3W10_exp1A,1,R3W10_day1_exp1A,R3W10_1A_day1.JPG,0.30323,R3W10_day11_exp1A,R3W10_1A_day11.JPG,0.4972,0.639679451,0.19397
1,A,1A,N,18,nutrient,N_18,20,F,A,F_A,168,N_18_20_F_A,R3W8,R3W8_exp1A,1,R3W8_day1_exp1A,R3W8_1A_day1.JPG,0.4425,R3W8_day11_exp1A,R3W8_1A_day11.JPG,0.29388,-0.335864407,-0.14862
1,A,1A,N,18,nutrient,N_18,20,F,S,F_S,142,N_18_20_F_S,R3W11,R3W11_exp1A,1,R3W11_day1_exp1A,R3W11_1A_day1.JPG,0.4379,R3W11_day11_exp1A,R3W11_1A_day11.JPG,0.37985,-0.132564512,-0.05805
1,A,1A,N,18,nutrient,N_18,20,F,S,F_S,147,N_18_20_F_S,R3W12,R3W12_exp1A,1,R3W12_day1_exp1A,R3W12_1A_day1.JPG,0.40783,R3W12_day11_exp1A,R3W12_1A_day11.JPG,0.30348,-0.255866415,-0.10435
1,A,1A,N,18,nutrient,N_18,20,F,S,F_S,153,N_18_20_F_S,R3W13,R3W13_exp1A,1,R3W13_day1_exp1A,R3W13_1A_day1.JPG,0.29396,R3W13_day11_exp1A,R3W13_1A_day11.JPG,0.28575,-0.02792897,-0.00821
1,A,1A,N,18,nutrient,N_18,20,S,A,S_A,162,N_18_20_S_A,R5W21,R5W21_exp1A,1,R5W21_day1_exp1A,R5W21_1A_day1.JPG,0.3003,R5W21_day11_exp1A,R5W21_1A_day11.JPG,0.29285,-0.024808525,-0.00745
1,A,1A,N,18,nutrient,N_18,20,S,A,S_A,151,N_18_20_S_A,R5W22,R5W22_exp1A,1,R5W22_day1_exp1A,R5W22_1A_day1.JPG,0.2922,R5W22_day11_exp1A,R5W22_1A_day11.JPG,0.28733,-0.016666667,-0.00487
1,A,1A,N,18,nutrient,N_18,20,S,S,S_S,150,N_18_20_S_S,R5W24,R5W24_exp1A,1,R5W24_day1_exp1A,R5W24_1A_day1.JPG,0.49927,R5W24_day11_exp1A,R5W24_1A_day11.JPG,0.46845,-0.061730126,-0.03082
1,A,1A,N,18,nutrient,N_18,20,S,S,S_S,154,N_18_20_S_S,R5W26,R5W26_exp1A,1,R5W26_day1_exp1A,R5W26_1A_day1.JPG,0.51561,R5W26_day11_exp1A,R5W26_1A_day11.JPG,0.46785,-0.092628149,-0.04776
1,A,1A,N,18,nutrient,N_18,20,S,S,S_S,157,N_18_20_S_S,R5W27,R5W27_exp1A,1,R5W27_day1_exp1A,R5W27_1A_day1.JPG,0.46448,R5W27_day11_exp1A,R5W27_1A_day11.JPG,0.43356,-0.066569066,-0.03092
1,A,1A,N,18,nutrient,N_18,30,F,A,F_A,150,N_18_30_F_A,R4W15,R4W15_exp1A,1,R4W15_day1_exp1A,R4W15_1A_day1.JPG,0.42202,R4W15_day11_exp1A,R4W15_1A_day11.JPG,0.41526,-0.016018198,-0.00676
1,A,1A,N,18,nutrient,N_18,30,F,A,F_A,168,N_18_30_F_A,R4W14,R4W14_exp1A,1,R4W14_day1_exp1A,R4W14_1A_day1.JPG,0.27462,R4W14_day11_exp1A,R4W14_1A_day11.JPG,0.22721,-0.172638555,-0.04741
1,A,1A,N,18,nutrient,N_18,30,F,S,F_S,149,N_18_30_F_S,R4W20,R4W20_exp1A,1,R4W20_day1_exp1A,R4W20_1A_day1.JPG,0.37622,R4W20_day11_exp1A,R4W20_1A_day11.JPG,0.44759,0.189702833,0.07137
1,A,1A,N,18,nutrient,N_18,30,F,S,F_S,153,N_18_30_F_S,R4W34,R4W34_exp1A,1,R4W34_day1_exp1A,R4W34_1A_day1.JPG,0.47592,R4W34_day11_exp1A,R4W34_1A_day11.JPG,0.36982,-0.222936628,-0.1061
1,A,1A,N,18,nutrient,N_18,30,F,S,F_S,142,N_18_30_F_S,R4W17,R4W17_exp1A,1,R4W17_day1_exp1A,R4W17_1A_day1.JPG,0.37975,R4W17_day11_exp1A,R4W17_1A_day11.JPG,0.32815,-0.135878868,-0.0516
1,A,1A,N,18,nutrient,N_18,30,S,A,S_A,151,N_18_30_S_A,R6W29,R6W29_exp1A,1,R6W29_day1_exp1A,R6W29_1A_day1.JPG,0.29788,R6W30_day11_exp1A,R6W30_1A_day11.JPG,0.49467,0.660635155,0.19679
1,A,1A,N,18,nutrient,N_18,30,S,A,S_A,163,N_18_30_S_A,R6W28,R6W28_exp1A,1,R6W28_day1_exp1A,R6W28_1A_day1.JPG,0.34328,R6W29_day11_exp1A,R6W29_1A_day11.JPG,0.32042,-0.066592869,-0.02286
1,A,1A,N,18,nutrient,N_18,30,S,S,S_S,155,N_18_30_S_S,R6W31,R6W31_exp1A,1,R6W31_day1_exp1A,R6W31_1A_day1.JPG,0.51761,R6W31_day11_exp1A,R6W31_1A_day11.JPG,0.45129,-0.128127355,-0.06632
1,A,1A,N,18,nutrient,N_18,30,S,S,S_S,152,N_18_30_S_S,R6W30,R6W30_exp1A,1,R6230_day1_exp1A,R6W30_1A_day1.JPG,0.56164,R6W28_day11_exp1A,R6W28_1A_day11.JPG,0.32105,-0.428370486,-0.24059
1,A,1A,N,18,nutrient,N_18,30,S,S,S_S,159,N_18_30_S_S,R6W32,R6W32_exp1A,1,R6W32_day1_exp1A,R6W32_1A_day1.JPG,0.37157,R6W32_day11_exp1A,R6W32_1A_day11.JPG,0.26915,-0.275641198,-0.10242
1,B,1B,N,18,nutrient,N_18,20,F,A,F_A,163,N_18_20_F_A,R10W45,R10W45_exp1B,1,R10W45_day1_exp1B,R10W45_1B_day1.JPG,0.43628,R10W45_day11_exp1B,R10W45_1B_day11.JPG,0.46542,0.066791968,0.02914
1,B,1B,N,18,nutrient,N_18,20,F,A,F_A,183,N_18_20_F_A,R10W47,R10W47_exp1B,1,R10W47_day1_exp1B,R10W47_1B_day1.JPG,0.4759,R10W47_day11_exp1B,R10W47_1B_day11.JPG,0.44301,-0.069111158,-0.03289
1,B,1B,N,18,nutrient,N_18,20,F,A,F_A,169,N_18_20_F_A,R10W46,R10W46_exp1B,1,R10W46_day1_exp1B,R10W46_1B_day1.JPG,0.29044,R10W46_day11_exp1B,R10W46_1B_day11.JPG,0.27559,-0.051129321,-0.01485
1,B,1B,N,18,nutrient,N_18,20,F,S,F_S,171,N_18_20_F_S,R10W49,R10W49_exp1B,1,R10W49_day1_exp1B,R10W49_1B_day1.JPG,0.3992,R10W49_day11_exp1B,R10W49_1B_day11.JPG,0.4169,0.044338677,0.0177
1,B,1B,N,18,nutrient,N_18,20,F,S,F_S,161,N_18_20_F_S,R10W48,R10W48_exp1B,1,R10W48_day1_exp1B,R10W48_1B_day1.JPG,0.3926,R10W48_day11_exp1B,R10W48_1B_day11.JPG,0.39053,-0.005272542,-0.00207
1,B,1B,N,18,nutrient,N_18,20,S,A,S_A,166,N_18_20_S_A,R11W50,R11W50_exp1B,1,R11W50_day1_exp1B,R11W50_1B_day1.JPG,0.49447,R11W50_day11_exp1B,R11W50_1B_day11.JPG,0.49276,-0.003458248,-0.00171
1,B,1B,N,18,nutrient,N_18,20,S,A,S_A,171,N_18_20_S_A,R11W51,R11W51_exp1B,1,R11W51_day1_exp1B,R11W51_1B_day1.JPG,0.35654,R11W51_day11_exp1B,R11W51_1B_day11.JPG,0.38705,0.085572446,0.03051
1,B,1B,N,18,nutrient,N_18,20,S,A,S_A,184,N_18_20_S_A,R11W52,R11W52_exp1B,1,R11W52_day1_exp1B,R11W52_1B_day1.JPG,0.346,R11W52_day11_exp1B,R11W52_1B_day11.JPG,0.2989,-0.136127168,-0.0471
1,B,1B,N,18,nutrient,N_18,20,S,S,S_S,172,N_18_20_S_S,R11W54,R11W54_exp1B,1,R11W54_day1_exp1B,R11W54_1B_day1.JPG,0.42993,R11W54_day11_exp1B,R11W54_1B_day11.JPG,0.44256,0.029376875,0.01263
1,B,1B,N,18,nutrient,N_18,20,S,S,S_S,164,N_18_20_S_S,R11W53,R11W53_exp1B,1,R11W53_day1_exp1B,R11W53_1B_day1.JPG,0.33941,R11W53_day11_exp1B,R11W53_1B_day11.JPG,0.3283,-0.032733272,-0.01111
1,B,1B,N,18,nutrient,N_18,30,F,A,F_A,170,N_18_30_F_A,R21W95,R21W95_exp1B,1,R21W95_day1_exp1B,R21W95_1B_day1.JPG,0.43729,R21W95_day11_exp1B,R21W95_1B_day11.JPG,0.49297,0.12732969,0.05568
1,B,1B,N,18,nutrient,N_18,30,F,A,F_A,166,N_18_30_F_A,R21W94,R21W94_exp1B,1,R21W94_day1_exp1B,R21W94_1B_day1.JPG,0.43096,R21W94_day11_exp1B,R21W94_1B_day11.JPG,0.45437,0.054320587,0.02341
1,B,1B,N,18,nutrient,N_18,30,F,A,F_A,184,N_18_30_F_A,R21W97,R21W97_exp1B,1,R21W97_day1_exp1B,R21W97_1B_day1.JPG,0.23799,R21W97_day11_exp1B,R21W97_1B_day11.JPG,0.22613,-0.049834027,-0.01186
1,B,1B,N,18,nutrient,N_18,30,F,S,F_S,163,N_18_30_F_S,R21W100,R21W100_exp1B,1,R21W100_day1_exp1B,R21W100_1B_day1.JPG,0.45572,R21W100_day11_exp1B,R21W100_1B_day11.JPG,0.49329,0.082440973,0.03757
1,B,1B,N,18,nutrient,N_18,30,F,S,F_S,171,N_18_30_F_S,R21W55,R21W55_exp1B,1,R21W55_day1_exp1B,R21W55_1B_day1.JPG,0.33537,R21W55_day11_exp1B,R21W55_1B_day11.JPG,0.27216,-0.188478397,-0.06321
1,B,1B,N,18,nutrient,N_18,30,S,A,S_A,167,N_18_30_S_A,R17W80,R17W80_exp1B,1,R17W80_day1_exp1B,R17W80_1B_day1.JPG,0.49864,R17W80_day11_exp1B,R17W80_1B_day11.JPG,0.45142,-0.094697577,-0.04722
1,B,1B,N,18,nutrient,N_18,30,S,A,S_A,177,N_18_30_S_A,R17W82,R17W82_exp1B,1,R17W82_day1_exp1B,R17W82_1B_day1.JPG,0.31095,R17W82_day11_exp1B,R17W82_1B_day11.JPG,0.31816,0.023187008,0.00721
1,B,1B,N,18,nutrient,N_18,30,S,A,S_A,184,N_18_30_S_A,R17W83,R17W83_exp1B,1,R17W83_day1_exp1B,R17W83_1B_day1.JPG,0.2422,R17W83_day11_exp1B,R17W83_1B_day11.JPG,0.22449,-0.073121387,-0.01771
1,B,1B,N,18,nutrient,N_18,30,S,S,S_S,166,N_18_30_S_S,R17W84,R17W84_exp1B,1,R17W84_day1_exp1B,R17W84_1B_day1.JPG,0.46282,R17W84_day11_exp1B,R17W84_1B_day11.JPG,0.44883,-0.030227734,-0.01399
1,B,1B,N,18,nutrient,N_18,30,S,S,S_S,173,N_18_30_S_S,R17W85,R17W85_exp1B,1,R17W85_day1_exp1B,R17W85_1B_day1.JPG,0.42802,R17W85_day11_exp1B,R17W85_1B_day11.JPG,0.28064,-0.344329704,-0.14738
2,A,2A,N,18,nutrient,N_18,20,F,A,F_A,174,N_18_20_F_A,R1W3,R1W3_exp2A,1,R1W3_day1_exp2A,R1W3_2A_day1.JPG,0.41184,R1W3_day11_exp2A,R1W3_2A_day11.JPG,0.51051,0.239583333,0.09867
2,A,2A,N,18,nutrient,N_18,20,F,A,F_A,226,N_18_20_F_A,R1W6,R1W6_exp2A,1,R1W6_day1_exp2A,R1W6_2A_day1.JPG,0.44547,R1W6_day11_exp2A,R1W6_2A_day11.JPG,0.43198,-0.030282623,-0.01349
2,A,2A,N,18,nutrient,N_18,20,F,A,F_A,199,N_18_20_F_A,R1W5,R1W5_exp2A,1,R1W5_day1_exp2A,R1W5_2A_day1.JPG,0.3319,R1W5_day11_exp2A,R1W5_2A_day11.JPG,0.37144,0.119132269,0.03954
2,A,2A,N,18,nutrient,N_18,20,F,S,F_S,185,N_18_20_F_S,R1W7,R1W7_exp2A,1,R1W7_day1_exp2A,R1W7_2A_day1.JPG,0.51926,R1W7_day11_exp2A,R1W7_2A_day11.JPG,0.48125,-0.073200324,-0.03801
2,A,2A,N,18,nutrient,N_18,20,F,S,F_S,206,N_18_20_F_S,R1W2,R1W2_exp2A,1,R1W2_day1_exp2A,R1W2_2A_day1.JPG,0.28177,R1W2_day11_exp2A,R1W2_2A_day11.JPG,0.18933,-0.328068992,-0.09244
2,A,2A,N,18,nutrient,N_18,20,S,A,S_A,192,N_18_20_S_A,R10W45,R10W45_exp2A,1,R10W45_day1_exp2A,R10W45_2A_day1.JPG,0.45338,R10W45_day11_exp2A,R10W45_2A_day11.JPG,0.43599,-0.038356346,-0.01739
2,A,2A,N,18,nutrient,N_18,20,S,A,S_A,205,N_18_20_S_A,R10W46,R10W46_exp2A,1,R10W46_day1_exp2A,R10W46_2A_day1.JPG,0.35316,R10W46_day11_exp2A,R10W46_2A_day11.JPG,0.39352,0.114282478,0.04036
2,A,2A,N,18,nutrient,N_18,20,S,A,S_A,228,N_18_20_S_A,R10W47,R10W47_exp2A,1,R10W47_day1_exp2A,R10W47_2A_day1.JPG,0.24421,R10W47_day11_exp2A,R10W47_2A_day11.JPG,0.25377,0.039146636,0.00956
2,A,2A,N,18,nutrient,N_18,20,S,S,S_S,193,N_18_20_S_S,R10W48,R10W48_exp2A,1,R10W48_day1_exp2A,R10W48_2A_day1.JPG,0.49519,R10W48_day11_exp2A,R10W48_2A_day11.JPG,0.58659,0.184575617,0.0914
2,A,2A,N,18,nutrient,N_18,20,S,S,S_S,208,N_18_20_S_S,R10W49,R10W49_exp2A,1,R10W49_day1_exp2A,R10W49_2A_day1.JPG,0.38759,R10W49_day11_exp2A,R10W49_2A_day11.JPG,0.44481,0.147630228,0.05722
2,A,2A,N,18,nutrient,N_18,30,F,A,F_A,202,N_18_30_F_A,R14W71,R14W71_exp2A,1,R14W71_day1_exp2A,R14W71_2A_day1.JPG,0.4937,R14W71_day11_exp2A,R14W71_2A_day11.JPG,0.53566,0.084990885,0.04196
2,A,2A,N,18,nutrient,N_18,30,F,A,F_A,186,N_18_30_F_A,R14W70,R14W70_exp2A,1,R14W70_day1_exp2A,R14W70_2A_day1.JPG,0.42322,R14W70_day11_exp2A,R14W70_2A_day11.JPG,0.49225,0.163106658,0.06903
2,A,2A,N,18,nutrient,N_18,30,F,A,F_A,228,N_18_30_F_A,R14W72,R14W72_exp2A,1,R14W72_day1_exp2A,R14W72_2A_day1.JPG,0.356,R14W72_day11_exp2A,R14W72_2A_day11.JPG,0.39417,0.107219101,0.03817
2,A,2A,N,18,nutrient,N_18,30,F,S,F_S,193,N_18_30_F_S,R14W73,R14W73_exp2A,1,R14W73_day1_exp2A,R14W73_2A_day1.JPG,0.40791,R14W73_day11_exp2A,R14W73_2A_day11.JPG,0.4449,0.090681768,0.03699
2,A,2A,N,18,nutrient,N_18,30,F,S,F_S,207,N_18_30_F_S,R14W74,R14W74_exp2A,1,R14W74_day1_exp2A,R14W74_2A_day1.JPG,0.35628,R14W74_day11_exp2A,R14W74_2A_day11.JPG,0.34112,-0.042550803,-0.01516
2,A,2A,N,18,nutrient,N_18,30,S,A,S_A,194,N_18_30_S_A,R15W75,R15W75_exp2A,1,R15W75_day1_exp2A,R15W75_2A_day1.JPG,0.29115,R15W75_day11_exp2A,R15W75_2A_day11.JPG,0.29161,0.001579942,0.00046
2,A,2A,N,18,nutrient,N_18,30,S,A,S_A,231,N_18_30_S_A,R15W77,R15W77_exp2A,1,R15W77_day1_exp2A,R15W77_2A_day1.JPG,0.23965,R15W77_day11_exp2A,R15W77_2A_day11.JPG,0.25381,0.059086167,0.01416
2,A,2A,N,18,nutrient,N_18,30,S,A,S_A,209,N_18_30_S_A,R15W76,R15W76_exp2A,1,R15W76_day1_exp2A,R15W76_2A_day1.JPG,0.16698,R15W76_day11_exp2A,R15W76_2A_day11.JPG,0.18166,0.08791472,0.01468
2,A,2A,N,18,nutrient,N_18,30,S,S,S_S,193,N_18_30_S_S,R15W78,R15W78_exp2A,1,R15W78_day1_exp2A,R15W78_2A_day1.JPG,0.38303,R15W78_day11_exp2A,R15W78_2A_day11.JPG,0.45602,0.190559486,0.07299
2,A,2A,N,18,nutrient,N_18,30,S,S,S_S,218,N_18_30_S_S,R15W79,R15W79_exp2A,1,R15W79_day1_exp2A,R15W79_2A_day1.JPG,0.44689,R15W79_day11_exp2A,R15W79_2A_day11.JPG,0.38846,-0.130748059,-0.05843
2,B,2B,N,18,nutrient,N_18,20,F,A,F_A,194,N_18_20_F_A,R3W10,R3W10_exp2B,1,R3W10_day1_exp2B,R3W10_2B_day1.JPG,0.22759,R3W10_day11_exp2B,R3W10_2B_day11.JPG,0.2346,0.030801002,0.00701
2,B,2B,N,18,nutrient,N_18,20,F,A,F_A,159,N_18_20_F_A,R3W8,R3W8_exp2B,1,R3W8_day1_exp2B,R3W8_2B_day1.JPG,0.20637,R3W8_day11_exp2B,R3W8_2B_day11.JPG,0.21398,0.036875515,0.00761
2,B,2B,N,18,nutrient,N_18,20,F,S,F_S,223,N_18_20_F_S,R3W13,R3W13_exp2B,1,R3W13_day1_exp2B,R3W13_2B_day1.JPG,0.51048,R3W13_day11_exp2B,R3W13_2B_day11.JPG,0.48806,-0.043919448,-0.02242
2,B,2B,N,18,nutrient,N_18,20,F,S,F_S,174,N_18_20_F_S,R3W11,R3W11_exp2B,1,R3W11_day1_exp2B,R3W11_2B_day1.JPG,0.38544,R3W11_day11_exp2B,R3W11_2B_day11.JPG,0.45401,0.177900581,0.06857
2,B,2B,N,18,nutrient,N_18,20,F,S,F_S,205,N_18_20_F_S,R3W12,R3W12_exp2B,1,R3W12_day1_exp2B,R3W12_2B_day1.JPG,0.42392,R3W12_day11_exp2B,R3W12_2B_day11.JPG,0.42821,0.010119834,0.00429
2,B,2B,N,18,nutrient,N_18,20,S,A,S_A,170,N_18_20_S_A,R4W14,R4W14_exp2B,1,R4W14_day1_exp2B,R4W14_2B_day1.JPG,0.49632,R4W14_day11_exp2B,R4W14_2B_day11.JPG,0.44924,-0.094858156,-0.04708
2,B,2B,N,18,nutrient,N_18,20,S,A,S_A,210,N_18_20_S_A,R4W15,R4W15_exp2B,1,R4W15_day1_exp2B,R4W15_2B_day1.JPG,0.37408,R4W15_day11_exp2B,R4W15_2B_day11.JPG,0.39015,0.042958725,0.01607
2,B,2B,N,18,nutrient,N_18,20,S,S,S_S,208,N_18_20_S_S,R4W20,R4W20_exp2B,1,R4W20_day1_exp2B,R4W20_2B_day1.JPG,0.49768,R4W20_day11_exp2B,R4W20_2B_day11.JPG,0.50692,0.018566147,0.00924
2,B,2B,N,18,nutrient,N_18,20,S,S,S_S,188,N_18_20_S_S,R4W17,R4W17_exp2B,1,R4W17_day1_exp2B,R4W17_2B_day1.JPG,0.27344,R4W17_day11_exp2B,R4W17_2B_day11.JPG,0.39109,0.430258923,0.11765
2,B,2B,N,18,nutrient,N_18,20,S,S,S_S,225,N_18_20_S_S,R4W34,R4W34_exp2B,1,R4W34_day1_exp2B,R4W34_2B_day1.JPG,0.43092,R4W34_day11_exp2B,R4W34_2B_day11.JPG,0.38551,-0.105379189,-0.04541
2,B,2B,N,18,nutrient,N_18,30,F,A,F_A,201,N_18_30_F_A,R7W36,R7W36_exp2B,1,R7W36_day1_exp2B,R7W36_2B_day1.JPG,0.39149,R7W36_day11_exp2B,R7W36_2B_day11.JPG,0.42497,0.085519426,0.03348
2,B,2B,N,18,nutrient,N_18,30,F,A,F_A,168,N_18_30_F_A,R7W35,R7W35_exp2B,1,R7W35_day1_exp2B,R7W35_2B_day1.JPG,0.16743,R7W35_day11_exp2B,R7W35_2B_day11.JPG,0.29641,0.770351789,0.12898
2,B,2B,N,18,nutrient,N_18,30,F,S,F_S,223,N_18_30_F_S,R7W39,R7W39_exp2B,1,R7W39_day1_exp2B,R7W39_2B_day1.JPG,0.51816,R7W39_day11_exp2B,R7W39_2B_day11.JPG,0.4677,-0.097383048,-0.05046
2,B,2B,N,18,nutrient,N_18,30,F,S,F_S,175,N_18_30_F_S,R7W37,R7W37_exp2B,1,R7W37_day1_exp2B,R7W37_2B_day1.JPG,0.37152,R7W37_day11_exp2B,R7W37_2B_day11.JPG,0.44273,0.19167205,0.07121
2,B,2B,N,18,nutrient,N_18,30,F,S,F_S,207,N_18_30_F_S,R7W38,R7W38_exp2B,1,R7W38_day1_exp2B,R7W38_2B_day1.JPG,0.39041,R7W38_day11_exp2B,R7W38_2B_day11.JPG,0.4028,0.031735867,0.01239
2,B,2B,N,18,nutrient,N_18,30,S,A,S_A,170,N_18_30_S_A,R8W40,R8W40_exp2B,1,R8W40_day1_exp2B,R8W40_2B_day1.JPG,0.5265,R8W40_day11_exp2B,R8W40_2B_day11.JPG,0.48958,-0.070123457,-0.03692
2,B,2B,N,18,nutrient,N_18,30,S,A,S_A,212,N_18_30_S_A,R8W41,R8W41_exp2B,1,R8W41_day1_exp2B,R8W41_2B_day1.JPG,0.33821,R8W41_day11_exp2B,R8W41_2B_day11.JPG,0.35491,0.049377606,0.0167
2,B,2B,N,18,nutrient,N_18,30,S,S,S_S,191,N_18_30_S_S,R8W42,R8W42_exp2B,1,R8W42_day1_exp2B,R8W42_2B_day1.JPG,0.43877,R8W42_day11_exp2B,R8W42_2B_day11.JPG,0.49816,0.135355653,0.05939
2,B,2B,N,18,nutrient,N_18,30,S,S,S_S,226,N_18_30_S_S,R8W44,R8W44_exp2B,1,R8W44_day1_exp2B,R8W44_2B_day1.JPG,0.48504,R8W44_day11_exp2B,R8W44_2B_day11.JPG,0.47503,-0.020637473,-0.01001
2,B,2B,N,18,nutrient,N_18,30,S,S,S_S,209,N_18_30_S_S,R8W43,R8W43_exp2B,1,R8W43_day1_exp2B,R8W43_2B_day1.JPG,0.41816,R8W43_day11_exp2B,R8W43_2B_day11.JPG,0.36555,-0.125813086,-0.05261
3,A,3A,N,18,nutrient,N_18,20,F,A,F_A,241,N_18_20_F_A,R17W85,R17W85_exp3A,1,R17W85_day1_exp3A,R17W85_3A_day1.JPG,0.41259,R17W85_day11_exp3A,R17W85_3A_day11.JPG,0.44057,0.067815507,0.02798
3,A,3A,N,18,nutrient,N_18,30,F,A,F_A,241,N_18_30_F_A,R13W67,R13W67_exp3A,1,R13W67_day1_exp3A,R13W67_3A_day1.JPG,0.44366,R13W67_day11_exp3A,R13W67_3A_day11.JPG,0.37021,-0.165554704,-0.07345
3,A,3A,N,18,nutrient,N_18,30,F,A,F_A,237,N_18_30_F_A,R14W71,R14W71_exp3A,1,R14W71_day1_exp3A,R14W71_3A_day1.JPG,0.28659,R14W71_day11_exp3A,R14W71_3A_day11.JPG,0.31904,0.113227956,0.03245
3,A,3A,N,18,nutrient,N_18,30,F,A,F_A,227,N_18_30_F_A,R14W70,R14W70_exp3A,1,R14W70_day1_exp3A,R14W70_3A_day1.JPG,0.28406,R14W70_day11_exp3A,R14W70_3A_day11.JPG,0.26614,-0.063085264,-0.01792
3,A,3A,N,18,nutrient,N_18,30,F,S,F_S,237,N_18_30_F_S,R14W72,R14W72_exp3A,1,R14W72_day1_exp3A,R14W72_3A_day1.JPG,0.34287,R14W72_day11_exp3A,R14W72_3A_day11.JPG,0.30194,-0.11937469,-0.04093
3,A,3A,N,18,nutrient,N_18,30,F,S,F_S,239,N_18_30_F_S,R14W73,R14W73_exp3A,1,R14W73_day1_exp3A,R14W73_3A_day1.JPG,0.24836,R14W73_day11_exp3A,R14W73_3A_day11.JPG,0.25637,0.03225157,0.00801
3,A,3A,N,18,nutrient,N_18,30,S,A,S_A,232,N_18_30_S_A,R15W75,R15W75_exp3A,1,R15W75_day1_exp3A,R15W75_3A_day1.JPG,0.32752,R15W75_day11_exp3A,R15W75_3A_day11.JPG,0.37906,0.157364436,0.05154
3,A,3A,N,18,nutrient,N_18,30,S,A,S_A,240,N_18_30_S_A,R14W74,R14W74_exp3A,1,R14W74_day1_exp3A,R14W74_3A_day1.JPG,0.34465,R14W74_day11_exp3A,R14W74_3A_day11.JPG,0.37563,0.089888292,0.03098
3,A,3A,N,18,nutrient,N_18,30,S,A,S_A,237,N_18_30_S_A,R15W76,R15W76_exp3A,1,R15W76_day1_exp3A,R15W76_3A_day1.JPG,0.33469,R15W76_day11_exp3A,R15W76_3A_day11.JPG,0.30427,-0.090890077,-0.03042
3,A,3A,N,18,nutrient,N_18,30,S,S,S_S,239,N_18_30_S_S,R15W78,R15W78_exp3A,1,R15W78_day1_exp3A,R15W78_3A_day1.JPG,0.37728,R15W78_day11_exp3A,R15W78_3A_day11.JPG,0.43428,0.151081425,0.057
3,A,3A,N,18,nutrient,N_18,30,S,S,S_S,237,N_18_30_S_S,R15W77,R15W77_exp3A,1,R15W77_day1_exp3A,R15W77_3A_day1.JPG,0.38887,R15W77_day11_exp3A,R15W77_3A_day11.JPG,0.37202,-0.043330676,-0.01685
3,B,3B,N,18,nutrient,N_18,20,F,A,F_A,252,N_18_20_F_A,O15Y25,O15Y25_exp3B,1,O15Y25_day1_exp3B,O15Y25_3B_day1.JPG,0.49538,O15Y25_day11_exp3B,O15Y25_3B_day11.JPG,0.5095,0.028503371,0.01412
3,B,3B,N,18,nutrient,N_18,20,S,A,S_A,256,N_18_20_S_A,O1B5,O1B5_exp3B,1,O1B5_day1_exp3B,O1B5_3B_day1.JPG,0.4567,O1B5_day11_exp3B,O1B5_3B_day11.JPG,0.3553,-0.222027589,-0.1014
3,B,3B,N,18,nutrient,N_18,20,S,A,S_A,238,N_18_20_S_A,O8G8,O8G8_exp3B,1,O8G8_day1_exp3B,O8G8_3B_day1.JPG,0.29288,O8G8_day11_exp3B,O8W8_3B_day11.JPG,0.34982,0.194414095,0.05694
3,B,3B,N,18,nutrient,N_18,30,F,A,F_A,254,N_18_30_F_A,W14O66,W14O66_exp3B,1,W14O66_day1_exp3B,W14O66_3B_day1.JPG,0.39939,W14O66_day11_exp3B,W13O60_3B_day11.JPG,0.50327,0.260096647,0.10388
3,B,3B,N,18,nutrient,N_18,30,F,A,F_A,238,N_18_30_F_A,W15O67,W15O67_exp3B,1,W15O67_day1_exp3B,W15O67_3B_day1.JPG,0.45057,W15O67_day11_exp3B,W14O62_3B_day1.JPG,0.31435,-0.302328162,-0.13622
3,B,3B,N,18,nutrient,N_18,30,F,S,F_S,246,N_18_30_F_S,W15O71,W15O71_exp3B,1,W15O71_day1_exp3B,W15O71_3B_day1.JPG,0.41978,W15O71_day11_exp3B,W14O65_3B_day1.JPG,0.45714,0.088998999,0.03736
3,B,3B,N,18,nutrient,N_18,30,F,S,F_S,249,N_18_30_F_S,W15O70,W15O70_exp3B,1,W15O70_day1_exp3B,W15O70_3B_day1.JPG,0.36085,W15O70_day11_exp3B,W14O64_3B_day1.JPG,0.43894,0.216405709,0.07809
3,B,3B,N,18,nutrient,N_18,30,F,S,F_S,242,N_18_30_F_S,W15O69,W15O69_exp3B,1,W15O69_day1_exp3B,W15O69_3B_day1.JPG,0.43784,W15O69_day11_exp3B,W14O63_3B_day1.JPG,0.29277,-0.33133108,-0.14507
3,B,3B,N,18,nutrient,N_18,30,S,A,S_A,241,N_18_30_S_A,W16O73,W16O73_exp3B,1,W16O73_day1_exp3B,W15O67_3B_day1.JPG,0.46974,W16O73_day11_exp3B,W15O67_3B_day11.JPG,0.4338,-0.07651041,-0.03594
3,B,3B,N,18,nutrient,N_18,30,S,A,S_A,257,N_18_30_S_A,W15O72,W15O72_exp3B,1,W15O72_day1_exp3B,W15O72_3B_day1.JPG,0.467,W15O72_day11_exp3B,W14O66_3B_day1.JPG,0.43024,-0.078715203,-0.03676
3,B,3B,N,18,nutrient,N_18,30,S,S,S_S,244,N_18_30_S_S,W16O74,W16O74_exp3B,1,W16O74_day1_exp3B,W15O69_3B_day1.JPG,0.43218,W16O74_day11_exp3B,W15O69_3B_day11.JPG,0.43062,-0.003609607,-0.00156
3,B,3B,N,18,nutrient,N_18,30,S,S,S_S,252,N_18_30_S_S,W16O76,W16O76_exp3B,1,W16O76_day1_exp3B,W15O71_3B_day1.JPG,0.41796,W16O76_day11_exp3B,W15O71_3B_day11.JPG,0.42876,0.025839793,0.0108
3,B,3B,N,18,nutrient,N_18,30,S,S,S_S,247,N_18_30_S_S,W16O75,W16O75_exp3B,1,W16O75_day1_exp3B,W15O70_3B_day1.JPG,0.3833,W16O75_day11_exp3B,W15O70_3B_day11.JPG,0.36368,-0.05118706,-0.01962
