exp_num,subrun,N_species,N_dose,control_or_nutrient,N_species_dose,temp,food,sym_state,food_sym_state,col_num,treat_ID,beetag,beetag_exprun,image_day,beetag_day1_exp_concat,image_name_day1,red_day1,beetag_day11_exp_concat,image_name_day11,red_day11,red_percent_change,red_delta
3,B,A,0,control,A_0,30,F,S,F_S,252,CNTRL_30_F_S,W3O17,W3O17_exp3B,1,W3O17_day1_exp3B,W3O17_3B_day1.JPG,0.58953,W3O17_day11_exp3B,W3O17_3B_day11.JPG,0.60997,0.034671688,0.02044
1,A,A,0,control,A_0,30,S,S,S_S,157,CNTRL_30_S_S,B33G95,B33G95_exp1A,1,B33G95_day1_exp1A,B33G95_1A_day1.JPG,0.63849,B33G95_day11_exp1A,B33G95_1A_day11.JPG,0.6038,-0.054331313,-0.03469
2,A,A,0,control,A_0,30,S,A,S_A,233,CNTRL_30_S_A,B29G67,B29G67_exp2A,1,B29G67_day1_exp2A,B29G67_2A_day1.JPG,0.52761,B29G67_day11_exp2A,B29G67_2A_day11.JPG,0.5375,0.018744906,0.00989
1,B,A,0,control,A_0,30,F,S,F_S,167,CNTRL_30_F_S,B13G10,B13G10_exp1B,1,B13G10_day1_exp1B,B13G10_1B_day1.JPG,0.48781,B13G10_day11_exp1B,B13G10_1B_day11.JPG,0.53401,0.094709006,0.0462
2,B,A,0,control,A_0,30,S,S,S_S,198,CNTRL_30_S_S,B34G3106,B34G3106_exp2B,1,B34G3106_day1_exp2B,B34G31_2B_day1.JPG,0.51303,B34G3106_day11_exp2B,B34G31_2B_day11.JPG,0.53264,0.038223886,0.01961
1,B,A,0,control,A_0,20,F,A,F_A,167,CNTRL_20_F_A,B26G48,B26G48_exp1B,1,B26G48_day1_exp1B,B26G48_1B_day1.JPG,0.53307,B26G48_day11_exp1B,B26G48_1B_day11.JPG,0.52948,-0.006734575,-0.00359
1,B,A,0,control,A_0,30,F,A,F_A,167,CNTRL_30_F_A,B13G2,B13G2_exp1B,1,B13G2_day1_exp1B,B13G2_1B_day1.JPG,0.54838,B13G2_day11_exp1B,B13G2_1B_day11.JPG,0.5292,-0.034975747,-0.01918
2,B,A,0,control,A_0,30,F,A,F_A,170,CNTRL_30_F_A,B33G90,B33G90_exp2B,1,B33G90_day1_exp2B,B33G90_2B_day1.JPG,0.53134,B33G90_day11_exp2B,B33G90_2B_day11.JPG,0.52453,-0.012816652,-0.00681
3,B,A,0,control,A_0,20,S,S,S_S,254,CNTRL_20_S_S,O4B24,O4B24_exp3B,1,O4B24_day1_exp3B,O4B24_3B_day1.JPG,0.5333,O4B24_day11_exp3B,O4B24_3B_day11.JPG,0.52125,-0.022595162,-0.01205
2,B,A,0,control,A_0,30,F,S,F_S,226,CNTRL_30_F_S,B33G95,B33G95_exp2B,1,B33G95_day1_exp2B,B33G95_2B_day1.JPG,0.39021,B33G95_day11_exp2B,B33G95_2B_day11.JPG,0.51502,0.319853412,0.12481
1,A,A,0,control,A_0,30,S,A,S_A,154,CNTRL_30_S_A,B33G92,B33G92_exp1A,1,B33G92_day1_exp1A,B33G92_1A_day1.JPG,0.45585,B33G92_day11_exp1A,B33G92_1A_day11.JPG,0.51177,0.122671932,0.05592
2,A,A,0,control,A_0,30,S,S,S_S,205,CNTRL_30_S_S,B29G70,B29G70_exp2A,1,B29G70_day1_exp2A,B29G70_2A_day1.JPG,0.44632,B29G70_day11_exp2A,B29G70_2A_day11.JPG,0.5045,0.130354902,0.05818
1,B,A,0,control,A_0,30,S,S,S_S,167,CNTRL_30_S_S,B25G46,B25G46_exp1B,1,B25G46_day1_exp1B,B25G46_1B_day1.JPG,0.50413,B25G46_day11_exp1B,B25G46_1B_day11.JPG,0.50099,-0.006228552,-0.00314
2,A,A,0,control,A_0,20,S,A,S_A,233,CNTRL_20_S_A,B24G40,B24G40_exp2A,1,B24G40_day1_exp2A,B24G40_2A_day1.JPG,0.52712,B24G40_day11_exp2A,B24G40_2A_day11.JPG,0.49753,-0.056135225,-0.02959
2,B,A,0,control,A_0,30,S,A,S_A,178,CNTRL_30_S_A,B34G97,B34G97_exp2B,1,B34G97_day1_exp2B,B34G97_2B_day1.JPG,0.5517,B34G97_day11_exp2B,B34G97_2B_day11.JPG,0.4951,-0.102591988,-0.0566
1,A,A,0,control,A_0,20,F,A,F_A,152,CNTRL_20_F_A,B24G38,B24G38_exp1A,1,B24G38_day1_exp1A,B24G38_1A_day1.JPG,0.50635,B24G38_day11_exp1A,B24G38_1A_day11.JPG,0.48912,-0.034027846,-0.01723
1,B,A,0,control,A_0,30,F,S,F_S,178,CNTRL_30_F_S,B13G13,B13G13_exp1B,1,B13G13_day1_exp1B,B13G13_1B_day1.JPG,0.45258,B13G13_day11_exp1B,B13G13_1B_day11.JPG,0.47878,0.057890318,0.0262
1,A,A,0,control,A_0,30,F,S,F_S,155,CNTRL_30_F_S,B31G82,B31G82_exp1A,1,B31G82_day1_exp1A,B31G82_1A_day1.JPG,0.53367,B31G82_day11_exp1A,B31G81_1A_day11.JPG,0.47829,-0.103771994,-0.05538
3,A,A,0,control,A_0,30,F,S,F_S,241,CNTRL_30_F_S,B28G63,B28G63_exp3A,1,B28G63_day1_exp3A,B28G63_3A_day1.JPG,0.45753,B28G63_day11_exp3A,B28G63_3A_day11.JPG,0.46737,0.021506786,0.00984
2,A,A,0,control,A_0,30,S,S,S_S,222,CNTRL_30_S_S,B29G71,B29G71_exp2A,1,B29G71_day1_exp2A,B29G71_2A_day1.JPG,0.43379,B29G71_day11_exp2A,B29G71_2A_day11.JPG,0.46206,0.065169783,0.02827
3,B,A,0,control,A_0,30,F,S,F_S,248,CNTRL_30_F_S,W3O15,W3O15_exp3B,1,W3O15_day1_exp3B,W3O15_3B_day1.JPG,0.42019,W3O15_day11_exp3B,W3O15_3B_day11.JPG,0.46049,0.095908994,0.0403
1,A,A,0,control,A_0,20,S,S,S_S,157,CNTRL_20_S_S,B34G3409,B34G3409_exp1A,1,B34G3409_day1_exp1A,B34G34_1A_day1.JPG,0.36539,B34G3409_day11_exp1A,B34G34_1A_day11.JPG,0.45966,0.257998303,0.09427
3,B,A,0,control,A_0,20,S,A,S_A,243,CNTRL_20_S_A,O3B20,O3B20_exp3B,1,O3B20_day1_exp3B,O3B20_3B_day1.JPG,0.51594,O3B20_day11_exp3B,O3B20_3B_day11.JPG,0.45816,-0.111989766,-0.05778
3,A,A,0,control,A_0,20,F,S,F_S,241,CNTRL_20_F_S,B23G37,B23G37_exp3A,1,B23G37_day1_exp3A,B23G37_3A_day1.JPG,0.41494,B23G37_day11_exp3A,B23G37_3A_day11.JPG,0.45623,0.099508363,0.04129
2,B,A,0,control,A_0,20,F,A,F_A,170,CNTRL_20_F_A,B27G53,B27G53_exp2B,1,B27G53_day1_exp2B,B27G53_2B_day1.JPG,0.47811,B27G53_day11_exp2B,B27G53_2B_day11.JPG,0.45456,-0.049256447,-0.02355
3,B,A,0,control,A_0,30,S,A,S_A,243,CNTRL_30_S_A,W3O20,W3O20_exp3B,1,W3O20_day1_exp3B,W3O20_3B_day1.JPG,0.55265,W3O20_day11_exp3B,W3O20_3B_day11.JPG,0.45391,-0.178666425,-0.09874
3,B,A,0,control,A_0,20,F,S,F_S,252,CNTRL_20_F_S,O3B17,O3B17_exp3B,1,O3B17_day1_exp3B,O3B17_3B_day1.JPG,0.53115,O3B17_day11_exp3B,O3B17_3B_day11.JPG,0.45352,-0.14615457,-0.07763
3,A,A,0,control,A_0,30,F,S,F_S,240,CNTRL_30_F_S,B28G62,B28G62_exp3A,1,B28G62_day1_exp3A,B28G62_3A_day1.JPG,0.46216,B28G62_day11_exp3A,B28G62_3A_day11.JPG,0.45334,-0.0190843,-0.00882
2,A,A,0,control,A_0,20,S,A,S_A,210,CNTRL_20_S_A,B24G39,B24G39_exp2A,1,B24G39_day1_exp2A,B24G39_2A_day1.JPG,0.45366,B24G39_day11_exp2A,B24G39_2A_day11.JPG,0.45318,-0.001058061,-0.00048
1,A,A,0,control,A_0,20,F,S,F_S,155,CNTRL_20_F_S,B24G42,B24G42_exp1A,1,B24G42_day1_exp1A,B24G42_1A_day1.JPG,0.41567,B24G42_day11_exp1A,B24G42_1A_day11.JPG,0.4524,0.088363365,0.03673
3,A,A,0,control,A_0,20,F,A,F_A,234,CNTRL_20_F_A,B23G33,B23G33_exp3A,1,B23G33_day1_exp3A,B23G33_3A_day1.JPG,0.46059,B23G33_day11_exp3A,B23G33_3A_day11.JPG,0.44739,-0.028658894,-0.0132
3,A,A,0,control,A_0,20,S,S,S_S,241,CNTRL_20_S_S,B24G42,B24G42_exp3A,1,B24G42_day1_exp3A,B24G42_3A_day1.JPG,0.38218,B24G42_day11_exp3A,B24G42_3A_day11.JPG,0.4466,0.168559318,0.06442
2,B,A,0,control,A_0,20,S,A,S_A,215,CNTRL_20_S_A,B30G72,B30G72_exp2B,1,B30G72_day1_exp2B,B30G72_2B_day1.JPG,0.44217,B30G72_day11_exp2B,B30G72_2B_day11.JPG,0.44562,0.007802429,0.00345
2,B,A,0,control,A_0,30,F,S,F_S,211,CNTRL_30_F_S,B33G94,B33G94_exp2B,1,B33G94_day1_exp2B,B33G94_2B_day1.JPG,0.32872,B33G94_day11_exp2B,B33G94_2B_day11.JPG,0.43986,0.338099294,0.11114
2,B,A,0,control,A_0,20,F,S,F_S,191,CNTRL_20_F_S,B27G55,B27G55_exp2B,1,B27G55_day1_exp2B,B27G55_2B_day1.JPG,0.42903,B27G55_day11_exp2B,B27G55_2B_day11.JPG,0.43631,0.01696851,0.00728
1,B,A,0,control,A_0,20,S,S,S_S,167,CNTRL_20_S_S,B28G62,B28G62_exp1B,1,B28G62_day1_exp1B,B28G62_1B_day1.JPG,0.45839,B28G62_day11_exp1B,B28G62_1B_day11.JPG,0.43279,-0.055847641,-0.0256
2,B,A,0,control,A_0,20,F,S,F_S,226,CNTRL_20_F_S,B27G57,B27G57_exp2B,1,B27G57_day1_exp2B,B27G57_2B_day1.JPG,0.45069,B27G57_day11_exp2B,B27G57_2B_day11.JPG,0.43197,-0.041536311,-0.01872
1,A,A,0,control,A_0,30,S,S,S_S,144,CNTRL_30_S_S,B33G93,B33G93_exp1A,1,B33G93_day1_exp1A,B33G93_1A_day1.JPG,0.36301,B33G93_day11_exp1A,B33G93_1A_day11.JPG,0.43167,0.189140795,0.06866
2,A,A,0,control,A_0,20,F,A,F_A,209,CNTRL_20_F_A,B23G34,B23G34_exp2A,1,B23G34_day1_exp2A,B23G34_2A_day1.JPG,0.38539,B23G34_day11_exp2A,B23G34_2A_day11.JPG,0.43114,0.118710916,0.04575
2,A,A,0,control,A_0,20,S,S,S_S,201,CNTRL_20_S_S,B24G41,B24G41_exp2A,1,B24G41_day1_exp2A,B24G41_2A_day1.JPG,0.40926,B24G41_day11_exp2A,B24G41_2A_day11.JPG,0.42802,0.045838831,0.01876
2,A,A,0,control,A_0,30,F,S,F_S,198,CNTRL_30_F_S,B28G62,B28G62_exp2A,1,B28G62_day1_exp2A,B28G62_2A_day1.JPG,0.42078,B28G62_day11_exp2A,B28G62_2A_day11.JPG,0.42618,0.01283331,0.0054
3,A,A,0,control,A_0,30,S,A,S_A,237,CNTRL_30_S_A,B29G65,B29G65_exp3A,1,B29G65_day1_exp3A,B29G65_3A_day1.JPG,0.38913,B29G65_day11_exp3A,B29G65_3A_day11.JPG,0.42001,0.079356513,0.03088
3,A,A,0,control,A_0,30,S,S,S_S,240,CNTRL_30_S_S,B29G70,B29G70_exp3A,1,B29G70_day1_exp3A,B29G70_3A_day1.JPG,0.38009,B29G70_day11_exp3A,B29G70_3A_day11.JPG,0.41738,0.098108343,0.03729
3,B,A,0,control,A_0,20,F,S,F_S,244,CNTRL_20_F_S,O3B14,O3B14_exp3B,1,O3B14_day1_exp3B,O3B14_3B_day1.JPG,0.39646,O3B14_day11_exp3B,O3B14_3B_day11.JPG,0.41707,0.051985068,0.02061
1,A,A,0,control,A_0,30,S,A,S_A,155,CNTRL_30_S_A,B33G90,B33G90_exp1A,1,B33G90_day1_exp1A,B33G90_1A_day1.JPG,0.3234,B33G90_day11_exp1A,B33G90_1A_day11.JPG,0.41328,0.277922078,0.08988
2,B,A,0,control,A_0,20,S,S,S_S,217,CNTRL_20_S_S,B30G75,B30G75_exp2B,1,B30G75_day1_exp2B,B30G75_2B_day1.JPG,0.38881,B30G75_day11_exp2B,B30G75_2B_day11.JPG,0.40837,0.050307348,0.01956
1,A,A,0,control,A_0,20,F,S,F_S,151,CNTRL_20_F_S,B24G41,B24G41_exp1A,1,B24G41_day1_exp1A,B24G41_1A_day1.JPG,0.37772,B24G41_day11_exp1A,B24G41_1A_day11.JPG,0.4083,0.080959441,0.03058
1,A,A,0,control,A_0,30,F,S,F_S,144,CNTRL_30_F_S,B31G79,B31G79_exp1A,1,B31G79_day1_exp1A,B31G79_1A_day1.JPG,0.47712,B31G79_day11_exp1A,B31G79_1A_day11.JPG,0.40782,-0.145246479,-0.0693
3,B,A,0,control,A_0,30,F,A,F_A,242,CNTRL_30_F_A,W3O13,W3O13_exp3B,1,W3O13_day1_exp3B,W3O13_3B_day1.JPG,0.42906,W3O13_day11_exp3B,W3O13_3B_day11.JPG,0.40702,-0.051368107,-0.02204
2,B,A,0,control,A_0,20,S,A,S_A,171,CNTRL_20_S_A,B30G73,B30G73_exp2B,1,B30G73_day1_exp2B,B30G73_2B_day1.JPG,0.49533,B30G73_day11_exp2B,B30G73_2B_day11.JPG,0.40608,-0.180182908,-0.08925
2,A,A,0,control,A_0,30,F,A,F_A,232,CNTRL_30_F_A,B28G60,B28G60_exp2A,1,B28G60_day1_exp2A,B28G60_2A_day1.JPG,0.36463,B28G60_day11_exp2A,B28G60_2A_day11.JPG,0.40398,0.107917615,0.03935
3,B,A,0,control,A_0,30,S,S,S_S,255,CNTRL_30_S_S,W4O24,W4O24_exp3B,1,W4O24_day1_exp3B,W4O24_3B_day1.JPG,0.42961,W4O24_day11_exp3B,W4O24_3B_day11.JPG,0.40066,-0.0673867,-0.02895
2,A,A,0,control,A_0,30,F,S,F_S,220,CNTRL_30_F_S,B28G63,B28G63_exp2A,1,B28G63_day1_exp2A,B28G63_2A_day1.JPG,0.42885,B28G63_day11_exp2A,B28G63_2A_day11.JPG,0.40064,-0.065780576,-0.02821
3,A,A,0,control,A_0,20,F,S,F_S,239,CNTRL_20_F_S,B23G36,B23G36_exp3A,1,B23G36_day1_exp3A,B23G36_3A_day1.JPG,0.38103,B23G36_day11_exp3A,B23G36_3A_day11.JPG,0.40006,0.049943574,0.01903
1,B,A,0,control,A_0,20,S,A,S_A,187,CNTRL_20_S_A,B28G60,B28G60_exp1B,1,B28G60_day1_exp1B,B28G60_1B_day1.JPG,0.38332,B28G60_day11_exp1B,B28G60_1B_day11.JPG,0.39698,0.035636022,0.01366
2,A,A,0,control,A_0,20,F,S,F_S,220,CNTRL_20_F_S,B23G37,B23G37_exp2A,1,B23G37_day1_exp2A,B23G37_2A_day1.JPG,0.33179,B23G37_day11_exp2A,B23G37_2A_day11.JPG,0.39031,0.176376624,0.05852
1,B,A,0,control,A_0,30,F,A,F_A,178,CNTRL_30_F_A,B13G3,B13G3_exp1B,1,B13G3_day1_exp1B,B13G3_1B_day1.JPG,0.38279,B13G3_day11_exp1B,B13G3_1B_day11.JPG,0.39025,0.019488492,0.00746
3,B,A,0,control,A_0,20,F,A,F_A,242,CNTRL_20_F_A,O3B13,O3B13_exp3B,1,O3B13_day1_exp3B,O3B13_3B_day1.JPG,0.38903,O3B13_day11_exp3B,O3B13_3B_day11.JPG,0.38996,0.002390561,0.00093
3,B,A,0,control,A_0,30,S,S,S_S,245,CNTRL_30_S_S,W4O23,W4O23_exp3B,1,W4O23_day1_exp3B,W4O23_3B_day1.JPG,0.39366,W4O23_day11_exp3B,W4O23_3B_day11.JPG,0.38969,-0.010084845,-0.00397
2,A,A,0,control,A_0,30,F,A,F_A,210,CNTRL_30_F_A,B28G59,B28G59_exp2A,1,B28G59_day1_exp2A,B28G59_2A_day1.JPG,0.35905,B28G59_day11_exp2A,B28G59_2A_day11.JPG,0.38899,0.083386715,0.02994
1,A,A,0,control,A_0,30,F,A,F_A,160,CNTRL_30_F_A,B31G77,B31G77_exp1A,1,B31G77_day1_exp1A,B31G77_1A_day1.JPG,0.34958,B31G77_day11_exp1A,B31G77_1A_day11.JPG,0.38692,0.106813891,0.03734
2,A,A,0,control,A_0,30,S,A,S_A,221,CNTRL_30_S_A,B29G65,B29G65_exp2A,1,B29G65_day1_exp2A,B29G65_2A_day1.JPG,0.39542,B29G65_day11_exp2A,B29G65_2A_day11.JPG,0.38594,-0.023974508,-0.00948
1,B,A,0,control,A_0,20,F,A,F_A,184,CNTRL_20_F_A,B26G50,B26G50_exp1B,1,B26G50_day1_exp1B,B26G50_1B_day1.JPG,0.37594,B26G50_day11_exp1B,B26G50_1B_day11.JPG,0.37839,0.006516997,0.00245
1,B,A,0,control,A_0,30,S,S,S_S,182,CNTRL_30_S_S,B25G47,B25G47_exp1B,1,B25G47_day1_exp1B,B25G47_1B_day1.JPG,0.34604,B25G47_day11_exp1B,B25G47_1B_day11.JPG,0.37745,0.090769853,0.03141
2,A,A,0,control,A_0,30,S,A,S_A,198,CNTRL_30_S_A,B29G64,B29G64_exp2A,1,B29G64_day1_exp2A,B29G64_2A_day1.JPG,0.38251,B29G64_day11_exp2A,B29G64_2A_day11.JPG,0.37538,-0.018640036,-0.00713
2,B,A,0,control,A_0,20,S,S,S_S,196,CNTRL_20_S_S,B30G74,B30G74_exp2B,1,B30G74_day1_exp2B,B30G74_2B_day1.JPG,0.36785,B30G74_day11_exp2B,B30G74_2B_day11.JPG,0.36774,-0.000299035,-0.00011
3,A,A,0,control,A_0,20,F,A,F_A,237,CNTRL_20_F_A,B23G35,B23G35_exp3A,1,B23G35_day1_exp3A,B23G35_3A_day1.JPG,0.36413,B23G35_day11_exp3A,B23G35_3A_day11.JPG,0.36586,0.00475105,0.00173
3,B,A,0,control,A_0,30,F,S,F_S,245,CNTRL_30_F_S,W3O14,W3O14_exp3B,1,W3O14_day1_exp3B,W3O14_3B_day1.JPG,0.3679,W3O14_day11_exp3B,W3O14_3B_day11.JPG,0.36218,-0.015547703,-0.00572
2,B,A,0,control,A_0,20,F,A,F_A,212,CNTRL_20_F_A,B27G54,B27G54_exp2B,1,B27G54_day1_exp2B,B27G54_2B_day1.JPG,0.36274,B27G54_day11_exp2B,B27G54_2B_day11.JPG,0.36129,-0.003997353,-0.00145
3,B,A,0,control,A_0,30,S,A,S_A,242,CNTRL_30_S_A,W4O21,W4O21_exp3B,1,W4O21_day1_exp3B,W4O21_3B_day1.JPG,0.34712,W4O21_day11_exp3B,W4O21_3B_day11.JPG,0.36092,0.039755704,0.0138
3,A,A,0,control,A_0,20,S,S,S_S,240,CNTRL_20_S_S,B24G41,B24G41_exp3A,1,B24G41_day1_exp3A,B24G41_3A_day1.JPG,0.39004,B24G41_day11_exp3A,B24G41_3A_day11.JPG,0.35912,-0.079273921,-0.03092
1,B,A,0,control,A_0,20,F,S,F_S,166,CNTRL_20_F_S,B26G51,B26G51_exp1B,1,B26G51_day1_exp1B,B26G51_1B_day1.JPG,0.3968,B26G51_day11_exp1B,B26G51_1B_day11.JPG,0.35897,-0.095337702,-0.03783
3,A,A,0,control,A_0,30,S,A,S_A,238,CNTRL_30_S_A,B29G67,B29G67_exp3A,1,B29G67_day1_exp3A,B29G67_3A_day1.JPG,0.40862,B29G67_day11_exp3A,B29G67_3A_day11.JPG,0.35259,-0.137120063,-0.05603
1,B,A,0,control,A_0,30,S,A,S_A,181,CNTRL_30_S_A,B25G44,B25G44_exp1B,1,B25G44_day1_exp1B,B25G44_1B_day1.JPG,0.34133,B25G44_day11_exp1B,B25G44_1B_day11.JPG,0.3519,0.030967099,0.01057
2,B,A,0,control,A_0,30,F,A,F_A,213,CNTRL_30_F_A,B33G92,B33G92_exp2B,1,B33G92_day1_exp2B,B33G92_2B_day1.JPG,0.3919,B33G92_day11_exp2B,B33G92_2B_day11.JPG,0.34785,-0.112401123,-0.04405
2,B,A,0,control,A_0,30,S,A,S_A,224,CNTRL_30_S_A,B34G100,B34G100_exp2B,1,B34G100_day1_exp2B,B34G100_2B_day1.JPG,0.34563,B34G100_day11_exp2B,B34G100_2B_day11.JPG,0.34512,-0.001475566,-0.00051
2,B,A,0,control,A_0,30,S,S,S_S,233,CNTRL_30_S_S,B34G3409,B34G3409_exp2B,1,B34G3409_day1_exp2B,B34G34_2B_day1.JPG,0.22795,B34G3409_day11_exp2B,B34G34_2B_day11.JPG,0.34499,0.513445931,0.11704
1,A,A,0,control,A_0,30,F,S,F_S,152,CNTRL_30_F_S,B31G80,B31G80_exp1A,1,B31G80_day1_exp1A,B31G80_1A_day1.JPG,0.35304,B31G80_day11_exp1A,B31G80_1A_day11.JPG,0.34499,-0.022801949,-0.00805
3,A,A,0,control,A_0,30,F,A,F_A,237,CNTRL_30_F_A,B28G59,B28G59_exp3A,1,B28G59_day1_exp3A,B28G59_3A_day1.JPG,0.33027,B28G59_day11_exp3A,B28G59_3A_day11.JPG,0.34468,0.043630969,0.01441
1,A,A,0,control,A_0,20,S,S,S_S,144,CNTRL_20_S_S,B34G3106,B34G3106_exp1A,1,B34G3106_day1_exp1A,B34G31_1A_day1.JPG,0.37724,B34G3106_day11_exp1A,B34G31_1A_day11.JPG,0.34255,-0.091957375,-0.03469
3,B,A,0,control,A_0,20,S,S,S_S,248,CNTRL_20_S_S,O4B23,O4B23_exp3B,1,O4B23_day1_exp3B,O4B23_3B_day1.JPG,0.40931,O4B23_day11_exp3B,O4B23_3B_day11.JPG,0.3408,-0.167379248,-0.06851
3,B,A,0,control,A_0,20,F,S,F_S,247,CNTRL_20_F_S,O3B15,O3B15_exp3B,1,O3B15_day1_exp3B,O3B15_3B_day1.JPG,0.33063,O3B15_day11_exp3B,O3B15_3B_day11.JPG,0.3375,0.020778514,0.00687
3,A,A,0,control,A_0,20,F,A,F_A,237,CNTRL_20_F_A,B23G34,B23G34_exp3A,1,B23G34_day1_exp3A,B23G34_3A_day1.JPG,0.31712,B23G34_day11_exp3A,B23G34_3A_day11.JPG,0.33597,0.059441221,0.01885
1,B,A,0,control,A_0,20,S,S,S_S,182,CNTRL_20_S_S,B28G63,B28G63_exp1B,1,B28G63_day1_exp1B,B28G63_1B_day1.JPG,0.38111,B28G63_day11_exp1B,B28G63_1B_day11.JPG,0.33172,-0.12959513,-0.04939
3,A,A,0,control,A_0,30,S,A,S_A,237,CNTRL_30_S_A,B29G64,B29G64_exp3A,1,B29G64_day1_exp3A,B29G64_3A_day1.JPG,0.3032,B29G64_day11_exp3A,B29G64_3A_day11.JPG,0.33156,0.09353562,0.02836
1,B,A,0,control,A_0,20,F,A,F_A,178,CNTRL_20_F_A,B26G49,B26G49_exp1B,1,B26G49_day1_exp1B,B26G49_1B_day1.JPG,0.39171,B26G49_day11_exp1B,B26G49_1B_day11.JPG,0.32913,-0.159761048,-0.06258
2,A,A,0,control,A_0,20,F,S,F_S,193,CNTRL_20_F_S,B23G36,B23G36_exp2A,1,B23G36_day1_exp2A,B23G36_2A_day1.JPG,0.28012,B23G36_day11_exp2A,B23G36_2A_day11.JPG,0.32603,0.163894045,0.04591
2,B,A,0,control,A_0,30,S,S,S_S,217,CNTRL_30_S_S,B34G3310,B34G3310_exp2B,1,B34G3310_day1_exp2B,B34G33_2B_day1.JPG,0.29072,B34G3310_day11_exp2B,B34G33_2B_day11.JPG,0.32242,0.109039626,0.0317
1,B,A,0,control,A_0,30,S,A,S_A,187,CNTRL_30_S_A,B25G45,B25G45_exp1B,1,B25G45_day1_exp1B,B25G45_1B_day1.JPG,0.30894,B25G45_day11_exp1B,B25G45_1B_day11.JPG,0.31684,0.025571308,0.0079
3,A,A,0,control,A_0,20,S,A,S_A,237,CNTRL_20_S_A,B24G39,B24G39_exp3A,1,B24G39_day1_exp3A,B24G39_3A_day1.JPG,0.37657,B24G39_day11_exp3A,B24G39_3A_day11.JPG,0.31164,-0.172424782,-0.06493
1,A,A,0,control,A_0,30,S,S,S_S,153,CNTRL_30_S_S,B33G94,B33G94_exp1A,1,B33G94_day1_exp1A,B33G94_1A_day1.JPG,0.2803,B33G94_day11_exp1A,B33G94_1A_day11.JPG,0.31122,0.110310382,0.03092
1,A,A,0,control,A_0,20,S,S,S_S,153,CNTRL_20_S_S,B34G3310,B34G3310_exp1A,1,B34G3310_day1_exp1A,B34G33_1A_day1.JPG,0.29629,B34G3310_day11_exp1A,B34G33_1A_day11.JPG,0.30925,0.043740929,0.01296
2,B,A,0,control,A_0,20,F,S,F_S,211,CNTRL_20_F_S,B27G56,B27G56_exp2B,1,B27G56_day1_exp2B,B27G56_2B_day1.JPG,0.33947,B27G56_day11_exp2B,B27G56_2B_day11.JPG,0.3048,-0.102129791,-0.03467
1,B,A,0,control,A_0,20,S,A,S_A,179,CNTRL_20_S_A,B28G59,B28G59_exp1B,1,B28G59_day1_exp1B,B28G59_1B_day1.JPG,0.28675,B28G59_day11_exp1B,B28G59_1B_day11.JPG,0.30083,0.049102005,0.01408
1,B,A,0,control,A_0,20,S,A,S_A,168,CNTRL_20_S_A,B28G58,B28G58_exp1B,1,B28G58_day1_exp1B,B28G58_1B_day1.JPG,0.2823,B28G58_day11_exp1B,B28G58_1B_day11.JPG,0.29709,0.052391073,0.01479
3,B,A,0,control,A_0,30,S,S,S_S,250,CNTRL_30_S_S,W4O22,W4O22_exp3B,1,W4O22_day1_exp3B,W4O22_3B_day1.JPG,0.26257,W4O22_day11_exp3B,W4O22_3B_day11.JPG,0.2964,0.128841833,0.03383
2,A,A,0,control,A_0,20,S,S,S_S,222,CNTRL_20_S_S,B24G42,B24G42_exp2A,1,B24G42_day1_exp2A,B24G42_2A_day1.JPG,0.32875,B24G42_day11_exp2A,B24G42_2A_day11.JPG,0.29254,-0.110144487,-0.03621
1,A,A,0,control,A_0,20,S,A,S_A,146,CNTRL_20_S_A,B34G100,B34G100_exp1A,1,B34G100_day1_exp1A,B34G100_1A_day1.JPG,0.26966,B34G100_day11_exp1A,B34G100_1A_day11.JPG,0.2908,0.078395016,0.02114
1,B,A,0,control,A_0,20,F,S,F_S,173,CNTRL_20_F_S,B26G52,B26G52_exp1B,1,B26G52_day1_exp1B,B26G52_1B_day1.JPG,0.33867,B26G52_day11_exp1B,B26G52_1B_day11.JPG,0.28662,-0.153689432,-0.05205
1,A,A,0,control,A_0,20,S,A,S_A,162,CNTRL_20_S_A,B34G97,B34G97_exp1A,1,B34G97_day1_exp1A,B34G97_1A_day1.JPG,0.33191,B34G97_day11_exp1A,B34G97_1A_day11.JPG,0.28619,-0.137748185,-0.04572
1,B,A,0,control,A_0,30,S,A,S_A,169,CNTRL_30_S_A,B25G43,B25G43_exp1B,1,B25G43_day1_exp1B,B25G43_1B_day1.JPG,0.28862,B25G43_day11_exp1B,B25G43_1B_day11.JPG,0.28524,-0.0117109,-0.00338
1,A,A,0,control,A_0,20,F,S,F_S,143,CNTRL_20_F_S,B24G40,B24G40_exp1A,1,B24G40_day1_exp1A,B24G40_1A_day1.JPG,0.40953,B24G40_day11_exp1A,B24G40_1A_day11.JPG,0.28424,-0.305936073,-0.12529
2,B,A,0,control,A_0,30,F,S,F_S,196,CNTRL_30_F_S,B33G93,B33G93_exp2B,1,B33G93_day1_exp2B,B33G93_2B_day1.JPG,0.28361,B33G93_day11_exp2B,B33G93_2B_day11.JPG,0.28421,0.002115581,0.0006
3,B,A,0,control,A_0,20,S,A,S_A,242,CNTRL_20_S_A,O4B21,O4B21_exp3B,1,O4B21_day1_exp3B,O4B21_3B_day1.JPG,0.30109,O4B21_day11_exp3B,O4B21_3B_day11.JPG,0.27957,-0.071473646,-0.02152
1,A,A,0,control,A_0,20,F,A,F_A,152,CNTRL_20_F_A,B24G39,B24G39_exp1A,1,B24G39_day1_exp1A,B24G39_1A_day1.JPG,0.20963,B24G39_day11_exp1A,B24G39_1A_day11.JPG,0.27793,0.325812145,0.0683
3,A,A,0,control,A_0,20,S,A,S_A,237,CNTRL_20_S_A,B24G40,B24G40_exp3A,1,B24G40_day1_exp3A,B24G40_3A_day1.JPG,0.29039,B24G40_day11_exp3A,B24G40_3A_day11.JPG,0.27427,-0.055511553,-0.01612
2,A,A,0,control,A_0,20,F,A,F_A,194,CNTRL_20_F_A,B23G33,B23G33_exp2A,1,B23G33_day1_exp2A,B23G33_2A_day1.JPG,0.2461,B23G33_day11_exp2A,B23G33_2A_day11.JPG,0.25858,0.050711093,0.01248
3,B,A,0,control,A_0,30,F,A,F_A,244,CNTRL_30_F_A,W2O8,W2O8_exp3B,1,W2O8_day1_exp3B,W2O8_3B_day1.JPG,0.25789,W2O8_day11_exp3B,W2O8_3B_day11.JPG,0.25413,-0.01457986,-0.00376
2,A,A,0,control,A_0,30,F,A,F_A,196,CNTRL_30_F_A,B28G58,B28G58_exp2A,1,B28G58_day1_exp2A,B28G58_2A_day1.JPG,0.26094,B28G58_day11_exp2A,B28G58_2A_day11.JPG,0.25092,-0.038399632,-0.01002
3,A,A,0,control,A_0,30,F,A,F_A,237,CNTRL_30_F_A,B28G60,B28G60_exp3A,1,B28G60_day1_exp3A,B28G60_3A_day1.JPG,0.31366,B28G60_day11_exp3A,B28G60_3A_day11.JPG,0.24945,-0.204712109,-0.06421
1,A,A,0,control,A_0,30,F,A,F_A,144,CNTRL_30_F_A,B31G78,B31G78_exp1A,1,B31G78_day1_exp1A,B31G78_1A_day1.JPG,0.25341,B31G78_day11_exp1A,B31G78_1A_day1.JPG,0.24092,-0.049287716,-0.01249
1,B,A,0,control,A_0,30,F,A,F_A,184,CNTRL_30_F_A,B13G8,B13G8_exp1B,1,B13G8_day1_exp1B,B13G8_1B_day1.JPG,0.23483,B13G8_day11_exp1B,B13G8_1B_day11.JPG,0.23077,-0.017289103,-0.00406
2,B,A,0,control,A_0,20,S,S,S_S,233,CNTRL_20_S_S,B30G76,B30G76_exp2B,1,B30G76_day1_exp2B,B30G76_2B_day1.JPG,0.3275,B30G76_day11_exp2B,B30G76_2B_day11.JPG,0.21668,-0.338381679,-0.11082
3,A,A,0,control,A_0,20,S,A,S_A,235,CNTRL_20_S_A,B24G38,B24G38_exp3A,1,B24G38_day1_exp3A,B24G38_3A_day1.JPG,0.18843,B24G38_day11_exp3A,B24G38_3A_day11.JPG,0.20786,0.103115215,0.01943
3,B,A,0,control,A_0,20,F,A,F_A,242,CNTRL_20_F_A,O2B8,O2B8_exp3B,1,O2B8_day1_exp3B,O2B8_3B_day1.JPG,0.2624,O2B8_day11_exp3B,O2B8_3B_day11.JPG,0.19688,-0.249695122,-0.06552
2,A,A,0,control,A_0,20,S,A,S_A,197,CNTRL_20_S_A,B24G38,B24G38_exp2A,1,B24G38_day1_exp2A,B24G38_2A_day1.JPG,0.24026,B24G38_day11_exp2A,B24G38_2A_day11.JPG,0.19347,-0.194747357,-0.04679
3,B,A,0,control,A_0,20,S,S,S_S,247,CNTRL_20_S_S,O4B22,O4B22_exp3B,1,O4B22_day1_exp3B,O4B22_3B_day1.JPG,0.2035,O4B22_day11_exp3B,O4B22_3B_day11.JPG,0.18716,-0.08029484,-0.01634
2,A,A,0,control,A_0,20,F,A,F_A,231,CNTRL_20_F_A,B23G35,B23G35_exp2A,1,B23G35_day1_exp2A,B23G35_2A_day1.JPG,0.16706,B23G35_day11_exp2A,B23G35_2A_day11.JPG,0.15916,-0.047288399,-0.0079
3,A,A,0,control,A_0,30,S,S,S_S,241,CNTRL_30_S_S,B29G71,B29G71_exp3A,1,B29G71_day1_exp3A,B29G71_3A_day1.JPG,0.42412,B29G71_day11_exp3A,B29G71_3A_day11.JPG,-0.04565,-1.107634632,-0.46977
2,B,A,5,nutrient,A_5,20,S,A,S_A,216,A_5_20_S_A,G37Y30,G37Y30_exp2B,1,G37Y30_day1_exp2B,G37Y30_2B_day1.JPG,0.39516,G37Y30_day11_exp2B,G37Y30_2B_day11.JPG,0.40329,0.020573945,0.00813
2,A,A,5,nutrient,A_5,30,F,S,F_S,220,A_5_30_F_S,G35Y24,G35Y24_exp2A,1,G35Y24_day1_exp2A,G35Y24_2A_day1.JPG,0.48458,G35Y24_day11_exp2A,G35Y24_2A_day11.JPG,0.4443,-0.08312353,-0.04028
1,B,A,5,nutrient,A_5,20,S,S,S_S,167,A_5_20_S_S,G38Y37,G38Y37_exp1B,1,G38Y37_day1_exp1B,G38Y37_1B_day1.JPG,0.67775,G38Y37_day11_exp1B,G38Y37_1B_day11.JPG,0.71221,0.050844707,0.03446
1,A,A,5,nutrient,A_5,20,S,S,S_S,157,A_5_20_S_S,G27Y59,G27Y59_exp1A,1,G27Y59_day1_exp1A,G27Y59_1A_day1.JPG,0.59235,G27Y59_day11_exp1A,G27Y59_1A_day11.JPG,0.66727,0.126479277,0.07492
2,B,A,5,nutrient,A_5,20,F,A,F_A,170,A_5_20_F_A,G36Y22,G36Y22_exp2B,1,G36Y22_day1_exp2B,G36Y22_2B_day1.JPG,0.63516,G36Y22_day11_exp2B,G36Y22_2B_day11.JPG,0.63504,-0.000188929,-0.00012
3,A,A,5,nutrient,A_5,20,S,S,S_S,241,A_5_20_S_S,G32Y93,G32Y93_exp3A,1,G32Y93_day1_exp3A,G32Y93_3A_day1.JPG,0.53379,G32Y93_day11_exp3A,G32Y93_3A_day11.JPG,0.62806,0.176605032,0.09427
1,A,A,5,nutrient,A_5,30,S,A,S_A,157,A_5_30_S_A,G37Y30,G37Y30_exp1A,1,G37Y30_day1_exp1A,G37Y30_1A_day1.JPG,0.59675,G37Y30_day11_exp1A,G37Y30_1A_day11.JPG,0.60057,0.006401341,0.00382
1,B,A,5,nutrient,A_5,30,F,A,F_A,167,A_5_30_F_A,G33Y94,G33Y94_exp1B,1,G33Y94_day1_exp1B,G33Y94_1B_day1.JPG,0.53062,G33Y94_day11_exp1B,G33Y94_1B_day11.JPG,0.59465,0.120670159,0.06403
1,B,A,5,nutrient,A_5,30,F,S,F_S,181,A_5_30_F_S,G33Y1,G33Y1_exp1B,1,G33Y1_day1_exp1B,G33Y100_1B_day1.JPG,0.56963,G33Y1_day11_exp1B,G33Y100_1B_day11.JPG,0.57779,0.014325088,0.00816
1,B,A,5,nutrient,A_5,30,F,A,F_A,178,A_5_30_F_A,G33Y95,G33Y95_exp1B,1,G33Y95_day1_exp1B,G33Y95_1B_day1.JPG,0.45856,G33Y95_day11_exp1B,G33Y95_1B_day11.JPG,0.56433,0.230656839,0.10577
1,A,A,5,nutrient,A_5,30,F,A,F_A,145,A_5_30_F_A,G32Y88,G32Y88_exp1A,1,G32Y88_day1_exp1A,G32Y88_1A_day1.JPG,0.54249,G32Y88_day11_exp1A,G32Y88_1A_day11.JPG,0.56175,0.035502959,0.01926
1,B,A,5,nutrient,A_5,30,F,S,F_S,167,A_5_30_F_S,G33Y100,G33Y100_exp1B,1,G33Y100_day1_exp1B,G33Y1_1B_day1.JPG,0.51585,G33Y100_day11_exp1B,G33Y1_1B_day11.JPG,0.56026,0.086090918,0.04441
1,B,A,5,nutrient,A_5,30,S,S,S_S,167,A_5_30_S_S,Y12B65,Y12B65_exp1B,1,Y12B65_day1_exp1B,Y12B65_1B_day1.JPG,0.50261,Y12B65_day11_exp1B,Y12B65_1B_day11.JPG,0.55469,0.103619108,0.05208
1,A,A,5,nutrient,A_5,30,F,S,F_S,152,A_5_30_F_S,G32Y92,G32Y92_exp1A,1,G32Y92_day1_exp1A,G32Y92_1A_day1.JPG,0.60385,G32Y92_day11_exp1A,G32Y92_1A_day11.JPG,0.54613,-0.095586652,-0.05772
1,A,A,5,nutrient,A_5,20,F,S,F_S,155,A_5_20_F_S,G36Y28,G36Y28_exp1A,1,G36Y28_day1_exp1A,G36Y28_1A_day1.JPG,0.57575,G36Y28_day11_exp1A,G36Y28_1A_day11.JPG,0.53782,-0.065879288,-0.03793
3,B,A,5,nutrient,A_5,20,F,S,F_S,252,A_5_20_F_S,O10G20,O10G20_exp3B,1,O10G20_day1_exp3B,O12Y4_3B_day1.JPG,0.41418,O10G20_day11_exp3B,O10G20_3B_day11.JPG,0.5352,0.292191801,0.12102
1,A,A,5,nutrient,A_5,30,F,S,F_S,157,A_5_30_F_S,G32Y93,G32Y93_exp1A,1,G32Y93_day1_exp1A,G32Y93_1A_day1.JPG,0.67688,G32Y93_day11_exp1A,G32Y93_1A_day11.JPG,0.53094,-0.215606902,-0.14594
3,A,A,5,nutrient,A_5,30,F,S,F_S,241,A_5_30_F_S,G35Y24,G35Y24_exp3A,1,G35Y24_day1_exp3A,G35Y24_3A_day1.JPG,0.48433,G35Y24_day11_exp3A,G35Y24_3A_day11.JPG,0.52749,0.089112795,0.04316
2,B,A,5,nutrient,A_5,30,F,A,F_A,170,A_5_30_F_A,G29Y70,G29Y70_exp2B,11,G29Y70_day1_exp2B,G29Y70_2B_day1.JPG,0.42281,G29Y70_day11_exp2B,G29Y70_2B_day11.JPG,0.51665,0.221943663,0.09384
1,B,A,5,nutrient,A_5,20,F,A,F_A,167,A_5_20_F_A,G35Y12,G35Y12_exp1B,1,G35Y12_day1_exp1B,G35Y12_1B_day1.JPG,0.52175,G35Y12_day11_exp1B,G35Y12_1B_day11.JPG,0.51584,-0.011327264,-0.00591
3,B,A,5,nutrient,A_5,30,F,S,F_S,248,A_5_30_F_S,W8O38,W8O38_exp3B,1,W8O38_day1_exp3B,W8O38_3B_day1.JPG,0.49945,W8O38_day11_exp3B,W8O38_3B_day11.JPG,0.51253,0.026188808,0.01308
3,A,A,5,nutrient,A_5,20,F,A,F_A,234,A_5_20_F_A,G30Y75,G30Y75_exp3A,1,G30Y75_day1_exp3A,G30Y75_3A_day1.JPG,0.48772,G30Y75_day11_exp3A,G30Y75_3A_day11.JPG,0.51221,0.050213237,0.02449
2,A,A,5,nutrient,A_5,30,F,A,F_A,210,A_5_30_F_A,G35Y14,G35Y14_exp2A,1,G35Y14_day1_exp2A,G35Y14_2A_day1.JPG,0.40874,G35Y14_day11_exp2A,G35Y14_2A_day11.JPG,0.50877,0.2447277,0.10003
1,A,A,5,nutrient,A_5,30,F,A,F_A,160,A_5_30_F_A,G32Y87,G32Y87_exp1A,1,G32Y87_day1_exp1A,G32Y87_1A_day1.JPG,0.47414,G32Y87_day11_exp1A,G32Y87_1A_day11.JPG,0.50025,0.055068123,0.02611
2,A,A,5,nutrient,A_5,20,F,A,F_A,209,A_5_20_F_A,G30Y76,G30Y76_exp2A,1,G30Y76_day1_exp2A,G30Y76_2A_day1.JPG,0.45835,G30Y76_day11_exp2A,G30Y76_2A_day11.JPG,0.49618,0.082535181,0.03783
1,A,A,5,nutrient,A_5,30,S,S,S_S,145,A_5_30_S_S,G37Y31,G37Y31_exp1A,1,G37Y31_day1_exp1A,G37Y31_1A_day1.JPG,0.48341,G37Y31_day11_exp1A,G37Y31_1A_day11.JPG,0.49565,0.025320122,0.01224
1,A,A,5,nutrient,A_5,30,S,S,S_S,157,A_5_30_S_S,G37Y33,G37Y33_exp1A,1,G37Y33_day1_exp1A,G37Y33_1A_day1.JPG,0.512,G37Y33_day11_exp1A,G37Y33_1A_day11.JPG,0.49559,-0.032050781,-0.01641
1,B,A,5,nutrient,A_5,30,S,A,S_A,169,A_5_30_S_A,Y12B62,Y12B62_exp1B,1,Y12B62_day1_exp1B,Y12B62_1B_day1.JPG,0.48708,Y12B62_day11_exp1B,Y12B62_1B_day11.JPG,0.48802,0.001929868,0.00094
3,A,A,5,nutrient,A_5,30,S,S,S_S,240,A_5_30_S_S,G38Y37,G38Y37_exp3A,1,G38Y37_day1_exp3A,G38Y37_3A_day1.JPG,0.40339,G38Y37_day11_exp3A,G38Y37_3A_day11.JPG,0.48346,0.198492774,0.08007
1,A,A,5,nutrient,A_5,20,F,A,F_A,152,A_5_20_F_A,G36Y22,G36Y22_exp1A,1,G36Y22_day1_exp1A,G36Y22_1A_day1.JPG,0.56393,G36Y22_day11_exp1A,G36Y22_1A_day11.JPG,0.48239,-0.144592414,-0.08154
1,B,A,5,nutrient,A_5,20,F,S,F_S,166,A_5_20_F_S,G35Y23,G35Y23_exp1B,1,G35Y23_day1_exp1B,G35Y23_1B_day1.JPG,0.46411,G35Y23_day11_exp1B,G35Y23_1B_day11.JPG,0.48039,0.035077891,0.01628
3,B,A,5,nutrient,A_5,30,F,S,F_S,252,A_5_30_F_S,W8O39,W8O39_exp3B,1,W8O39_day1_exp3B,W8O39_3B_day1.JPG,0.57064,W8O39_day11_exp3B,W8O39_3B_day11.JPG,0.47949,-0.159732931,-0.09115
2,B,A,5,nutrient,A_5,30,S,S,S_S,198,A_5_30_S_S,G31Y83,G31Y83_exp2B,1,G31Y83_day1_exp2B,G31Y83_2B_day1.JPG,0.50971,G31Y83_day11_exp2B,G31Y83_2B_day11.JPG,0.47657,-0.065017363,-0.03314
2,A,A,5,nutrient,A_5,30,S,A,S_A,221,A_5_30_S_A,G38Y35,G38Y35_exp2A,1,G38Y35_day1_exp2A,G38Y35_2A_day1.JPG,0.50602,G38Y35_day11_exp2A,G38Y35_2A_day11.JPG,0.47085,-0.069503182,-0.03517
2,A,A,5,nutrient,A_5,30,F,S,F_S,198,A_5_30_F_S,G35Y23,G35Y23_exp2A,1,G35Y23_day1_exp2A,G35Y23_2A_day1.JPG,0.44176,G35Y23_day11_exp2A,G35Y23_2A_day11.JPG,0.47011,0.064175118,0.02835
3,B,A,5,nutrient,A_5,20,S,S,S_S,254,A_5_20_S_S,O11G25,O11G25_exp3B,1,O11G25_day1_exp3B,O13Y7_3B_day1.JPG,0.30986,O11G25_day11_exp3B,O11G25_3B_day11.JPG,0.46883,0.513038146,0.15897
3,B,A,5,nutrient,A_5,30,F,A,F_A,242,A_5_30_F_A,W8O36,W8O36_exp3B,1,W8O36_day1_exp3B,W8O36_3B_day1.JPG,0.42147,W8O36_day11_exp3B,W8O36_3B_day11.JPG,0.46766,0.109592616,0.04619
2,A,A,5,nutrient,A_5,30,S,S,S_S,222,A_5_30_S_S,G38Y38,G38Y38_exp2A,1,G38Y38_day1_exp2A,G38Y38_2A_day1.JPG,0.41787,G38Y38_day11_exp2A,G38Y38_2A_day11.JPG,0.46672,0.116902386,0.04885
2,B,A,5,nutrient,A_5,20,F,A,F_A,212,A_5_20_F_A,G36Y25,G36Y25_exp2B,1,G36Y25_day1_exp2B,G36Y25_2B_day1.JPG,0.4131,G36Y25_day11_exp2B,G36Y25_2B_day11.JPG,0.46629,0.12875817,0.05319
2,B,A,5,nutrient,A_5,30,F,S,F_S,211,A_5_30_F_S,G29Y73,G29Y73_exp2B,11,G29Y73_day1_exp2B,G29Y73_2B_day1.JPG,0.46959,G29Y73_day11_exp2B,G29Y73_2B_day11.JPG,0.46089,-0.0185268,-0.0087
1,A,A,5,nutrient,A_5,20,S,S,S_S,144,A_5_20_S_S,G27Y57,G27Y57_exp1A,1,G27Y57_day1_exp1A,G27Y57_1A_day1.JPG,0.55761,G27Y57_day11_exp1A,G27Y57_1A_day11.JPG,0.45421,-0.185434264,-0.1034
3,B,A,5,nutrient,A_5,30,F,A,F_A,243,A_5_30_F_A,W7O35,W7O35_exp3B,1,W7O35_day1_exp3B,W7O35_3B_day1.JPG,0.47153,W7O35_day11_exp3B,W7O35_3B_day11.JPG,0.45369,-0.037834284,-0.01784
2,A,A,5,nutrient,A_5,20,S,A,S_A,233,A_5_20_S_A,G32Y90,G32Y90_exp2A,1,G32Y90_day1_exp2A,G32Y90_2A_day1.JPG,0.48679,G32Y90_day11_exp2A,G32Y90_2A_day11.JPG,0.44956,-0.076480618,-0.03723
3,A,A,5,nutrient,A_5,20,F,A,F_A,237,A_5_20_F_A,G30Y77,G30Y77_exp3A,1,G30Y77_day1_exp3A,G30Y77_3A_day1.JPG,0.37358,G30Y77_day11_exp3A,G30Y77_3A_day11(1).JPG,0.44949,0.203196103,0.07591
2,B,A,5,nutrient,A_5,30,F,S,F_S,228,A_5_30_F_S,G29Y74,G29Y74_exp2B,11,G29Y74_day1_exp2B,G29Y74_2B_day1.JPG,0.43468,G29Y74_day11_exp2B,G29Y74_2B_day11.JPG,0.44779,0.030160118,0.01311
2,A,A,5,nutrient,A_5,20,S,S,S_S,222,A_5_20_S_S,G32Y93,G32Y93_exp2A,1,G32Y93_day1_exp2A,G32Y93_2A_day1.JPG,0.44803,G32Y93_day11_exp2A,G32Y93_2A_day11.JPG,0.44768,-0.000781198,-0.00035
1,B,A,5,nutrient,A_5,20,S,S,S_S,182,A_5_20_S_S,G38Y38,G38Y38_exp1B,1,G38Y38_day1_exp1B,G38Y38_1B_day1.JPG,0.4409,G38Y38_day11_exp1B,G38Y38_1B_day11.JPG,0.44332,0.005488773,0.00242
3,A,A,5,nutrient,A_5,30,F,A,F_A,235,A_5_30_F_A,G35Y12,G35Y12_exp3A,1,G35Y12_day1_exp3A,G35Y12_3A_day1.JPG,0.38079,G35Y12_day11_exp3A,G35Y12_3A_day11.JPG,0.44173,0.160035715,0.06094
1,B,A,5,nutrient,A_5,30,F,A,F_A,186,A_5_30_F_A,G33Y97,G33Y97_exp1B,1,G33Y97_day1_exp1B,G33Y97_1B_day1.JPG,0.34496,G33Y97_day11_exp1B,G33Y97_1B_day11.JPG,0.43954,0.274176716,0.09458
2,A,A,5,nutrient,A_5,30,F,A,F_A,196,A_5_30_F_A,G35Y12,G35Y12_exp2A,1,G35Y12_day1_exp2A,G35Y12_2A_day1.JPG,0.32398,G35Y12_day11_exp2A,G35Y12_2A_day11.JPG,0.43918,0.355577505,0.1152
3,B,A,5,nutrient,A_5,20,S,A,S_A,248,A_5_20_S_A,O11G24,O11G24_exp3B,1,O11G24_day1_exp3B,O13Y12_3B_day1.JPG,0.46576,O11G24_day11_exp3B,O11G24_3B_day11.JPG,0.43721,-0.061297664,-0.02855
2,B,A,5,nutrient,A_5,20,F,S,F_S,171,A_5_20_F_S,G36Y28,G36Y28_exp2B,1,G36Y28_day1_exp2B,G36Y28_2B_day1.JPG,0.41339,G36Y28_day11_exp2B,G36Y28_2B_day11.JPG,0.43587,0.054379642,0.02248
3,A,A,5,nutrient,A_5,20,S,A,S_A,237,A_5_20_S_A,G32Y90,G32Y90_exp3A,1,G32Y90_day1_exp3A,G32Y90_3A_day1.JPG,0.4458,G32Y90_day11_exp3A,G32Y90_3A_day11.jpg,0.4349,-0.024450426,-0.0109
3,A,A,5,nutrient,A_5,30,F,S,F_S,240,A_5_30_F_S,G35Y23,G35Y23_exp3A,1,G35Y23_day1_exp3A,G35Y23_3A_day1.JPG,0.31573,G35Y23_day11_exp3A,G35Y23_3A_day11.JPG,0.42927,0.35961106,0.11354
2,A,A,5,nutrient,A_5,20,F,A,F_A,232,A_5_20_F_A,G30Y77,G30Y77_exp2A,1,G30Y77_day1_exp2A,G30Y77_2A_day1.JPG,0.39325,G30Y77_day11_exp2A,G30Y77_2A_day11.JPG,0.4268,0.085314685,0.03355
2,B,A,5,nutrient,A_5,20,S,S,S_S,233,A_5_20_S_S,G37Y33,G37Y33_exp2B,1,G37Y33_day1_exp2B,G37Y33_2B_day1.JPG,0.48455,G37Y33_day11_exp2B,G37Y33_2B_day11.JPG,0.4241,-0.124754927,-0.06045
2,B,A,5,nutrient,A_5,30,S,S,S_S,218,A_5_30_S_S,G31Y84,G31Y84_exp2B,1,G31Y84_day1_exp2B,G31Y84_2B_day1.JPG,0.44329,G31Y84_day11_exp2B,G31Y84_2B_day11.JPG,0.42299,-0.04579395,-0.0203
3,A,A,5,nutrient,A_5,20,S,S,S_S,240,A_5_20_S_S,G32Y92,G32Y92_exp3A,1,G32Y92_day1_exp3A,G32Y92_3A_day1.JPG,0.49052,G32Y92_day11_exp3A,G32Y92_3A_day11.JPG,0.42253,-0.138608008,-0.06799
3,B,A,5,nutrient,A_5,20,S,S,S_S,252,A_5_20_S_S,O11G26,O11G26_exp3B,1,O11G26_day1_exp3B,O13Y8_3B_day1.JPG,0.2012,O11G26_day11_exp3B,O11G26_3B_day11.JPG,0.42205,1.097664016,0.22085
3,B,A,5,nutrient,A_5,30,S,S,S_S,255,A_5_30_S_S,W10O44,W10O44_exp3B,1,W10O44_day1_exp3B,W10O44_3B_day1.JPG,0.44768,W10O44_day11_exp3B,W10O44_3B_day11.JPG,0.41646,-0.069737312,-0.03122
1,A,A,5,nutrient,A_5,20,F,S,F_S,151,A_5_20_F_S,G36Y27,G36Y27_exp1A,1,G36Y27_day1_exp1A,G36Y27_1A_day1.JPG,0.35891,G36Y27_day11_exp1A,G36Y27_1A_day11.JPG,0.4154,0.157393218,0.05649
3,A,A,5,nutrient,A_5,30,F,A,F_A,237,A_5_30_F_A,G35Y14,G35Y14_exp3A,1,G35Y14_day1_exp3A,G35Y14_3A_day1.JPG,0.40166,G35Y14_day11_exp3A,G35Y14_3A_day11.JPG,0.4151,0.033461136,0.01344
2,B,A,5,nutrient,A_5,20,F,S,F_S,211,A_5_20_F_S,G36Y27,G36Y27_exp2B,1,G36Y27_day1_exp2B,G36Y27_2B_day1.JPG,0.41258,G36Y27_day11_exp2B,G36Y27_2B_day11.JPG,0.41438,0.00436279,0.0018
1,A,A,5,nutrient,A_5,30,F,S,F_S,144,A_5_30_F_S,G32Y90,G32Y90_exp1A,1,G32Y90_day1_exp1A,G32Y90_1A_day1.JPG,0.56721,G32Y90_day11_exp1A,G32Y90_1A_day11.JPG,0.41386,-0.270358421,-0.15335
2,A,A,5,nutrient,A_5,30,S,A,S_A,198,A_5_30_S_A,G38Y34,G38Y34_exp2A,1,G38Y34_day1_exp2A,G38Y34_2A_day1.JPG,0.33528,G38Y34_day11_exp2A,G38Y34_2A_day11.JPG,0.40999,0.222828681,0.07471
3,A,A,5,nutrient,A_5,30,F,A,F_A,237,A_5_30_F_A,G34Y5,G34Y5_exp3A,1,G34Y5_day1_exp3A,G34Y5_3A_day1.JPG,0.41768,G34Y5_day11_exp3A,G34Y5_3A_day11.JPG,0.40961,-0.019321011,-0.00807
3,A,A,5,nutrient,A_5,20,S,A,S_A,237,A_5_20_S_A,G32Y88,G32Y88_exp3A,1,G32Y88_day1_exp3A,G32Y88_3A_day1.JPG,0.44925,G32Y88_day11_exp3A,G32Y88_3A_day11.JPG,0.40593,-0.096427379,-0.04332
1,A,A,5,nutrient,A_5,30,S,S,S_S,153,A_5_30_S_S,G37Y32,G37Y32_exp1A,1,G37Y32_day1_exp1A,G37Y32_1A_day1.JPG,0.39793,G37Y32_day11_exp1A,G37Y32_1A_day11.JPG,0.4001,0.00545322,0.00217
2,A,A,5,nutrient,A_5,20,F,S,F_S,198,A_5_20_F_S,G30Y78,G30Y78_exp2A,1,G30Y78_day1_exp2A,G30Y78_2A_day1.JPG,0.40583,G30Y78_day11_exp2A,G30Y78_2A_day11.JPG,0.39642,-0.023187049,-0.00941
2,A,A,5,nutrient,A_5,20,S,S,S_S,201,A_5_20_S_S,G32Y92,G32Y92_exp2A,1,G32Y92_day1_exp2A,G32Y92_2A_day1.JPG,0.36627,G32Y92_day11_exp2A,G32Y92_2A_day11.JPG,0.39479,0.077866055,0.02852
2,B,A,5,nutrient,A_5,20,F,S,F_S,191,A_5_20_F_S,G36Y26,G36Y26_exp2B,1,G36Y26_day1_exp2B,G36Y26_2B_day1.JPG,0.36753,G36Y26_day11_exp2B,G36Y26_2B_day11.JPG,0.3947,0.073925938,0.02717
2,A,A,5,nutrient,A_5,20,F,S,F_S,220,A_5_20_F_S,G30Y79,G30Y79_exp2A,1,G30Y79_day1_exp2A,G30Y79_2A_day1.JPG,0.42553,G30Y79_day11_exp2A,G30Y79_2A_day11.JPG,0.39302,-0.076398844,-0.03251
3,B,A,5,nutrient,A_5,20,S,S,S_S,242,A_5_20_S_S,O11G22,O11G22_exp3B,1,O11G22_day1_exp3B,O13Y10_3B_day1.JPG,0.48328,O11G22_day11_exp3B,O11G22_3B_day11.JPG,0.39126,-0.190407217,-0.09202
1,B,A,5,nutrient,A_5,30,S,A,S_A,187,A_5_30_S_A,Y12B64,Y12B64_exp1B,1,Y12B64_day1_exp1B,Y12B64_1B_day1.JPG,0.36638,Y12B64_day11_exp1B,Y12B64_1B_day11.JPG,0.39073,0.066461051,0.02435
3,A,A,5,nutrient,A_5,20,F,S,F_S,241,A_5_20_F_S,G30Y79,G30Y79_exp3A,1,G30Y79_day1_exp3A,G30Y79_3A_day1.JPG,0.36729,G30Y79_day11_exp3A,G30Y78_3A_day11.JPG,0.38954,0.060578834,0.02225
3,B,A,5,nutrient,A_5,30,F,S,F_S,245,A_5_30_F_S,W8O37,W8O37_exp3B,1,W8O37_day1_exp3B,W8O37_3B_day1.JPG,0.37035,W8O37_day11_exp3B,W8O37_3B_day11.JPG,0.38891,0.050114756,0.01856
1,B,A,5,nutrient,A_5,20,F,S,F_S,173,A_5_20_F_S,G35Y24,G35Y24_exp1B,1,G35Y24_day1_exp1B,G35Y24_1B_day1.JPG,0.50935,G35Y24_day11_exp1B,G35Y24_1B_day11.JPG,0.38589,-0.242387356,-0.12346
3,B,A,5,nutrient,A_5,20,F,S,F_S,243,A_5_20_F_S,O10G21,O10G21_exp3B,1,O10G21_day1_exp3B,O12Y5_3B_day1.JPG,0.3957,O10G21_day11_exp3B,O10G21_3B_day11.JPG,0.38158,-0.035683599,-0.01412
1,B,A,5,nutrient,A_5,20,S,A,S_A,187,A_5_20_S_A,G38Y36,G38Y36_exp1B,1,G38Y36_day1_exp1B,G38Y36_1B_day1.JPG,0.36974,G38Y36_day11_exp1B,G38Y36_1B_day11.JPG,0.37866,0.024125061,0.00892
1,B,A,5,nutrient,A_5,30,S,A,S_A,181,A_5_30_S_A,Y12B63,Y12B63_exp1B,1,Y12B63_day1_exp1B,Y12B63_1B_day1.JPG,0.37586,Y12B63_day11_exp1B,Y12B63_1B_day11.JPG,0.37118,-0.012451445,-0.00468
2,A,A,5,nutrient,A_5,20,F,A,F_A,195,A_5_20_F_A,G30Y75,G30Y75_exp2A,1,G30Y75_day1_exp2A,G30Y75_2A_day1.JPG,0.3351,G30Y75_day11_exp2A,G30Y75_2A_day11.JPG,0.37073,0.10632647,0.03563
2,A,A,5,nutrient,A_5,20,S,A,S_A,197,A_5_20_S_A,G32Y87,G32Y87_exp2A,1,G32Y87_day1_exp2A,G32Y87_2A_day1.JPG,0.26479,G32Y87_day11_exp2A,G32Y87_2A_day11.JPG,0.36981,0.396616186,0.10502
1,A,A,5,nutrient,A_5,20,F,S,F_S,143,A_5_20_F_S,G36Y26,G36Y26_exp1A,1,G36Y26_day1_exp1A,G36Y26_1A_day1.JPG,0.4384,G36Y26_day11_exp1A,G36Y26_1A_day11.JPG,0.36808,-0.16040146,-0.07032
3,A,A,5,nutrient,A_5,20,F,A,F_A,237,A_5_20_F_A,G30Y76,G30Y76_exp3A,1,G30Y76_day1_exp3A,G30Y76_3A_day1.JPG,0.359,G30Y76_day11_exp3A,G30Y76_3A_day11.JPG,0.3617,0.007520891,0.0027
1,A,A,5,nutrient,A_5,30,S,A,S_A,155,A_5_30_S_A,G37Y29,G37Y29_exp1A,1,G37Y29_day1_exp1A,G37Y29_1A_day1.JPG,0.31238,G37Y29_day11_exp1A,G37Y29_1A_day11.JPG,0.35563,0.138453166,0.04325
2,B,A,5,nutrient,A_5,20,S,A,S_A,171,A_5_20_S_A,G37Y29,G37Y29_exp2B,1,G37Y29_day1_exp2B,G37Y29_2B_day1.JPG,0.43376,G37Y29_day11_exp2B,G37Y29_2B_day11.JPG,0.35545,-0.180537624,-0.07831
2,A,A,5,nutrient,A_5,30,S,A,S_A,175,A_5_30_S_A,G38Y36,G38Y36_exp2A,1,G38Y36_day1_exp2A,G38Y36_2A_day1.JPG,0.28684,G38Y36_day11_exp2A,G38Y36_2A_day11.JPG,0.35175,0.226293404,0.06491
3,B,A,5,nutrient,A_5,20,F,S,F_S,248,A_5_20_F_S,O10G17,O10G17_exp3B,1,O10G17_day1_exp3B,O12Y3_3B_day1.JPG,0.33765,O10G17_day11_exp3B,O10G17_3B_day11.JPG,0.34127,0.010721161,0.00362
1,A,A,5,nutrient,A_5,20,F,A,F_A,152,A_5_20_F_A,G36Y25,G36Y25_exp1A,1,G36Y25_day1_exp1A,G36Y25_1A_day1.JPG,0.3916,G36Y25_day11_exp1A,G36Y25_1A_day11.JPG,0.34086,-0.129570991,-0.05074
2,A,A,5,nutrient,A_5,30,F,A,F_A,232,A_5_30_F_A,G35Y21,G35Y21_exp2A,1,G35Y21_day1_exp2A,G35Y21_2A_day1.JPG,0.28218,G35Y21_day11_exp2A,G35Y21_2A_day11.JPG,0.3369,0.193918775,0.05472
1,B,A,5,nutrient,A_5,20,S,A,S_A,168,A_5_20_S_A,G38Y34,G38Y34_exp1B,1,G38Y34_day1_exp1B,G38Y34_1B_day1.JPG,0.34172,G38Y34_day11_exp1B,G38Y34_1B_day11.JPG,0.3331,-0.025225331,-0.00862
3,A,A,5,nutrient,A_5,30,S,A,S_A,237,A_5_30_S_A,G38Y35,G38Y35_exp3A,1,G38Y35_day1_exp3A,G38Y35_3A_day1.JPG,0.30631,G38Y35_day11_exp3A,G38Y35_3A_day11.JPG,0.3296,0.076034083,0.02329
1,A,A,5,nutrient,A_5,20,S,S,S_S,153,A_5_20_S_S,G27Y58,G27Y58_exp1A,1,G27Y58_day1_exp1A,G27Y58_1A_day1.JPG,0.33053,G27Y58_day11_exp1A,G27Y58_1A_day11.JPG,0.32887,-0.005022237,-0.00166
2,A,A,5,nutrient,A_5,20,S,A,S_A,218,A_5_20_S_A,G32Y88,G32Y88_exp2A,1,G32Y88_day1_exp2A,G32Y88_2A_day1.JPG,0.3696,G32Y88_day11_exp2A,G32Y88_2A_day11.JPG,0.32844,-0.111363636,-0.04116
3,B,A,5,nutrient,A_5,20,F,A,F_A,242,A_5_20_F_A,O10G14,O10G14_exp3B,1,O10G14_day1_exp3B,O12Y1_3B_day1.JPG,0.29352,O10G14_day11_exp3B,O10G14_3B_day11.JPG,0.32134,0.094780594,0.02782
1,B,A,5,nutrient,A_5,20,F,A,F_A,178,A_5_20_F_A,G35Y14,G35Y14_exp1B,1,G35Y14_day1_exp1B,G35Y14_1B_day1.JPG,0.34924,G35Y14_day11_exp1B,G35Y14_1B_day11.JPG,0.31616,-0.094719963,-0.03308
3,A,A,5,nutrient,A_5,20,F,S,F_S,239,A_5_20_F_S,G30Y78,G30Y78_exp3A,1,G30Y78_day1_exp3A,G30Y78_3A_day1.JPG,0.29497,G30Y78_day11_exp3A,G30Y77_3A_day11.JPG,0.31536,0.069125674,0.02039
3,B,A,5,nutrient,A_5,30,S,S,S_S,245,A_5_30_S_S,W10O43,W10O43_exp3B,1,W10O43_day1_exp3B,W10O43_3B_day1.JPG,0.35074,W10O43_day11_exp3B,W10O43_3B_day11.JPG,0.31013,-0.115783771,-0.04061
1,B,A,5,nutrient,A_5,30,S,S,S_S,182,A_5_30_S_S,Y12B67,Y12B67_exp1B,1,Y12B67_day1_exp1B,Y12B67_1B_day1.JPG,0.3594,Y12B67_day11_exp1B,Y12B67_1B_day11.JPG,0.30676,-0.146466333,-0.05264
3,A,A,5,nutrient,A_5,30,S,A,S_A,237,A_5_30_S_A,G38Y34,G38Y34_exp3A,1,G38Y34_day1_exp3A,G38Y34_3A_day1.JPG,0.31511,G38Y34_day11_exp3A,G38Y34_3A_day11.JPG,0.30366,-0.036336517,-0.01145
1,A,A,5,nutrient,A_5,20,S,A,S_A,162,A_5_20_S_A,G27Y55,G27Y55_exp1A,1,G27Y55_day1_exp1A,G27Y55_1A_day1.JPG,0.28853,G27Y55_day11_exp1A,G27Y55_1A_day11.JPG,0.30337,0.051433127,0.01484
2,B,A,5,nutrient,A_5,30,S,A,S_A,178,A_5_30_S_A,G31Y80,G31Y80_exp2B,1,G31Y80_day1_exp2B,G31Y80_2B_day1.JPG,0.34336,G31Y80_day11_exp2B,G31Y80_2B_day11.JPG,0.29799,-0.132135368,-0.04537
3,A,A,5,nutrient,A_5,20,S,A,S_A,236,A_5_20_S_A,G32Y87,G32Y87_exp3A,1,G32Y87_day1_exp3A,G32Y87_3A_day1.JPG,0.34228,G32Y87_day11_exp3A,G32Y87_3A_day11.JPG,0.29,-0.152740446,-0.05228
2,A,A,5,nutrient,A_5,30,S,S,S_S,205,A_5_30_S_S,G38Y37,G38Y37_exp2A,1,G38Y37_day1_exp2A,G38Y37_2A_day1.JPG,0.40224,G38Y37_day11_exp2A,G38Y37_2A_day11.JPG,0.28518,-0.291020286,-0.11706
3,B,A,5,nutrient,A_5,20,F,A,F_A,244,A_5_20_F_A,O10G15,O10G15_exp3B,1,O10G15_day1_exp3B,O12Y2_3B_day1.JPG,0.34342,O10G15_day11_exp3B,O10G15_3B_day11.JPG,0.27911,-0.187263409,-0.06431
2,B,A,5,nutrient,A_5,30,S,S,S_S,233,A_5_30_S_S,G31Y85,G31Y85_exp2B,1,G31Y85_day1_exp2B,G31Y85_2B_day1.JPG,0.28075,G31Y85_day11_exp2B,G31Y85_2B_day11.JPG,0.27843,-0.00826358,-0.00232
3,B,A,5,nutrient,A_5,30,S,S,S_S,250,A_5_30_S_S,W10O42,W10O42_exp3B,1,W10O42_day1_exp3B,W10O42_3B_day1.JPG,0.34251,W10O42_day11_exp3B,W10O42_3B_day11.JPG,0.27476,-0.197804444,-0.06775
3,B,A,5,nutrient,A_5,30,S,A,S_A,242,A_5_30_S_A,W10O41,W10O41_exp3B,1,W10O41_day1_exp3B,W10O41_3B_day1.JPG,0.29312,W10O41_day11_exp3B,W10O41_3B_day11.JPG,0.26996,-0.079012009,-0.02316
1,B,A,5,nutrient,A_5,20,S,A,S_A,179,A_5_20_S_A,G38Y35,G38Y35_exp1B,1,G38Y35_day1_exp1B,G38Y35_1B_day1.JPG,0.25843,G38Y35_day11_exp1B,G38Y35_1B_day11.JPG,0.26843,0.038695198,0.01
3,A,A,5,nutrient,A_5,30,S,A,S_A,238,A_5_30_S_A,G38Y36,G38Y36_exp3A,1,G38Y36_day1_exp3A,G38Y36_3A_day1.JPG,0.24037,G38Y36_day11_exp3A,G38Y36_3A_day11.JPG,0.26461,0.100844531,0.02424
2,B,A,5,nutrient,A_5,30,F,A,F_A,213,A_5_30_F_A,G29Y71,G29Y71_exp2B,11,G29Y71_day1_exp2B,G29Y71_2B_day1.JPG,0.30449,G29Y71_day11_exp2B,G29Y71_2B_day11.JPG,0.264,-0.132976452,-0.04049
1,A,A,5,nutrient,A_5,20,S,A,S_A,146,A_5_20_S_A,G27Y56,G27Y56_exp1A,1,G27Y56_day1_exp1A,G27Y56_1A_day1.JPG,0.29545,G27Y56_day11_exp1A,G27Y56_1A_day11.JPG,0.260577,-0.118033508,-0.034873
2,B,A,5,nutrient,A_5,30,F,S,F_S,196,A_5_30_F_S,G29Y72,G29Y72_exp2B,11,G29Y72_day1_exp2B,G29Y72_2B_day1.JPG,0.28315,G29Y72_day11_exp2B,G29Y72_2B_day11.JPG,0.24549,-0.133003708,-0.03766
2,B,A,5,nutrient,A_5,20,S,S,S_S,196,A_5_20_S_S,G37Y31,G37Y31_exp2B,1,G37Y31_day1_exp2B,G37Y31_2B_day1.JPG,0.26176,G37Y31_day11_exp2B,G37Y31_2B_day11.JPG,0.24242,-0.073884474,-0.01934
2,B,A,5,nutrient,A_5,20,S,S,S_S,217,A_5_20_S_S,G37Y32,G37Y32_exp2B,1,G37Y32_day1_exp2B,G37Y32_2B_day1.JPG,0.21892,G37Y32_day11_exp2B,G37Y32_2B_day11.JPG,0.2403,0.097661246,0.02138
3,A,A,5,nutrient,A_5,30,F,A,F_A,237,A_5_30_F_A,G35Y21,G35Y21_exp3A,1,G35Y21_day1_exp3A,G35Y21_3A_day1.JPG,0.23463,G35Y21_day11_exp3A,G35Y21_3A_day11.JPG,0.22636,-0.035246985,-0.00827
1,B,A,5,nutrient,A_5,20,F,A,F_A,184,A_5_20_F_A,G35Y21,G35Y21_exp1B,1,G35Y21_day1_exp1B,G35Y21_1B_day1.JPG,0.21768,G35Y21_day11_exp1B,G35Y21_1B_day11.JPG,0.21782,0.000643146,0.00014
3,A,A,5,nutrient,A_5,30,S,A,S_A,238,A_5_30_S_A,R21W97,R21W97_exp3A,1,R21W97_day1_exp3A,R21W97_3A_day1.JPG,0.21833,R21W97_day11_exp3A,R21W97_3A_day11.JPG,0.21582,-0.011496359,-0.00251
2,B,A,5,nutrient,A_5,30,S,A,S_A,225,A_5_30_S_A,G31Y82,G31Y82_exp2B,1,G31Y82_day1_exp2B,G31Y82_2B_day1.JPG,0.21471,G31Y82_day11_exp2B,G31Y82_2B_day11.JPG,0.19966,-0.070094546,-0.01505
3,B,A,5,nutrient,A_5,20,S,A,S_A,247,A_5_20_S_A,O11G23,O11G23_exp3B,1,O11G23_day1_exp3B,O13Y11_3B_day1.JPG,0.37938,O11G23_day11_exp3B,O11G23_3B_day11.JPG,0.19643,-0.482234172,-0.18295
3,A,A,5,nutrient,A_5,30,S,S,S_S,241,A_5_30_S_S,G38Y38,G38Y38_exp3A,1,G38Y38_day1_exp3A,G38Y38_3A_day1.JPG,0.48436,G38Y38_day11_exp3A,G38Y38_3A_day11.JPG,-0.20386,-1.420885292,-0.68822
1,B,A,7.5,nutrient,A_7.5,20,S,S,S_S,167,A_7.5_20_S_S,Y23B1927,Y23B1927_exp1B,1,Y23B1927_day1_exp1B,Y23B19_1B_day1.JPG,0.4624,Y23B1927_day11_exp1B,Y23B19_1B_day11.JPG,0.63279,0.368490484,0.17039
2,B,A,7.5,nutrient,A_7.5,20,F,A,F_A,170,A_7.5_20_F_A,Y10B50,Y10B50_exp2B,1,Y10B50_day1_exp2B,Y10B50_2B_day1.JPG,0.53426,Y10B50_day11_exp2B,Y10B50_2B_day11.JPG,0.60161,0.126062217,0.06735
2,A,A,7.5,nutrient,A_7.5,30,S,A,S_A,198,A_7.5_30_S_A,Y23B3299,Y23B3299_exp2A,1,Y23B3299_day1_exp2A,Y23B3299_2A_day1.JPG,0.37109,Y23B3299_day11_exp2A,Y23B9_2A_day11.JPG,0.582,0.568352691,0.21091
1,B,A,7.5,nutrient,A_7.5,30,F,S,F_S,167,A_7.5_30_F_S,Y3B28,Y3B28_exp1B,1,Y3B28_day1_exp1B,Y3B28_1B_day1.JPG,0.53557,Y3B28_day11_exp1B,Y3B28_1B_day11.JPG,0.55176,0.030229475,0.01619
1,B,A,7.5,nutrient,A_7.5,20,S,S,S_S,182,A_7.5_20_S_S,Y23B3299,Y23B3299_exp1B,1,Y23B3299_day1_exp1B,Y23B32_1B_day1.JPG,0.48704,Y23B3299_day11_exp1B,Y23B32_1B_day11.JPG,0.52867,0.085475526,0.04163
3,A,A,7.5,nutrient,A_7.5,30,S,S,S_S,241,A_7.5_30_S_S,Y13B74,Y13B74_exp3A,1,Y13B74_day1_exp3A,Y13B74_3A_day1.JPG,0.36128,Y13B74_day11_exp3A,Y13B74_3A_day1.JPG,0.52587,0.455574624,0.16459
3,B,A,7.5,nutrient,A_7.5,30,F,S,F_S,253,A_7.5_30_F_S,W13O59,W13O59_exp3B,1,W13O59_day1_exp3B,W13O59_3B_day1.JPG,0.36677,W13O59_day11_exp3B,W12O54_3B_day11.JPG,0.52566,0.433214276,0.15889
1,B,A,7.5,nutrient,A_7.5,20,F,A,F_A,178,A_7.5_20_F_A,Y20B95,Y20B95_exp1B,1,Y20B95_day1_exp1B,Y20B95_1B_day1.JPG,0.4704,Y20B95_day11_exp1B,Y20B95_1B_day11.JPG,0.52095,0.107461735,0.05055
2,A,A,7.5,nutrient,A_7.5,20,F,A,F_A,209,A_7.5_20_F_A,Y7B41,Y7B41_exp2A,1,Y7B41_day1_exp2A,Y7B41_2A_day1.JPG,0.42746,Y7B41_day11_exp2A,Y7B41_2A_day11.JPG,0.51713,0.209774014,0.08967
1,B,A,7.5,nutrient,A_7.5,30,S,S,S_S,171,A_7.5_30_S_S,Y4B33,Y4B33_exp1B,1,Y4B33_day1_exp1B,Y4B33_1B_day1.JPG,0.53661,Y4B33_day11_exp1B,Y4B33_1B_day11.JPG,0.51591,-0.038575502,-0.0207
1,B,A,7.5,nutrient,A_7.5,20,F,S,F_S,166,A_7.5_20_F_S,Y20B100,Y20B100_exp1B,1,Y20B100_day1_exp1B,Y20B100_1B_day1.JPG,0.48714,Y20B100_day11_exp1B,Y20B100_1B_day11.JPG,0.51491,0.057006199,0.02777
2,B,A,7.5,nutrient,A_7.5,30,S,A,S_A,178,A_7.5_30_S_A,Y21B5628,Y21B5628_exp2B,1,Y21B5628_day1_exp2B,Y21B56_2B_day1.JPG,0.46816,Y21B5628_day11_exp2B,Y21B56_2B_day11..JPG,0.50274,0.073863636,0.03458
3,B,A,7.5,nutrient,A_7.5,30,F,A,F_A,242,A_7.5_30_F_A,W13O56,W13O56_exp3B,1,W13O56_day1_exp3B,W13O56_3B_day1.JPG,0.365,W13O56_day11_exp3B,W12O51_3B_day11.JPG,0.50191,0.37509589,0.13691
3,A,A,7.5,nutrient,A_7.5,20,F,A,F_A,234,A_7.5_20_F_A,Y4B30,Y4B30_exp3A,1,Y4B30_day1_exp3A,Y4B30_3A_day1.JPG,0.44491,Y4B30_day11_exp3A,Y4B30_3A_day11.JPG,0.50073,0.125463577,0.05582
2,A,A,7.5,nutrient,A_7.5,20,F,S,F_S,220,A_7.5_20_F_S,Y7B44,Y7B44_exp2A,1,Y7B44_day1_exp2A,Y7B44_2A_day1.JPG,0.45808,Y7B44_day11_exp2A,Y7B44_2A_day11.JPG,0.49948,0.090377227,0.0414
2,A,A,7.5,nutrient,A_7.5,30,S,S,S_S,206,A_7.5_30_S_S,Y23B1026,Y23B1026_exp2A,1,Y23B1026_day1_exp2A,Y23B1026_2A_day1.JPG,0.38503,Y23B1026_day11_exp2A,Y23B21_2A_day11.JPG,0.49921,0.296548321,0.11418
2,A,A,7.5,nutrient,A_7.5,30,F,S,F_S,221,A_7.5_30_F_S,Y20B21,Y20B21_exp2A,1,Y20B21_day1_exp2A,Y20B21_2A_day1.JPG,0.45493,Y20B21_day11_exp2A,Y20B21_2A_day11.JPG,0.49017,0.077462467,0.03524
3,B,A,7.5,nutrient,A_7.5,20,S,A,S_A,239,A_7.5_20_S_A,O14Y20,O14Y20_exp3B,1,O14Y20_day1_exp3B,O14Y20_3B_day1.JPG,0.50343,O14Y20_day11_exp3B,O14Y20_3B_day11.JPG,0.48506,-0.036489681,-0.01837
3,B,A,7.5,nutrient,A_7.5,30,S,S,S_S,245,A_7.5_30_S_S,W14O64,W14O64_exp3B,1,W14O64_day1_exp3B,W14O64_3B_day1.JPG,0.42069,W14O64_day11_exp3B,W13O58_3B_day11.JPG,0.47817,0.136632675,0.05748
2,B,A,7.5,nutrient,A_7.5,30,S,S,S_S,219,A_7.5_30_S_S,Y21B6232,Y21B6232_exp2B,1,Y21B6232_day1_exp2B,Y21B62_2B_day1.JPG,0.49065,Y21B6232_day11_exp2B,Y21B62_2B_day11.JPG,0.47802,-0.025741363,-0.01263
3,B,A,7.5,nutrient,A_7.5,30,S,A,S_A,249,A_7.5_30_S_A,W13O60,W13O60_exp3B,1,W13O60_day1_exp3B,W13O60_3B_day1.JPG,0.55002,W13O60_day11_exp3B,W12O55_3B_day11.JPG,0.47605,-0.134486019,-0.07397
2,A,A,7.5,nutrient,A_7.5,20,S,A,S_A,220,A_7.5_20_S_A,Y8B46,Y8B46_exp2A,1,Y8B46_day1_exp2A,Y8B46_2A_day1.JPG,0.41994,Y8B46_day11_exp2A,Y8B46_2A_day11.JPG,0.4711,0.121826928,0.05116
1,B,A,7.5,nutrient,A_7.5,30,F,A,F_A,167,A_7.5_30_F_A,Y3B25,Y3B25_exp1B,1,Y3B25_day1_exp1B,Y3B25_1B_day1.JPG,0.44897,Y3B25_day11_exp1B,Y3B25_1B_day11.JPG,0.47087,0.048778315,0.0219
2,A,A,7.5,nutrient,A_7.5,30,S,A,S_A,226,A_7.5_30_S_A,Y23B2009,Y23B2009_exp2A,1,Y23B2009_day1_exp2A,Y23B2009_2A_day1.JPG,0.35915,Y23B2009_day11_exp2A,Y23B99_2A_day11.JPG,0.468,0.303076709,0.10885
2,A,A,7.5,nutrient,A_7.5,30,F,S,F_S,198,A_7.5_30_F_S,Y20B17,Y20B17_exp2A,1,Y20B17_day1_exp2A,Y20B17_2A_day1.JPG,0.47825,Y20B17_day11_exp2A,Y20B17_2A_day11.JPG,0.46595,-0.025718766,-0.0123
3,A,A,7.5,nutrient,A_7.5,20,F,A,F_A,241,A_7.5_20_F_A,Y3B29,Y3B29_exp3A,1,Y3B29_day1_exp3A,Y3B29_3A_day1.JPG,0.51369,Y3B29_day11_exp3A,Y3B29_3A_day11.JPG,0.46323,-0.09823045,-0.05046
3,A,A,7.5,nutrient,A_7.5,30,F,S,F_S,240,A_7.5_30_F_S,Y13B73,Y13B73_exp3A,1,Y13B73_day1_exp3A,Y13B73_3A_day1.JPG,0.39837,Y13B73_day11_exp3A,Y13B73_3A_day1.JPG,0.46193,0.159550167,0.06356
3,A,A,7.5,nutrient,A_7.5,30,S,A,S_A,241,A_7.5_30_S_A,Y20B100,Y20B100_exp3A,1,Y20B100_day1_exp3A,Y20B100_3A_day1.JPG,0.47077,Y20B100_day11_exp3A,Y20B100_3A_day1.JPG,0.45761,-0.027954203,-0.01316
1,B,A,7.5,nutrient,A_7.5,20,S,A,S_A,190,A_7.5_20_S_A,Y23B1621,Y23B1621_exp1B,1,Y23B1621_day1_exp1B,Y23B16_1B_day1.JPG,0.44257,Y23B1621_day11_exp1B,Y23B16_1B_day11.JPG,0.45706,0.032740583,0.01449
1,A,A,7.5,nutrient,A_7.5,20,F,S,F_S,152,A_7.5_20_F_S,Y11B58,Y11B58_exp1A,1,Y11B58_day1_exp1A,Y11B58_1A_day1.JPG,0.32894,Y11B58_day11_exp1A,Y11B58_1A_day11.JPG,0.45419,0.380768529,0.12525
1,A,A,7.5,nutrient,A_7.5,30,F,S,F_S,157,A_7.5_30_F_S,Y15B85,Y15B85_exp1A,1,Y15B85_day1_exp1A,Y15B85_1A_day1.JPG,0.43836,Y15B85_day11_exp1A,Y15B85_1A_day11.JPG,0.4535,0.034537823,0.01514
2,B,A,7.5,nutrient,A_7.5,30,F,S,F_S,233,A_7.5_30_F_S,Y17B94,Y17B94_exp2B,1,Y17B94_day1_exp2B,Y17B94_2B_day1.JPG,0.51012,Y17B94_day11_exp2B,Y17B94_2B_day11.JPG,0.45247,-0.113012624,-0.05765
1,B,A,7.5,nutrient,A_7.5,30,F,S,F_S,181,A_7.5_30_F_S,Y3B29,Y3B29_exp1B,1,Y3B29_day1_exp1B,Y3B29_1B_day1.JPG,0.48409,Y3B29_day11_exp1B,Y3B29_1B_day11.JPG,0.45055,-0.069284637,-0.03354
1,A,A,7.5,nutrient,A_7.5,30,S,S,S_S,157,A_7.5_30_S_S,Y21B5437,Y21B5437_exp1A,1,Y21B5437_day1_exp1A,Y21B54_1A_day1.JPG,0.41396,Y21B5437_day11_exp1A,Y21B27_1A_day11.JPG,0.44078,0.064788868,0.02682
3,A,A,7.5,nutrient,A_7.5,30,F,A,F_A,241,A_7.5_30_F_A,Y12B67,Y12B67_exp3A,1,Y12B67_day1_exp3A,Y12B67_3A_day1.JPG,0.40498,Y12B67_day11_exp3A,Y12B67_3A_day11.JPG,0.44018,0.086917872,0.0352
2,B,A,7.5,nutrient,A_7.5,20,F,S,F_S,185,A_7.5_20_F_S,Y10B54,Y10B54_exp2B,1,Y10B54_day1_exp2B,Y10B54_2B_day1.JPG,0.41625,Y10B54_day11_exp2B,Y10B54_2B_day11.JPG,0.43779,0.051747748,0.02154
1,A,A,7.5,nutrient,A_7.5,20,S,S,S_S,144,A_7.5_20_S_S,Y17B92,Y17B92_exp1A,1,Y17B92_day1_exp1A,Y17B92_1A_day1.JPG,0.35844,Y17B92_day11_exp1A,Y17B92_1A_day11.JPG,0.43759,0.220817989,0.07915
3,B,A,7.5,nutrient,A_7.5,30,F,S,F_S,248,A_7.5_30_F_S,W13O58,W13O58_exp3B,1,W13O58_day1_exp3B,W13O58_3B_day1.JPG,0.56492,W13O58_day11_exp3B,W12O53_3B_day11.JPG,0.43319,-0.23318346,-0.13173
1,A,A,7.5,nutrient,A_7.5,20,F,S,F_S,155,A_7.5_20_F_S,Y11B59,Y11B59_exp1A,1,Y11B59_day1_exp1A,Y11B59_1A_day1.JPG,0.34932,Y11B59_day11_exp1A,Y11B59_1A_day11.JPG,0.43297,0.239465247,0.08365
3,B,A,7.5,nutrient,A_7.5,30,F,A,F_A,243,A_7.5_30_F_A,W12O55,W12O55_exp3B,1,W12O55_day1_exp3B,W12O55_3B_day1.JPG,0.46718,W12O55_day11_exp3B,O3B20_3B_day11.JPG,0.432,-0.075302881,-0.03518
1,B,A,7.5,nutrient,A_7.5,20,F,S,F_S,175,A_7.5_20_F_S,Y20B17,Y20B17_exp1B,1,Y20B17_day1_exp1B,Y20B17_1B_day1.JPG,0.44998,Y20B17_day11_exp1B,Y20B17_1B_day11.JPG,0.43157,-0.040912929,-0.01841
2,B,A,7.5,nutrient,A_7.5,20,F,S,F_S,192,A_7.5_20_F_S,Y10B52,Y10B52_exp2B,1,Y10B52_day1_exp2B,Y10B52_2B_day1.JPG,0.41345,Y10B52_day11_exp2B,Y10B52_2B_day11.JPG,0.42636,0.031225057,0.01291
3,A,A,7.5,nutrient,A_7.5,30,F,A,F_A,235,A_7.5_30_F_A,Y13B70,Y13B70_exp3A,1,Y13B70_day1_exp3A,Y13B70_3A_day1.JPG,0.40782,Y13B70_day11_exp3A,Y13B70_3A_day1.JPG,0.4249,0.041881222,0.01708
1,A,A,7.5,nutrient,A_7.5,30,S,A,S_A,158,A_7.5_30_S_A,Y21B9940,Y21B9940_exp1A,1,Y21B9940_day1_exp1A,Y21B99_1A_day1.JPG,0.3623,Y21B9940_day11_exp1A,Y21B99_1A_day11.JPG,0.42434,0.171239304,0.06204
2,A,A,7.5,nutrient,A_7.5,20,F,S,F_S,198,A_7.5_20_F_S,Y7B43,Y7B43_exp2A,1,Y7B43_day1_exp2A,Y7B43_2A_day1.JPG,0.47312,Y7B43_day11_exp2A,Y7B43_2A_day11.JPG,0.42309,-0.105744843,-0.05003
1,A,A,7.5,nutrient,A_7.5,30,F,S,F_S,153,A_7.5_30_F_S,Y15B84,Y15B84_exp1A,1,Y15B84_day1_exp1A,Y15B84_1A_day1.JPG,0.4345,Y15B84_day11_exp1A,Y15B84_1A_day11.JPG,4.19E-01,-0.035673188,-0.0155
1,B,A,7.5,nutrient,A_7.5,20,F,A,F_A,167,A_7.5_20_F_A,Y20B21,Y20B21_exp1B,1,Y20B21_day1_exp1B,Y20B21_1B_day1.JPG,0.41594,Y20B21_day11_exp1B,Y20B21_1B_day11.JPG,0.41808,0.005144973,0.00214
3,A,A,7.5,nutrient,A_7.5,20,S,A,S_A,241,A_7.5_20_S_A,Y4B34,Y4B34_exp3A,1,Y4B34_day1_exp3A,Y4B34_3A_day1.JPG,0.48216,Y4B34_day11_exp3A,Y4B34_3A_day11.JPG,0.4166,-0.135971462,-0.06556
3,B,A,7.5,nutrient,A_7.5,30,S,S,S_S,255,A_7.5_30_S_S,W14O65,W14O65_exp3B,1,W14O65_day1_exp3B,W14O65_3B_day1.JPG,0.44172,W14O65_day11_exp3B,W13O59_3B_day11.JPG,0.41287,-0.065312868,-0.02885
2,A,A,7.5,nutrient,A_7.5,20,S,A,S_A,197,A_7.5_20_S_A,Y8B45,Y8B45_exp2A,1,Y8B45_day1_exp2A,Y8B45_2A_day1.JPG,0.24739,Y8B45_day11_exp2A,Y8B45_2A_day11.JPG,0.41284,0.668782085,0.16545
2,A,A,7.5,nutrient,A_7.5,30,F,A,F_A,210,A_7.5_30_F_A,Y20B97,Y20B97_exp2A,1,Y20B97_day1_exp2A,Y20B97_2A_day1.JPG,0.42295,Y20B97_day11_exp2A,Y20B97_2A_day11.JPG,0.40419,-0.044355125,-0.01876
2,B,A,7.5,nutrient,A_7.5,30,S,S,S_S,200,A_7.5_30_S_S,Y21B2759,Y21B2759_exp2B,1,Y21B2759_day1_exp2B,Y21B27_2B_day1.JPG,0.3931,Y21B2759_day11_exp2B,Y21B27_2B_day11.JPG,0.39884,0.014601882,0.00574
1,A,A,7.5,nutrient,A_7.5,30,F,A,F_A,161,A_7.5_30_F_A,Y15B80,Y15B80_exp1A,1,Y15B80_day1_exp1A,Y15B80_1A_day1.JPG,0.41536,Y15B80_day11_exp1A,Y15B80_1A_day11.JPG,0.39825,-0.041193182,-0.01711
2,B,A,7.5,nutrient,A_7.5,30,F,S,F_S,214,A_7.5_30_F_S,Y17B93,Y17B93_exp2B,1,Y17B93_day1_exp2B,Y17B93_2B_day1.JPG,0.39042,Y17B93_day11_exp2B,Y17B93_2B_day11.JPG,0.39777,0.01882588,0.00735
1,B,A,7.5,nutrient,A_7.5,30,F,A,F_A,178,A_7.5_30_F_A,Y3B26,Y3B26_exp1B,1,Y3B26_day1_exp1B,Y3B26_1B_day1.JPG,0.3682,Y3B26_day11_exp1B,Y3B26_1B_day11.JPG,0.39366,0.069147203,0.02546
3,A,A,7.5,nutrient,A_7.5,20,F,A,F_A,237,A_7.5_20_F_A,Y4B31,Y4B31_exp3A,1,Y4B31_day1_exp3A,Y4B31_3A_day1.JPG,0.37083,Y4B31_day11_exp3A,Y4B31_3A_day11.JPG,0.39316,0.060216272,0.02233
3,A,A,7.5,nutrient,A_7.5,20,F,S,F_S,240,A_7.5_20_F_S,Y4B33,Y4B33_exp3A,1,Y4B33_day1_exp3A,Y4B33_3A_day1.JPG,0.41452,Y4B33_day11_exp3A,Y4B33_3A_day11.JPG,0.39226,-0.053700666,-0.02226
3,A,A,7.5,nutrient,A_7.5,20,F,S,F_S,240,A_7.5_20_F_S,Y8B49,Y8B49_exp3A,1,Y8B49_day1_exp3A,O11G26_3B_day1.JPG,0.4676,Y8B49_day11_exp3A,Y8B49_3A_day11.JPG,0.3919,-0.161890505,-0.0757
2,A,A,7.5,nutrient,A_7.5,20,S,S,S_S,201,A_7.5_20_S_S,Y8B48,Y8B48_exp2A,1,Y8B48_day1_exp2A,Y8B48_2A_day1.JPG,0.41078,Y8B48_day11_exp2A,Y8B48_2A_day11.JPG,0.38974,-0.051219631,-0.02104
1,B,A,7.5,nutrient,A_7.5,20,S,A,S_A,187,A_7.5_20_S_A,Y23B1026,Y23B1026_exp1B,1,Y23B1026_day1_exp1B,Y23B10_1B_day1.JPG,0.34229,Y23B1026_day11_exp1B,Y23B10_1B_day11.JPG,0.38699,0.130591019,0.0447
3,B,A,7.5,nutrient,A_7.5,20,F,S,F_S,252,A_7.5_20_F_S,O14Y17,O14Y17_exp3B,1,O14Y17_day1_exp3B,O14Y17_3B_day1.JPG,0.37425,O14Y17_day11_exp3B,O14Y17_3B_day11.JPG,0.38603,0.031476286,0.01178
2,A,A,7.5,nutrient,A_7.5,30,S,A,S_A,174,A_7.5_30_S_A,Y23B1621,Y23B1621_exp2A,1,Y23B1621_day1_exp2A,Y23B1621_2A_day1.JPG,0.51951,Y23B1621_day11_exp2A,Y23B26_2A_day11.JPG,0.38166,-0.265346192,-0.13785
2,A,A,7.5,nutrient,A_7.5,20,F,A,F_A,195,A_7.5_20_F_A,Y7B40,Y7B40_exp2A,1,Y7B40_day1_exp2A,Y7B40_2A_day1.JPG,0.37349,Y7B40_day11_exp2A,Y7B40_2A_day11.JPG,0.37984,0.017001794,0.00635
1,B,A,7.5,nutrient,A_7.5,30,F,A,F_A,186,A_7.5_30_F_A,Y3B27,Y3B27_exp1B,1,Y3B27_day1_exp1B,Y3B27_1B_day1.JPG,0.34832,Y3B27_day11_exp1B,Y3B27_1B_day11.JPG,0.37727,0.083113229,0.02895
3,B,A,7.5,nutrient,A_7.5,20,S,S,S_S,255,A_7.5_20_S_S,O15Y24,O15Y24_exp3B,1,O15Y24_day1_exp3B,O15Y24_3B_day1.JPG,0.53231,O15Y24_day11_exp3B,O15Y24_3B_day11.JPG,0.37649,-0.292724164,-0.15582
2,A,A,7.5,nutrient,A_7.5,20,S,A,S_A,233,A_7.5_20_S_A,Y8B47,Y8B47_exp2A,1,Y8B47_day1_exp2A,Y8B47_2A_day1.JPG,0.36459,Y8B47_day11_exp2A,Y8B47_2A_day11.JPG,0.3764,0.032392551,0.01181
3,B,A,7.5,nutrient,A_7.5,20,F,S,F_S,248,A_7.5_20_F_S,O14Y15,O14Y15_exp3B,1,O14Y15_day1_exp3B,O14Y15_3B_day1.JPG,0.45232,O14Y15_day11_exp3B,O14Y15_3B_day11.JPG,0.37416,-0.172798019,-0.07816
3,B,A,7.5,nutrient,A_7.5,20,S,S,S_S,249,A_7.5_20_S_S,O15Y23,O15Y23_exp3B,1,O15Y23_day1_exp3B,O15Y23_3B_day1.JPG,0.45817,O15Y23_day11_exp3B,O15Y23_3B_day11.JPG,0.37192,-0.188248903,-0.08625
1,A,A,7.5,nutrient,A_7.5,20,S,A,S_A,154,A_7.5_20_S_A,Y17B90,Y17B90_exp1A,1,Y17B90_day1_exp1A,Y17B90_1A_day1.JPG,0.35836,Y17B90_day11_exp1A,Y17B90_1A_day11.JPG,0.37161,0.036973993,0.01325
2,B,A,7.5,nutrient,A_7.5,20,F,S,F_S,211,A_7.5_20_F_S,Y10B53,Y10B53_exp2B,1,Y10B53_day1_exp2B,Y10B53_2B_day1.JPG,0.37317,Y10B53_day11_exp2B,Y10B53_2B_day11.JPG,0.37126,-0.005118311,-0.00191
2,B,A,7.5,nutrient,A_7.5,20,S,A,S_A,216,A_7.5_20_S_A,Y11B56,Y11B56_exp2B,1,Y11B56_day1_exp2B,Y11B56_2B_day1.JPG,0.39973,Y11B56_day11_exp2B,Y11B56_2B_day11.JPG,0.37023,-0.073799815,-0.0295
2,B,A,7.5,nutrient,A_7.5,20,S,A,S_A,190,A_7.5_20_S_A,Y11B55,Y11B55_exp2B,1,Y11B55_day1_exp2B,Y11B55_2B_day1.JPG,0.3609,Y11B55_day11_exp2B,Y11B55_2B_day11.JPG,0.3683,0.020504295,0.0074
2,B,A,7.5,nutrient,A_7.5,30,S,S,S_S,234,A_7.5_30_S_S,Y21B5431,Y21B5431_exp2B,1,Y21B5431_day1_exp2B,Y21B54_2B_day1.JPG,0.49695,Y21B5431_day11_exp2B,Y21B54_2B_day11.JPG,0.36704,-0.261414629,-0.12991
3,B,A,7.5,nutrient,A_7.5,30,S,A,S_A,242,A_7.5_30_S_A,W14O62,W14O62_exp3B,1,W14O62_day1_exp3B,W14O62_3B_day1.JPG,0.37728,W14O62_day11_exp3B,W13O56_3B_day11.JPG,0.36674,-0.027936811,-0.01054
2,B,A,7.5,nutrient,A_7.5,30,F,A,F_A,171,A_7.5_30_F_A,Y17B87,Y17B87_exp2B,1,Y17B87_day1_exp2B,Y17B87_2B_day1.JPG,0.40554,Y17B87_day11_exp2B,Y17B87_2B_day11.JPG,0.36416,-0.10203679,-0.04138
3,B,A,7.5,nutrient,A_7.5,30,F,S,F_S,247,A_7.5_30_F_S,W13O57,W13O57_exp3B,1,W13O57_day1_exp3B,W13O57_3B_day1.JPG,0.24064,W13O57_day11_exp3B,W12O52_3B_day11.JPG,0.36401,0.512674535,0.12337
1,B,A,7.5,nutrient,A_7.5,30,S,S,S_S,182,A_7.5_30_S_S,Y4B34,Y4B34_exp1B,1,Y4B34_day1_exp1B,Y4B34_1B_day1.JPG,0.39886,Y4B34_day11_exp1B,Y4B34_1B_day11.JPG,0.36277,-0.090482876,-0.03609
2,A,A,7.5,nutrient,A_7.5,20,S,S,S_S,222,A_7.5_20_S_S,Y8B49,Y8B49_exp2A,1,Y8B49_day1_exp2A,Y8B49_2A_day1.JPG,0.46455,Y8B49_day11_exp2A,Y8B49_2A_day11.JPG,0.3613,-0.222258099,-0.10325
2,B,A,7.5,nutrient,A_7.5,30,F,A,F_A,213,A_7.5_30_F_A,Y17B90,Y17B90_exp2B,1,Y17B90_day1_exp2B,Y17B90_2B_day1.JPG,0.37809,Y17B90_day11_exp2B,Y17B90_2B_day11.JPG,0.35921,-0.049935201,-0.01888
2,A,A,7.5,nutrient,A_7.5,20,F,A,F_A,232,A_7.5_20_F_A,Y7B42,Y7B42_exp2A,1,Y7B42_day1_exp2A,Y7B42_2A_day1.JPG,0.40941,Y7B42_day11_exp2A,Y7B42_2A_day11.JPG,0.35686,-0.128355438,-0.05255
3,A,A,7.5,nutrient,A_7.5,30,F,S,F_S,237,A_7.5_30_F_S,Y13B72,Y13B72_exp3A,1,Y13B72_day1_exp3A,Y13B72_3A_day1.JPG,0.31025,Y13B72_day11_exp3A,Y13B72_3A_day1.JPG,0.356,0.147461724,0.04575
1,A,A,7.5,nutrient,A_7.5,30,S,S,S_S,145,A_7.5_30_S_S,Y21B2759,Y21B2759_exp1A,1,Y21B2759_day1_exp1A,Y21B27_1A_day1.JPG,0.41369,Y21B2759_day11_exp1A,Y2162_1A_day11.JPG,0.35259,-0.147695134,-0.0611
1,B,A,7.5,nutrient,A_7.5,20,S,A,S_A,169,A_7.5_20_S_A,Y23B2009,Y23B2009_exp1B,1,Y23B2009_day1_exp1B,Y23B20_1B_day1.JPG,0.4214,Y23B2009_day11_exp1B,Y23B20_1B_day11.JPG,0.35096,-0.167157095,-0.07044
2,B,A,7.5,nutrient,A_7.5,20,S,S,S_S,233,A_7.5_20_S_S,Y11B59,Y11B59_exp2B,1,Y11B59_day1_exp2B,Y11B59_2B_day1.JPG,0.36913,Y11B59_day11_exp2B,Y11B59_2B_day11.JPG,0.34544,-0.064177932,-0.02369
1,A,A,7.5,nutrient,A_7.5,30,S,A,S_A,156,A_7.5_30_S_A,Y21B5628,Y21B5628_exp1A,1,Y21B5628_day1_exp1A,Y21B56_1A_day1.JPG,0.45039,Y21B5628_day11_exp1A,Y21B54_1A_day11.JPG,0.3422,-0.240214037,-0.10819
3,A,A,7.5,nutrient,A_7.5,20,S,A,S_A,236,A_7.5_20_S_A,Y7B40,Y7B40_exp3A,1,Y7B40_day1_exp3A,O10G14_3B_day1.JPG,0.3588,Y7B40_day11_exp3A,Y7B40_3A_day11.JPG,0.34118,-0.049108138,-0.01762
3,B,A,7.5,nutrient,A_7.5,20,S,A,S_A,242,A_7.5_20_S_A,O15Y21,O15Y21_exp3B,1,O15Y21_day1_exp3B,O15Y21_3B_day1.JPG,0.31578,O15Y21_day11_exp3B,O15Y21_3B_day11.JPG,0.33345,0.055956679,0.01767
3,A,A,7.5,nutrient,A_7.5,30,F,A,F_A,237,A_7.5_30_F_A,Y13B71,Y13B71_exp3A,1,Y13B71_day1_exp3A,Y13B71_3A_day1.JPG,0.33523,Y13B71_day11_exp3A,Y13B71_3A_day1.JPG,0.33329,-0.005787072,-0.00194
3,A,A,7.5,nutrient,A_7.5,30,S,A,S_A,237,A_7.5_30_S_A,Y20B17,Y20B17_exp3A,1,Y20B17_day1_exp3A,Y20B17_3A_day1.JPG,0.30441,Y20B17_day11_exp3A,Y20B17_3A_day1.JPG,0.33164,0.089451726,0.02723
3,A,A,7.5,nutrient,A_7.5,20,S,S,S_S,238,A_7.5_20_S_S,Y7B42,Y7B42_exp3A,1,Y7B42_day1_exp3A,O10G17_3B_day1.JPG,0.42803,Y7B42_day11_exp3A,Y7B42_3A_day11.JPG,0.33057,-0.22769432,-0.09746
1,A,A,7.5,nutrient,A_7.5,30,F,A,F_A,145,A_7.5_30_F_A,Y15B82,Y15B82_exp1A,1,Y15B82_day1_exp1A,Y15B82_1A_day1.JPG,0.38996,Y15B82_day11_exp1A,Y15B82_1A_day11.JPG,0.33014,-0.153400349,-0.05982
1,A,A,7.5,nutrient,A_7.5,20,F,S,F_S,144,A_7.5_20_F_S,Y11B57,Y11B57_exp1A,1,Y11B57_day1_exp1A,Y11B57_1A_day1.JPG,0.36255,Y11B57_day11_exp1A,Y11B57_1A_day11.JPG,0.32537,-0.102551372,-0.03718
1,A,A,7.5,nutrient,A_7.5,20,S,S,S_S,153,A_7.5_20_S_S,Y17B93,Y17B93_exp1A,1,Y17B93_day1_exp1A,Y17B93_1A_day1.JPG,0.38983,Y17B93_day11_exp1A,Y17B93_1A_day11.JPG,0.31968,-0.179950235,-0.07015
2,B,A,7.5,nutrient,A_7.5,20,F,A,F_A,213,A_7.5_20_F_A,Y10B51,Y10B51_exp2B,1,Y10B51_day1_exp2B,Y10B51_2B_day1.JPG,0.291,Y10B51_day11_exp2B,Y10B51_2B_day11.JPG,0.31945,0.097766323,0.02845
3,A,A,7.5,nutrient,A_7.5,30,S,A,S_A,237,A_7.5_30_S_A,Y20B21,Y20B21_exp3A,1,Y20B21_day1_exp3A,Y20B21_3A_day1.JPG,0.34751,Y20B21_day11_exp3A,Y20B21_3A_day1.JPG,0.31664,-0.088831976,-0.03087
3,A,A,7.5,nutrient,A_7.5,20,S,A,S_A,237,A_7.5_20_S_A,Y7B41,Y7B41_exp3A,1,Y7B41_day1_exp3A,O10G15_3B_day1.JPG,0.24739,Y7B41_day11_exp3A,Y7B41_3A_day11.JPG,0.31401,0.269291402,0.06662
1,A,A,7.5,nutrient,A_7.5,30,S,S,S_S,153,A_7.5_30_S_S,Y21B6232,Y21B6232_exp1A,1,Y21B6232_day1_exp1A,Y21B62_1A_day1.JPG,0.36397,Y21B6232_day11_exp1A,Y21B56_1A_day11.JPG,0.31354,-0.138555375,-0.05043
3,B,A,7.5,nutrient,A_7.5,20,F,A,F_A,242,A_7.5_20_F_A,O14Y13,O14Y13_exp3B,1,O14Y13_day1_exp3B,O14Y13_3B_day1.JPG,0.347,O14Y13_day11_exp3B,O14Y13_3B_day11.JPG,0.31347,-0.096628242,-0.03353
1,B,A,7.5,nutrient,A_7.5,30,S,A,S_A,181,A_7.5_30_S_A,Y4B31,Y4B31_exp1B,1,Y4B31_day1_exp1B,Y4B31_1B_day1.JPG,0.37801,Y4B31_day11_exp1B,Y4B31_1B_day11.JPG,0.31311,-0.17168858,-0.0649
1,A,A,7.5,nutrient,A_7.5,20,S,S,S_S,157,A_7.5_20_S_S,Y17B94,Y17B94_exp1A,1,Y17B94_day1_exp1A,Y17B94_1A_day1.JPG,0.38518,Y17B94_day11_exp1A,Y17B94_1A_day11.JPG,0.3114,-0.191546809,-0.07378
2,A,A,7.5,nutrient,A_7.5,30,S,S,S_S,233,A_7.5_30_S_S,Y23B1927,Y23B1927_exp2A,1,Y23B1927_day1_exp2A,Y23B1927_2A_day1.JPG,0.39809,Y23B1927_day11_exp2A,Y23B27_2A_day11.JPG,0.30425,-0.23572559,-0.09384
3,A,A,7.5,nutrient,A_7.5,20,S,S,S_S,240,A_7.5_20_S_S,Y7B43,Y7B43_exp3A,1,Y7B43_day1_exp3A,O10G20_3B_day1.JPG,0.60264,Y7B43_day11_exp3A,Y7B43_3A_day11.JPG,0.30273,-0.497660295,-0.29991
1,A,A,7.5,nutrient,A_7.5,20,F,A,F_A,143,A_7.5_20_F_A,Y11B56,Y11B56_exp1A,1,Y11B56_day1_exp1A,Y11B56_1A_day1.JPG,0.2479,Y11B56_day11_exp1A,Y11B56_1A_day11.JPG,0.29834,0.203469141,0.05044
3,A,A,7.5,nutrient,A_7.5,30,S,S,S_S,238,A_7.5_30_S_S,Y20B95,Y20B95_exp3A,1,Y20B95_day1_exp3A,Y20B95_3A_day1.JPG,0.25966,Y20B95_day11_exp3A,Y20B95_3A_day1.JPG,0.28112,0.082646538,0.02146
1,A,A,7.5,nutrient,A_7.5,20,S,A,S_A,162,A_7.5_20_S_A,Y17B87,Y17B87_exp1A,1,Y17B87_day1_exp1A,Y17B87_1A_day1.JPG,0.31681,Y17B87_day11_exp1A,Y17B87_1A_day11.JPG,0.2782,-0.121871153,-0.03861
2,A,A,7.5,nutrient,A_7.5,30,F,A,F_A,232,A_7.5_30_F_A,Y20B100,Y20B100_exp2A,1,Y20B100_day1_exp2A,Y20B100_2A_day1.JPG,0.2608,Y20B100_day11_exp2A,Y20B100_2A_Day11.JPG,0.27542,0.056058282,0.01462
2,B,A,7.5,nutrient,A_7.5,20,S,S,S_S,197,A_7.5_20_S_S,Y11B57,Y11B57_exp2B,1,Y11B57_day1_exp2B,Y11B57_2B_day1.JPG,0.31459,Y11B57_day11_exp2B,Y11B57_2B_day11.JPG,0.27179,-0.136050097,-0.0428
3,B,A,7.5,nutrient,A_7.5,20,S,S,S_S,247,A_7.5_20_S_S,O15Y22,O15Y22_exp3B,1,O15Y22_day1_exp3B,O15Y22_3B_day1.JPG,0.27061,O15Y22_day11_exp3B,O15Y22_3B_day11.JPG,0.26863,-0.007316803,-0.00198
2,B,A,7.5,nutrient,A_7.5,20,S,S,S_S,217,A_7.5_20_S_S,Y11B58,Y11B58_exp2B,1,Y11B58_day1_exp2B,Y11B58_2B_day1.JPG,0.30505,Y11B58_day11_exp2B,Y11B58_2B_day11.JPG,0.26296,-0.137977381,-0.04209
3,B,A,7.5,nutrient,A_7.5,20,F,A,F_A,244,A_7.5_20_F_A,O14Y14,O14Y14_exp3B,1,O14Y14_day1_exp3B,O14Y14_3B_day1.JPG,0.22528,O14Y14_day11_exp3B,O14Y14_3B_day11.JPG,0.26009,0.154518821,0.03481
1,A,A,7.5,nutrient,A_7.5,20,F,A,F_A,153,A_7.5_20_F_A,Y11B55,Y11B55_exp1A,1,Y11B55_day1_exp1A,Y11B55_1A_day1.JPG,0.24221,Y11B55_day11_exp1A,Y11B55_1A_day11.JPG,0.25635,0.058379093,0.01414
1,B,A,7.5,nutrient,A_7.5,20,F,A,F_A,184,A_7.5_20_F_A,Y20B97,Y20B97_exp1B,1,Y20B97_day1_exp1B,Y20B97_1B_day1.JPG,0.25803,Y20B97_day11_exp1B,Y20B97_1B_day11.JPG,0.25529,-0.01061892,-0.00274
1,B,A,7.5,nutrient,A_7.5,30,S,A,S_A,188,A_7.5_30_S_A,Y4B32,Y4B32_exp1B,1,Y4B32_day1_exp1B,Y4B32_1B_day1.JPG,0.24125,Y4B32_day11_exp1B,Y4B32_1B_day11.JPG,0.24737,0.025367876,0.00612
1,B,A,7.5,nutrient,A_7.5,30,S,A,S_A,169,A_7.5_30_S_A,Y4B30,Y4B30_exp1B,1,Y4B30_day1_exp1B,Y4B30_1B_day1.JPG,0.19311,Y4B30_day11_exp1B,Y4B30_1B_day11.JPG,0.24279,0.2572627,0.04968
2,B,A,7.5,nutrient,A_7.5,30,S,A,S_A,225,A_7.5_30_S_A,Y21B9940,Y21B9940_exp2B,1,Y21B9940_day1_exp2B,Y21B99_2B_day1.JPG,0.28292,Y21B9940_day11_exp2B,Y21B99_2B_day11.JPG,0.23643,-0.16432207,-0.04649
2,B,A,7.5,nutrient,A_7.5,30,F,S,F_S,196,A_7.5_30_F_S,Y17B92,Y17B92_exp2B,1,Y17B92_day1_exp2B,Y17B92_2B_day1.JPG,0.32531,Y17B92_day11_exp2B,Y17B92_2B_day11.JPG,0.23237,-0.28569672,-0.09294
2,A,A,7.5,nutrient,A_7.5,30,F,A,F_A,196,A_7.5_30_F_A,Y20B95,Y20B95_exp2A,1,Y20B95_day1_exp2A,Y20B95_2A_day1.JPG,0.20956,Y20B95_day11_exp2A,Y20B95_2A_day11.JPG,0.22819,0.088900554,0.01863
1,A,A,7.5,nutrient,A_7.5,30,F,S,F_S,144,A_7.5_30_F_S,Y15B83,Y15B83_exp1A,1,Y15B83_day1_exp1A,Y15B83_1A_day1.JPG,0.16102,Y15B83_day11_exp1A,Y15B83_1A_day11.JPG,0.21137,0.312694075,0.05035
3,A,A,7.5,nutrient,A_7.5,20,F,S,F_S,237,A_7.5_20_F_S,Y4B32,Y4B32_exp3A,1,Y4B32_day1_exp3A,Y4B32_3A_day1.JPG,0.21608,Y4B32_day11_exp3A,Y4B32_3A_day11.JPG,0.20348,-0.058311736,-0.0126
3,B,A,7.5,nutrient,A_7.5,30,S,S,S_S,251,A_7.5_30_S_S,W14O63,W14O63_exp3B,1,W14O63_day1_exp3B,W14O63_3B_day1.JPG,0.33285,W14O63_day11_exp3B,W13O57_3B_day11.JPG,0.1873,-0.437284062,-0.14555
3,B,A,10,nutrient,A_10,30,S,S,S_S,256,A_10_30_S_S,W20O87,W20O87_exp3B,1,W20O87_day1_exp3B,W20O87_3B_day1.JPG,0.57907,W20O87_day11_exp3B,W20O87_3B_day11.JPG,0.62511,0.079506795,0.04604
1,A,A,10,nutrient,A_10,30,F,S,F_S,157,A_10_30_F_S,R12W60,R12W60_exp1A,1,R12W60_day1_exp1A,G37Y33_1A_day1.JPG,0.5002,R12W60_day11_exp1A,R12W60_1A_day11.JPG,0.55502,0.109596162,0.05482
2,B,A,10,nutrient,A_10,30,S,S,S_S,223,A_10_30_S_S,R20W92,R20W92_exp2B,1,R20W92_day1_exp2B,R20W92_2B_day1.JPG,0.54156,R20W92_day11_exp2B,R20W92_2B_day11.JPG,0.54998,0.015547677,0.00842
2,A,A,10,nutrient,A_10,20,S,S,S_S,205,A_10_20_S_S,R13W65,R13W65_exp2A,1,R13W65_day1_exp2A,R13W65_2A_day1.JPG,0.48712,R13W65_day11_exp2A,R13W65_2A_day11.JPG,0.53747,0.103362621,0.05035
1,A,A,10,nutrient,A_10,20,F,S,F_S,155,A_10_20_F_S,R7W39,R7W39_exp1A,1,R7W39_day1_exp1A,R7W39_1A_day1.JPG,0.477,R7W39_day11_exp1A,R7W39_1A_day11.JPG,0.52988,0.110859539,0.05288
1,A,A,10,nutrient,A_10,20,F,S,F_S,152,A_10_20_F_S,R7W38,R7W38_exp1A,1,R7W38_day1_exp1A,R7W38_1A_day1.JPG,0.51144,R7W38_day11_exp1A,R7W38_1A_day11.JPG,0.52786,0.032105428,0.01642
1,B,A,10,nutrient,A_10,20,S,S,S_S,167,A_10_20_S_S,R14W73,R14W73_exp1B,1,R14W73_day1_exp1B,R14W73_1B_day1.JPG,0.58332,R14W73_day11_exp1B,R14W73_1B_day11.JPG,0.52085,-0.107093876,-0.06247
2,A,A,10,nutrient,A_10,20,S,S,S_S,233,A_10_20_S_S,R13W64,R13W64_exp2A,1,R13W64_day1_exp2A,R13W64_2A_day1.JPG,0.52546,R13W64_day11_exp2A,R13W64_2A_day11.JPG,0.51672,-0.016633045,-0.00874
1,B,A,10,nutrient,A_10,30,F,A,F_A,167,A_10_30_F_A,R1W2,R1W2_exp1B,1,R1W2_day1_exp1B,R1W2_1B_day1.JPG,0.50214,R1W2_day11_exp1B,R1W2_1B_day11.JPG,0.51256,0.020751185,0.01042
1,A,A,10,nutrient,A_10,30,S,A,S_A,165,A_10_30_S_A,R20W88,R20W88_exp1A,1,R20W88_day1_exp1A,R12W57_1A_day1.JPG,0.50548,R20W88_day11_exp1A,R20W88_1A_day11.JPG,0.50565,0.000336314,0.00017
1,A,A,10,nutrient,A_10,30,S,S,S_S,157,A_10_30_S_S,R20Y93,R20Y93_exp1A,1,R20Y93_day1_exp1A,R12W60_1A_day1.JPG,0.61305,R20Y93_day11_exp1A,R20W93_1A_day11.JPG,0.50264,-0.180099502,-0.11041
2,B,A,10,nutrient,A_10,20,F,A,F_A,170,A_10_20_F_A,R5W21,R5W21_exp2B,1,R5W21_day1_exp2B,R5W21_2B_day1.JPG,0.47827,R5W21_day11_exp2B,R5W21_2B_day11.JPG,0.49873,0.042779183,0.02046
1,A,A,10,nutrient,A_10,30,F,S,F_S,144,A_10_30_F_S,R12W58,R12W58_exp1A,1,R12W58_day1_exp1A,G37Y31_1A_day1.JPG,0.47969,R12W58_day11_exp1A,R12W58_1A_day11.JPG,0.49752,0.037169839,0.01783
3,A,A,10,nutrient,A_10,20,F,S,F_S,240,A_10_20_F_S,R11W53,R11W53_exp3A,1,R11W53_day1_exp3A,R11W53_3A_day1.JPG,0.52132,R11W53_day11_exp3A,R11W53_3A_day11.JPG,0.48592,-0.06790455,-0.0354
3,B,A,10,nutrient,A_10,30,F,A,F_A,243,A_10_30_F_A,W16O77,W16O77_exp3B,1,W16O77_day1_exp3B,W15O72_3B_day1.JPG,0.47313,W16O77_day11_exp3B,W15O72_3B_day11.JPG,0.48287,0.020586308,0.00974
1,B,A,10,nutrient,A_10,20,F,S,F_S,167,A_10_20_F_S,R13W65,R13W65_exp1B,1,R13W65_day1_exp1B,R13W65_1B_day1.JPG,0.5337,R13W65_day11_exp1B,R13W65_1B_day11.JPG,0.47995,-0.10071201,-0.05375
1,B,A,10,nutrient,A_10,30,S,A,S_A,169,A_10_30_S_A,R15W75,R15W75_exp1B,1,R15W75_day1_exp1B,R15W75_1B_day1.JPG,0.55859,R15W75_day11_exp1B,R15W75_1B_day11.JPG,0.47912,-0.142268927,-0.07947
3,A,A,10,nutrient,A_10,30,F,S,F_S,240,A_10_30_F_S,R17W84,R17W84_exp3A,1,R17W84_day1_exp3A,R17W84_3A_day1.JPG,0.45156,R17W84_day11_exp3A,R17W84_3A_day11.JPG,0.47895,0.060656391,0.02739
1,A,A,10,nutrient,A_10,20,S,S,S_S,144,A_10_20_S_S,R8W42,R8W42_exp1A,1,R8W42_day1_exp1A,R8W42_1A_day1.JPG,0.52415,R8W42_day11_exp1A,R8W42_1A_day11.JPG,0.47865,-0.086807212,-0.0455
1,A,A,10,nutrient,A_10,30,S,A,S_A,150,A_10_30_S_A,R20W87,R20W87_exp1A,1,R20W87_day1_exp1A,R12W56_1A_day1.JPG,0.28133,R20W87_day11_exp1A,R20W87_1A_day11.JPG,0.47849,0.700813991,0.19716
2,A,A,10,nutrient,A_10,20,F,A,F_A,210,A_10_20_F_A,R11W51,R11W51_exp2A,1,R11W51_day1_exp2A,R11W51_2A_day1.JPG,0.3909,R11W51_day11_exp2A,R11W51_2A_day11.JPG,0.47151,0.206216424,0.08061
1,A,A,10,nutrient,A_10,20,S,A,S_A,154,A_10_20_S_A,R8W41,R8W41_exp1A,1,R8W41_day1_exp1A,R8W41_1A_day1.JPG,0.50733,R8W41_day11_exp1A,R8W41_1A_day11.JPG,0.47072,-0.072162104,-0.03661
1,B,A,10,nutrient,A_10,30,F,S,F_S,167,A_10_30_F_S,R1W6,R1W6_exp1B,1,R1W6_day1_exp1B,R1W6_1B_day1.JPG,0.4908,R1W6_day11_exp1B,R1W6_1B_day11.JPG,0.4703,-0.041768541,-0.0205
2,A,A,10,nutrient,A_10,30,S,A,S_A,198,A_10_30_S_A,R21W94,R21W94_exp2A,1,R21W94_day1_exp2A,R21W94_2A_day1.JPG,0.39547,R21W94_day11_exp2A,R21W94_2A_day11.JPG,0.46195,0.168103775,0.06648
2,A,A,10,nutrient,A_10,30,S,S,S_S,233,A_10_30_S_S,R21W55,R21W55_exp2A,1,R21W55_day1_exp2A,R21W55_2A_day1.JPG,0.45256,R21W55_day11_exp2A,R21W55_2A_day11.JPG,0.46181,0.020439279,0.00925
3,B,A,10,nutrient,A_10,30,S,S,S_S,245,A_10_30_S_S,W20O86,W20O86_exp3B,1,W20O86_day1_exp3B,W20O86_3B_day1.JPG,0.4993,W20O86_day11_exp3B,W20O86_3B_day11.JPG,0.45606,-0.086601242,-0.04324
3,A,A,10,nutrient,A_10,30,F,A,F_A,241,A_10_30_F_A,R15W79,R15W79_exp3A,1,R15W79_day1_exp3A,R15W79_3A_day1.JPG,0.4325,R15W79_day11_exp3A,R15W79_3A_day11.JPG,0.45596,0.054242775,0.02346
1,A,A,10,nutrient,A_10,20,S,S,S_S,157,A_10_20_S_S,R8W44,R8W44_exp1A,1,R8W44_day1_exp1A,R8W44_1A_day1.JPG,0.32328,R8W44_day11_exp1A,R8W44_1A_day11.JPG,0.45333,0.402282851,0.13005
3,A,A,10,nutrient,A_10,30,S,A,S_A,243,A_10_30_S_A,R21W55,R21W55_exp3A,1,R21W55_day1_exp3A,R21W55_3A_day1.JPG,0.38417,R21W55_day11_exp3A,R21W55_3A_day11.JPG,0.45191,0.176328188,0.06774
3,B,A,10,nutrient,A_10,30,F,S,F_S,253,A_10_30_F_S,W17O82,W17O82_exp3B,1,W17O82_day1_exp3B,W16O76_3B_day1.JPG,0.56623,W17O82_day11_exp3B,W16O76_3B_day11.JPG,0.4508,-0.20385709,-0.11543
1,B,A,10,nutrient,A_10,30,S,A,S_A,185,A_10_30_S_A,R15W79,R15W79_exp1B,1,R15W79_day1_exp1B,R15W79_1B_day1.JPG,0.4588,R15W79_day11_exp1B,R15W79_1B_day11.JPG,0.45041,-0.018286835,-0.00839
3,B,A,10,nutrient,A_10,20,F,S,F_S,248,A_10_20_F_S,O21W41,O21W41_exp3B,1,O21W41_day1_exp3B,O21W41_3B_day1.JPG,0.39622,O21W41_day11_exp3B,O21W41_3B_day11.JPG,0.44976,0.13512695,0.05354
3,A,A,10,nutrient,A_10,20,S,A,S_A,241,A_10_20_S_A,R11W54,R11W54_exp3A,1,R11W54_day1_exp3A,R11W54_3A_day1.JPG,0.41953,R11W54_day11_exp3A,R11W54_3A_day11.JPG,0.44801,0.067885491,0.02848
2,B,A,10,nutrient,A_10,20,F,S,F_S,196,A_10_20_F_S,R5W24,R5W24_exp2B,1,R5W24_day1_exp2B,R5W24_2B_day1.JPG,0.43169,R5W24_day11_exp2B,R5W24_2B_day11.JPG,0.44638,0.034029049,0.01469
2,A,A,10,nutrient,A_10,20,S,A,S_A,222,A_10_20_S_A,R13W67,R13W67_exp2A,1,R13W67_day1_exp2A,R13W67_2A_day1.JPG,0.38913,R13W67_day11_exp2A,R13W67_2A_day11.JPG,0.44525,0.144219156,0.05612
3,A,A,10,nutrient,A_10,20,F,A,F_A,235,A_10_20_F_A,R11W50,R11W50_exp3A,1,R11W50_day1_exp3A,R11W50_3A_day1.JPG,0.43167,R11W50_day11_exp3A,R11W50_3A_day11.JPG,0.44359,0.027613686,0.01192
1,B,A,10,nutrient,A_10,20,F,A,F_A,167,A_10_20_F_A,R13W62,R13W62_exp1B,1,R13W62_day1_exp1B,R13W62_1B_day1.JPG,0.28713,R13W62_day11_exp1B,R13W62_1B_day11.JPG,0.44203,0.539476892,0.1549
1,A,A,10,nutrient,A_10,30,F,A,F_A,146,A_10_30_F_A,R12W57,R12W57_exp1A,1,R12W57_day1_exp1A,G37Y30_1A_day1.JPG,0.57542,R12W57_day11_exp1A,R12W57_1A_day11.JPG,0.44014,-0.235097842,-0.13528
1,B,A,10,nutrient,A_10,20,S,A,S_A,180,A_10_20_S_A,R14W71,R14W71_exp1B,1,R14W71_day1_exp1B,R14W71_1B_day1.JPG,0.44823,R14W71_day11_exp1B,R14W71_1B_day11.JPG,0.43872,-0.021216786,-0.00951
2,A,A,10,nutrient,A_10,30,F,S,F_S,222,A_10_30_F_S,R17W85,R17W85_exp2A,1,R17W85_day1_exp2A,R17W85_2A_day1.JPG,0.40754,R17W85_day11_exp2A,R17_W85_2A_day11.JPG,0.43757,0.073686019,0.03003
2,B,A,10,nutrient,A_10,30,F,S,F_S,233,A_10_30_F_S,R12W60,R12W60_exp2B,1,R12W60_day1_exp2B,R12W60_2B_day1.JPG,0.49194,R12W60_day11_exp2B,R12W60_2B_day11.JPG,0.43624,-0.11322519,-0.0557
3,B,A,10,nutrient,A_10,20,F,S,F_S,252,A_10_20_F_S,O21W42,O21W42_exp3B,1,O21W42_day1_exp3B,O21W42_3B_day1.JPG,0.55687,O21W42_day11_exp3B,O21W42_3B_day11.JPG,0.4356,-0.217770754,-0.12127
3,A,A,10,nutrient,A_10,20,S,S,S_S,238,A_10_20_S_S,R13W64,R13W64_exp3A,1,R13W64_day1_exp3A,R13W65_3A_day1.JPG,0.42219,R13W64_day11_exp3A,R13W65_3A_day11.JPG,0.4353,0.03105237,0.01311
2,A,A,10,nutrient,A_10,30,S,A,S_A,226,A_10_30_S_A,R21W95,R21W95_exp2A,1,R21W95_day1_exp2A,R21W95_2A_day1.JPG,0.42407,R21W95_day11_exp2A,R21W95_2A_day11.JPG,0.43318,0.021482302,0.00911
2,A,A,10,nutrient,A_10,30,S,A,S_A,174,A_10_30_S_A,R21Y97,R21Y97_exp2A,1,R21Y97_day1_exp2A,R21W97_2A_day1.JPG,0.43573,R21Y97_day11_exp2A,R21W97_2A_day11.JPG,0.43261,-0.007160397,-0.00312
3,A,A,10,nutrient,A_10,30,S,S,S_S,240,A_10_30_S_S,R21W100,R21W100_exp3A,1,R21W100_day1_exp3A,R21W100_3A_day1.JPG,0.42597,R21W100_day11_exp3A,R21W100_3A_day11.JPG,0.43023,0.010000704,0.00426
2,A,A,10,nutrient,A_10,20,S,A,S_A,198,A_10_20_S_A,R13W62,R13W62_exp2A,1,R13W62_day1_exp2A,R13W62_2A_day1.JPG,0.35447,R13W62_day11_exp2A,R13W62_2A_day11.JPG,0.42975,0.212373403,0.07528
3,B,A,10,nutrient,A_10,20,S,A,S_A,243,A_10_20_S_A,O21W43,O21W43_exp3B,1,O21W43_day1_exp3B,O21W43_3B_day1.JPG,0.51644,O21W43_day11_exp3B,O21W43_3B_day11.JPG,0.42727,-0.172662846,-0.08917
2,B,A,10,nutrient,A_10,20,F,S,F_S,182,A_10_20_F_S,R5W27,R5W27_exp2B,1,R5W27_day1_exp2B,R5W27_2B_day1.JPG,0.45449,R5W27_day11_exp2B,R5W27_2B_day11.JPG,0.4175,-0.081387929,-0.03699
1,B,A,10,nutrient,A_10,30,F,A,F_A,178,A_10_30_F_A,R1W3,R1W3_exp1B,1,R1W3_day1_exp1B,R1W3_1B_day1.JPG,0.43771,R1W3_day11_exp1B,R1W3_1B_day11.JPG,0.41638,-0.048730895,-0.02133
3,A,A,10,nutrient,A_10,30,S,S,S_S,240,A_10_30_S_S,R1W7,R1W7_exp3A,1,R1W7_day1_exp3A,R1W7_3A_day1.JPG,0.41821,R1W7_day11_exp3A,R1W7_3A_day11.JPG,0.41474,-0.008297267,-0.00347
3,A,A,10,nutrient,A_10,20,S,S,S_S,238,A_10_20_S_S,R13W64,R13W64_exp3A,1,R13W64_day1_exp3A,R13W64_3A_day1.JPG,0.34883,R13W64_day11_exp3A,R13W64_3A_day11.JPG,0.40457,0.159791302,0.05574
3,B,A,10,nutrient,A_10,30,F,A,F_A,242,A_10_30_F_A,W17O78,W17O78_exp3B,1,W17O78_day1_exp3B,W16O73_3B_day1.JPG,0.44696,W17O78_day11_exp3B,W16O73_3B_day11.JPG,0.39815,-0.109204403,-0.04881
1,B,A,10,nutrient,A_10,30,S,S,S_S,190,A_10_30_S_S,R15W77,R15W77_exp1B,1,R15W77_day1_exp1B,R15W77_1B_day1.JPG,0.43704,R15W77_day11_exp1B,R15W77_1B_day11.JPG,0.3957,-0.094590884,-0.04134
2,A,A,10,nutrient,A_10,30,F,S,F_S,200,A_10_30_F_S,R17W84,R17W84_exp2A,1,R17W84_day1_exp2A,R17W84_2A_day1.JPG,0.48241,R17W84_day11_exp2A,R17W84_2A_day11.JPG,0.3935,-0.184303808,-0.08891
2,B,A,10,nutrient,A_10,30,F,A,F_A,215,A_10_30_F_A,R12W57,R12W57_exp2B,1,R12W57_day1_exp2B,R12W57_2B_day1.JPG,0.44998,R12W57_day11_exp2B,R12W57_2B_day11.JPG,0.3933,-0.125961154,-0.05668
2,B,A,10,nutrient,A_10,30,S,S,S_S,234,A_10_30_S_S,R20W93,R20W93_exp2B,1,R20W93_day1_exp2B,R20W93_2B_day1.JPG,0.42517,R20W93_day11_exp2B,R20W93_2B_day11.JPG,0.39318,-0.075240492,-0.03199
3,B,A,10,nutrient,A_10,30,S,A,S_A,256,A_10_30_S_A,W1O5,W1O5_exp3B,1,W1O5_day1_exp3B,W17O83_3B_day1.JPG,0.50554,W1O5_day11_exp3B,W1O5_3B_day11.JPG,0.39303,-0.222554101,-0.11251
3,A,A,10,nutrient,A_10,30,F,S,F_S,237,A_10_30_F_S,R17W83,R17W83_exp3A,1,R17W83_day1_exp3A,R17W83_3A_day1.JPG,0.40472,R17W83_day11_exp3A,R17W83_3A_day11.JPG,0.38988,-0.036667326,-0.01484
1,B,A,10,nutrient,A_10,20,F,S,F_S,176,A_10_20_F_S,R13W67,R13W67_exp1B,1,R13W67_day1_exp1B,R13W67_1B_day1.JPG,0.35539,R13W67_day11_exp1B,R13W67_1B_day11.JPG,0.38715,0.089366611,0.03176
2,A,A,10,nutrient,A_10,20,F,S,F_S,220,A_10_20_F_S,R11W54,R11W54_exp2A,1,R11W54_day1_exp2A,R11W54_2A_day1.JPG,0.43232,R11W54_day11_exp2A,R11W54_2A_day11.JPG,0.38671,-0.105500555,-0.04561
2,A,A,10,nutrient,A_10,20,F,A,F_A,232,A_10_20_F_A,R11W52,R11W52_exp2A,1,R11W52_day1_exp2A,R11W52_2A_day1.JPG,0.42712,R11W52_day11_exp2A,R11W52_2A_day11.JPG,0.38639,-0.095359618,-0.04073
1,A,A,10,nutrient,A_10,30,F,S,F_S,153,A_10_30_F_S,R12W59,R12W59_exp1A,1,R12W59_day1_exp1A,G37Y32_1A_day1.JPG,0.40926,R12W59_day11_exp1A,R12W59_1A_day11.JPG,0.38615,-0.056467771,-0.02311
2,A,A,10,nutrient,A_10,30,S,S,S_S,206,A_10_30_S_S,R21W100,R21W100_exp2A,1,R21W100_day1_exp2A,R21W100_2A_day1.JPG,0.4401,R21W100_day11_exp2A,R21W100_2A_day11.JPG,0.38318,-0.129334242,-0.05692
1,B,A,10,nutrient,A_10,20,S,A,S_A,169,A_10_20_S_A,R14W70,R14W70_exp1B,1,R14W70_day1_exp1B,R14W70_1B_day1.JPG,0.33868,R14W70_day11_exp1B,R14W70_1B_day11.JPG,0.38166,0.126904453,0.04298
2,B,A,10,nutrient,A_10,30,F,A,F_A,171,A_10_30_F_A,R12W56,R12W56_exp2B,1,R12W56_day1_exp2B,R12W56_2B_day1.JPG,0.32119,R12W56_day11_exp2B,R12W56_2B_day11.JPG,0.37967,0.182072916,0.05848
1,B,A,10,nutrient,A_10,30,S,A,S_A,181,A_10_30_S_A,R15W76,R15W76_exp1B,1,R15W76_day1_exp1B,R15W76_1B_day1.JPG,0.38473,R15W76_day11_exp1B,R15W76_1B_day11.JPG,0.37842,-0.016401112,-0.00631
3,B,A,10,nutrient,A_10,20,S,A,S_A,242,A_10_20_S_A,O22W44,O22W44_exp3B,1,O22W44_day1_exp3B,O22W44_3B_day1.JPG,0.35644,O22W44_day11_exp3B,O22W44_3B_day11.JPG,0.37599,0.054847941,0.01955
3,B,A,10,nutrient,A_10,20,F,A,F_A,242,A_10_20_F_A,O21W39,O21W39_exp3B,1,O21W39_day1_exp3B,O21W39_3B_day1.JPG,0.38061,O21W39_day11_exp3B,O21W39_3B_day11.JPG,0.37373,-0.018076246,-0.00688
2,B,A,10,nutrient,A_10,20,F,S,F_S,211,A_10_20_F_S,R5W26,R5W26_exp2B,1,R5W26_day1_exp2B,R5W26_2B_day1.JPG,0.37796,R5W26_day11_exp2B,R5W26_2B_day11.JPG,0.37246,-0.014551804,-0.0055
1,B,A,10,nutrient,A_10,20,S,S,S_S,182,A_10_20_S_S,R14W74,R14W74_exp1B,1,R14W74_day1_exp1B,R14W74_1B_day1.JPG,0.39111,R14W74_day11_exp1B,R14W74_1B_day11.JPG,0.36955,-0.055125157,-0.02156
2,B,A,10,nutrient,A_10,20,S,S,S_S,197,A_10_20_S_S,R6W30,R6W30_exp2B,1,R6W30_day1_exp2B,R6W30_2B_day1.JPG,0.34063,R6W30_day11_exp2B,R6W30_2B_day11.JPG,0.36389,0.068285236,0.02326
1,A,A,10,nutrient,A_10,20,S,A,S_A,154,A_10_20_S_A,R8W40,R8W40_exp1A,1,R8W40_day1_exp1A,R8W40_1A_day1.JPG,0.42426,R8W40_day11_exp1A,R8W40_1A_day11.JPG,0.36199,-0.146773205,-0.06227
2,A,A,10,nutrient,A_10,20,S,A,S_A,220,A_10_20_S_A,R13W63,R13W63_exp2A,1,R13W63_day1_exp2A,R13W63_2A_day1.JPG,0.38439,R13W63_day11_exp2A,R13W63_2A_day11.JPG,0.36113,-0.06051146,-0.02326
3,B,A,10,nutrient,A_10,20,S,S,S_S,249,A_10_20_S_S,O22W46,O22W46_exp3B,1,O22W46_day1_exp3B,O22W46_3B_day1.JPG,0.53752,O22W46_day11_exp3B,O22W46_3B_day11.JPG,0.36017,-0.329941211,-0.17735
3,A,A,10,nutrient,A_10,30,F,A,F_A,235,A_10_30_F_A,R17W80,R17W80_exp3A,1,R17W80_day1_exp3A,R17W80_3A_day1.JPG,0.37205,R17W80_day11_exp3A,R17W80_3A_day11.JPG,0.3577,-0.038570085,-0.01435
2,B,A,10,nutrient,A_10,20,F,A,F_A,213,A_10_20_F_A,R5W22,R5W22_exp2B,1,R5W22_day1_exp2B,R5W22_2B_day1.JPG,0.30502,R5W22_day11_exp2B,R5W22_2B_day11.JPG,0.35723,0.171169104,0.05221
1,A,A,10,nutrient,A_10,20,F,A,F_A,144,A_10_20_F_A,R7W36,R7W36_exp1A,1,R7W36_day1_exp1A,R7W36_1A_day1.JPG,0.35309,R7W36_day11_exp1A,R7W36_1A_day11.JPG,0.35343,0.000962927,0.00034
2,A,A,10,nutrient,A_10,30,F,A,F_A,232,A_10_30_F_A,R17W83,R17W83_exp2A,1,R17W83_day1_exp2A,R17W83_2A_day1.JPG,0.38771,R17W83_day11_exp2A,R17W83_2A_day11.JPG,0.35311,-0.089241959,-0.0346
1,A,A,10,nutrient,A_10,30,S,S,S_S,145,A_10_30_S_S,R20W90,R20W90_exp1A,1,R20W90_day1_exp1A,R12W58_1A_day1.JPG,0.49116,R20W90_day11_exp1A,R20W90_1A_day11.JPG,0.35269,-0.281924424,-0.13847
3,B,A,10,nutrient,A_10,20,S,S,S_S,255,A_10_20_S_S,O22W47,O22W47_exp3B,1,O22W47_day1_exp3B,O22W47_3B_day1.JPG,0.37439,O22W47_day11_exp3B,O22W47_3B_day11.JPG,0.35022,-0.064558348,-0.02417
2,B,A,10,nutrient,A_10,20,S,S,S_S,217,A_10_20_S_S,R6W31,R6W31_exp2B,1,R6W31_day1_exp2B,R6W31_2B_day1.JPG,0.34913,R6W31_day11_exp2B,R6W31_2B_day11.JPG,0.34651,-0.007504368,-0.00262
2,B,A,10,nutrient,A_10,20,S,A,S_A,178,A_10_20_S_A,R6W28,R6W28_exp2B,1,R6W28_day1_exp2B,R6W28_2B_day1.JPG,0.30606,R6W28_day11_exp2B,R6W28_2B_day11.JPG,0.34633,0.131575508,0.04027
3,B,A,10,nutrient,A_10,30,F,S,F_S,248,A_10_30_F_S,W17O80,W17O80_exp3B,1,W17O80_day1_exp3B,W16O75_3B_day1.JPG,0.38209,W17O80_day11_exp3B,W16O75_3B_day11.JPG,0.3409,-0.107801827,-0.04119
3,A,A,10,nutrient,A_10,20,F,A,F_A,237,A_10_20_F_A,R11W51,R11W51_exp3A,1,R11W51_day1_exp3A,R11W51_3A_day1.JPG,0.34189,R11W51_day11_exp3A,R11W51_3A_day11.JPG,0.3382,-0.010792945,-0.00369
1,B,A,10,nutrient,A_10,30,F,S,F_S,182,A_10_30_F_S,R1W7,R1W7_exp1B,1,R1W7_day1_exp1B,R1W7_1B_day1.JPG,0.34314,R1W7_day11_exp1B,R1W7_1B_day11.JPG,0.33644,-0.019525558,-0.0067
1,B,A,10,nutrient,A_10,20,S,A,S_A,187,A_10_20_S_A,R14W72,R14W72_exp1B,1,R14W72_day1_exp1B,R14W72_1B_day1.JPG,0.35077,R14W72_day11_exp1B,R14W72_1B_day11.JPG,0.33175,-0.054223565,-0.01902
1,A,A,10,nutrient,A_10,20,F,S,F_S,143,A_10_20_F_S,R7W37,R7W37_exp1A,1,R7W37_day1_exp1A,R7W37_1A_day1.JPG,0.38096,R7W37_day11_exp1A,R7W37_1A_day11.JPG,0.32716,-0.141222176,-0.0538
2,A,A,10,nutrient,A_10,20,F,S,F_S,198,A_10_20_F_S,R11W53,R11W53_exp2A,1,R11W53_day1_exp2A,R11W53_2A_day1.JPG,0.4675,R11W53_day11_exp2A,R11W53_2A_day11.JPG,0.32638,-0.301860963,-0.14112
2,A,A,10,nutrient,A_10,30,F,A,F_A,210,A_10_30_F_A,R17W82,R17W82_exp2A,1,R17W82_day1_exp2A,R17W82_2A_day1.JPG,0.35003,R17W82_day11_exp2A,R17W82_2A_day11.JPG,0.32222,-0.079450333,-0.02781
2,B,A,10,nutrient,A_10,30,F,S,F_S,217,A_10_30_F_S,R12W59,R12W59_exp2B,1,R12W59_day1_exp2B,R12W59_2B_day1.JPG,0.36663,R12W59_day11_exp2B,R12W59_2B_day11.JPG,0.31746,-0.134113411,-0.04917
2,B,A,10,nutrient,A_10,30,F,S,F_S,196,A_10_30_F_S,R12W58,R12W58_exp2B,1,R12W58_day1_exp2B,R12W58_2B_day1.JPG,0.37682,R12W58_day11_exp2B,R12W58_2B_day11.JPG,0.31448,-0.165437079,-0.06234
2,A,A,10,nutrient,A_10,30,F,A,F_A,196,A_10_30_F_A,R17W80,R17W80_exp2A,1,R17W80_day1_exp2A,R17W80_2A_day1.JPG,0.32183,R17W80_day11_exp2A,R17W80_2A_day11.JPG,0.31366,-0.025386073,-0.00817
3,B,A,10,nutrient,A_10,20,F,S,F_S,245,A_10_20_F_S,O21W40,O21W40_exp3B,1,O21W40_day1_exp3B,O21W40_3B_day1.JPG,0.28993,O21W40_day11_exp3B,O21W40_3B_day11.JPG,0.31237,0.077397993,0.02244
1,B,A,10,nutrient,A_10,20,F,A,F_A,178,A_10_20_F_A,R13W63,R13W63_exp1B,1,R13W63_day1_exp1B,R13W63_1B_day1.JPG,0.44238,R13W63_day11_exp1B,R13W63_1B_day11.JPG,0.30993,-0.299403228,-0.13245
1,A,A,10,nutrient,A_10,30,S,S,S_S,153,A_10_30_S_S,R20W92,R20W92_exp1A,1,R20W92_day1_exp1A,R12W59_1A_day1.JPG,0.32585,R20W92_day11_exp1A,R20W92_1A_day11.JPG,0.30766,-0.055823232,-0.01819
1,A,A,10,nutrient,A_10,20,S,S,S_S,153,A_10_20_S_S,R8W43,R8W43_exp1A,1,R8W43_day1_exp1A,R8W43_1A_day1.JPG,0.34191,R8W43_day11_exp1A,R8W43_1A_day11.JPG,0.30316,-0.113333918,-0.03875
1,B,A,10,nutrient,A_10,30,F,A,F_A,187,A_10_30_F_A,R1W5,R1W5_exp1B,1,R1W5_day1_exp1B,R1W5_1B_day1.JPG,0.32095,R1W5_day11_exp1B,R1W5_1B_day11.JPG,0.30276,-0.056675495,-0.01819
3,A,A,10,nutrient,A_10,30,F,A,F_A,237,A_10_30_F_A,R17W82,R17W82_exp3A,1,R17W82_day1_exp3A,R17W82_3A_day1.JPG,0.30519,R17W82_day11_exp3A,R17W82_3A_day11.JPG,0.29797,-0.023657394,-0.00722
3,A,A,10,nutrient,A_10,20,S,A,S_A,236,A_10_20_S_A,R13W62,R13W62_exp3A,1,R13W62_day1_exp3A,R13W62_3A_day1.JPG,0.36073,R13W62_day11_exp3A,R13W62_3A_day11.JPG,0.29772,-0.174673579,-0.06301
1,B,A,10,nutrient,A_10,30,S,S,S_S,171,A_10_30_S_S,R15W78,R15W78_exp1B,1,R15W78_day1_exp1B,R15W78_1B_day1.JPG,0.29388,R15W78_day11_exp1B,R15W78_1B_day11.JPG,0.29323,-0.002211787,-0.00065
2,B,A,10,nutrient,A_10,30,S,A,S_A,225,A_10_30_S_A,R20W88,R20W88_exp2B,1,R20W88_day1_exp2B,R20W88_2B_day1.JPG,0.30174,R20W88_day11_exp2B,R20W88_2B_day11.JPG,0.29115,-0.035096441,-0.01059
2,B,A,10,nutrient,A_10,20,S,S,S_S,233,A_10_20_S_S,R6W32,R6W32_exp2B,1,R6W32_day1_exp2B,R6W32_2B_day1.JPG,0.27896,R6W32_day11_exp2B,R6W32_2B_day11.JPG,0.29006,0.039790651,0.0111
3,B,A,10,nutrient,A_10,20,S,S,S_S,250,A_10_20_S_S,O22W45,O22W45_exp3B,1,O22W45_day1_exp3B,O22W45_3B_day1.JPG,0.25462,O22W45_day11_exp3B,O22W45_3B_day11.JPG,0.27762,0.090330689,0.023
2,B,A,10,nutrient,A_10,30,S,S,S_S,200,A_10_30_S_S,R20W90,R20W90_exp2B,1,R20W90_day1_exp2B,R20W90_2B_day1.JPG,0.29099,R20W90_day11_exp2B,R20W90_2B_day11.JPG,0.27669,-0.049142582,-0.0143
3,A,A,10,nutrient,A_10,30,S,A,S_A,237,A_10_30_S_A,R21W95,R21W95_exp3A,1,R21W95_day1_exp3A,R21W95_3A_day1.JPG,0.28862,R21W95_day11_exp3A,R21W95_3A_day11.JPG,0.27433,-0.049511468,-0.01429
3,A,A,10,nutrient,A_10,20,S,A,S_A,237,A_10_20_S_A,R13W63,R13W63_exp3A,1,R13W63_day1_exp3A,R13W63_3A_day1.JPG,0.27808,R13W63_day11_exp3A,R13W63_3A_day11.JPG,0.27209,-0.021540564,-0.00599
3,A,A,10,nutrient,A_10,30,S,A,S_A,237,A_10_30_S_A,R21W94,R21W94_exp3A,1,R21W94_day1_exp3A,R21W94_3A_day1.JPG,0.27192,R21W94_day11_exp3A,R21W94_3A_day11.JPG,0.26921,-0.009966167,-0.00271
3,B,A,10,nutrient,A_10,30,S,S,S_S,251,A_10_30_S_S,W20O85,W20O85_exp3B,1,W20O85_day1_exp3B,W20O85_3B_day1.JPG,0.26554,W20O85_day11_exp3B,W20O85_3B_day11.JPG,0.26797,0.009151164,0.00243
3,A,A,10,nutrient,A_10,20,F,S,F_S,237,A_10_20_F_S,R11W52,R11W52_exp3A,1,R11W52_day1_exp3A,R11W52_3A_day1.JPG,0.27035,R11W52_day11_exp3A,R11W52_3A_day11.JPG,0.26526,-0.018827446,-0.00509
2,B,A,10,nutrient,A_10,20,S,A,S_A,224,A_10_20_S_A,R6W29,R6W29_exp2B,1,R6W29_day1_exp2B,R6W29_2B_day1.JPG,0.2408,R6W29_day11_exp2B,R6W29_2B_day11.JPG,0.2603,0.080980066,0.0195
2,B,A,10,nutrient,A_10,30,S,A,S_A,184,A_10_30_S_A,R20W87,R20W87_exp2B,1,R20W87_day1_exp2B,R20W87_2B_day1.JPG,0.29441,R20W87_day11_exp2B,R20W87_2B_day11.JPG,0.25426,-0.136374444,-0.04015
1,B,A,10,nutrient,A_10,20,F,A,F_A,184,A_10_20_F_A,R13W64,R13W64_exp1B,1,R13W64_day1_exp1B,R13W64_1B_day1.JPG,0.23054,R13W64_day11_exp1B,R13W64_1B_day11.JPG,0.25084,0.088054134,0.0203
2,A,A,10,nutrient,A_10,20,F,A,F_A,196,A_10_20_F_A,R11W50,R11W50_exp2A,1,R11W50_day1_exp2A,R11W50_2A_day1.JPG,0.37386,R11W50_day11_exp2A,R11W50_2A_day11.JPG,0.24614,-0.341625207,-0.12772
1,A,A,10,nutrient,A_10,20,F,A,F_A,153,A_10_20_F_A,R7W35,R7W35_exp1A,1,R7W35_day1_exp1A,R7W35_1A_day1.JPG,0.21363,R7W35_day11_exp1A,R7W35_1A_day11.JPG,0.22604,0.058091092,0.01241
1,A,A,10,nutrient,A_10,30,F,A,F_A,162,A_10_30_F_A,R12W56,R12W56_exp1A,1,R12W56_day1_exp1A,G37Y29_1A_day1.JPG,0.30949,R12W56_day11_exp1A,R12W56_1A_day11.JPG,0.22496,-0.273126757,-0.08453
3,B,A,10,nutrient,A_10,30,F,S,F_S,247,A_10_30_F_S,W17O79,W17O79_exp3B,1,W17O79_day1_exp3B,W16O74_3B_day1.JPG,0.22067,W17O79_day11_exp3B,W16O74_3B_day11.JPG,0.21651,-0.018851679,-0.00416
3,B,A,10,nutrient,A_10,20,F,A,F_A,236,A_10_20_F_A,O20W38,O20W38_exp3B,1,O20W38_day1_exp3B,O20W38_3B_day1.JPG,0.33335,O20W38_day11_exp3B,O20W38_3B_day11.JPG,0.19813,-0.405639718,-0.13522
