,date_coll,date_frag,col_num,frag_letter,col_frag_num,tile_num,tile_position,sym_state_full,exp_num,exp_subrun,stand_beetag,peg_beetag,exp_1_beetag,exp_run_full,beetag_exprun,resp_rate,resp_rate,col_num.1,jar_unique_ID,temp,PAM_avg_day1,PAM_avg_day11,PAM_delta,pam_percent_change,log_PAM_delta,treat_ID_full,treat_ID_collapsed_controls,treat_ID_without_sym,N_species,N_dose,N_species_dose,control_or_nutrient,temp,food,sym_state,food_sym_state
1,06_29_22,06_30_22,174,F,174F,121,6,SYM,2,B,B31,G79,B31G79,2B,B31G79_exp2B,NA,NA,174,101,30,0.529,0.453,-0.076,-0.143667297,-2.577021939,N_0_30_F_S,CNTRL_0_30_F_S,CNTRL_0_30_F,CNTRL,0,CNTRL_0,Control,30,F,S,F_S
2,06_22_22,06_23_22,142,H,142H,97,8,SYM,1,A,B27,G55,B27G55,1A,B27G55_exp1A,NA,NA,142,4,30,0.44,0.569,0.129,0.293181818,-2.047942875,N_0_30_F_S,CNTRL_0_30_F_S,CNTRL_0_30_F,CNTRL,0,CNTRL_0,Control,30,F,S,F_S
3,06_22_22,06_24_22,149,D,149D,101,3,APO,2,B,B14,G14,B14G14,2B,B14G14_exp2B,-0.00625,-0.00625,149,97,20,0.562,0.361,-0.201,-0.357651246,-1.604450371,N_0_20_F_A,CNTRL_0_20_F_A,CNTRL_0_20_F,CNTRL,0,CNTRL_0,Control,20,F,A,F_A
4,08_01_22,8_06_22,257,E,257E,177,16,SYM,3,B,O2,B12,O2B12,3B,O2B12_exp3B,NA,NA,257,169,20,0.575,0.042,-0.533,-0.926956522,-0.629233855,N_0_20_S_A,CNTRL_0_20_S_S,CNTRL_0_20_S,CNTRL,0,CNTRL_0,Control,20,S,S,S_S
5,06_29_22,06_30_22,172,H,172H,120,7,SYM,1,B,B32,G88,B32G88,1B,B32G88_exp1B,-0.00274,-0.00274,172,40,30,0.396,0.517,0.121,0.305555556,-2.111964733,N_0_30_S_S,CNTRL_0_30_S_S,CNTRL_0_30_S,CNTRL,0,CNTRL_0,Control,30,S,S,S_S
6,06_29_22,06_30_22,172,D,172D,120,3,SYM,1,B,B23,G37,B23G37,1B,B23G37_exp1B,-0.00260,-0.00260,172,35,20,0.395,0.423,0.028,0.070886076,-3.575550769,N_0_20_S_S,CNTRL_0_20_S_S,CNTRL_0_20_S,CNTRL,0,CNTRL_0,Control,20,S,S,S_S
7,08_01_22,08_03_22,241,A,241A,163,3,SYM,3,A,B22,G27,B22G27,3A,B22G27_exp3A,-0.00465,-0.00465,241,130,20,0.596,0.023,-0.573,-0.961409396,-0.556869562,N_0_20_S_S,CNTRL_0_20_S_S,CNTRL_0_20_S,CNTRL,0,CNTRL_0,Control,20,S,S,S_S
8,06_29_22,06_30_22,171,A,171A,118,6,APO,1,B,B23,G34,B23G34,1B,B23G34_exp1B,NA,NA,171,35,20,0.092,0.486,0.394,4.282608696,-0.93140437,N_0_20_S_A,CNTRL_0_20_S_A,CNTRL_0_20_S,CNTRL,0,CNTRL_0,Control,20,S,A,S_A
9,08_01_22,08_03_22,242,T,242T,166,1,APO,3,B,O1,B2,O1B2,3B,O1B2_exp3B,-0.00659,-0.00659,242,161,20,0.422,0.442,0.02,0.047393365,-3.912023005,N_0_20_F_S,CNTRL_0_20_F_A,CNTRL_0_20_F,CNTRL,0,CNTRL_0,Control,20,F,A,F_A
10,06_29_22,07_01_22,206,E,206E,137,1,SYM,2,A,B13,G13,B13G13,2A,B13G13_exp2A,-0.00479,-0.00479,206,65,20,0.537,0.28,-0.257,-0.47858473,-1.358679194,N_0_20_F_S,CNTRL_0_20_F_S,CNTRL_0_20_F,CNTRL,0,CNTRL_0,Control,20,F,S,F_S
11,06_22_22,06_25_22,162,F,162F,111,2,APO,1,A,B30,G72,B30G72,1A,B30G72_exp1A,-0.00244,-0.00244,162,5,30,0.17,0.306,0.136,0.8,-1.995100393,N_0_30_S_A,CNTRL_0_30_S_A,CNTRL_0_30_S,CNTRL,0,CNTRL_0,Control,30,S,A,S_A
12,06_22_22,06_24_22,152,A,152A,103,2,SYM,1,A,B30,G74,B30G74,1A,B30G74_exp1A,NA,NA,152,5,30,0.338,0.463,0.125,0.369822485,-2.079441542,N_0_30_S_S,CNTRL_0_30_S_S,CNTRL_0_30_S,CNTRL,0,CNTRL_0,Control,30,S,S,S_S
13,08_01_22,08_03_22,240,P,240P,162,10,SYM,3,A,B13,G13,B13G13,3A,B13G13_exp3A,-0.00913,-0.00913,240,129,20,0.491,0.343,-0.148,-0.301425662,-1.910543005,N_0_20_F_S,CNTRL_0_20_F_S,CNTRL_0_20_F,CNTRL,0,CNTRL_0,Control,20,F,S,F_S
14,08_01_22,08_03_22,239,K,239K,160,15,SYM,3,A,B22,G31,B22G31,3A,B22G31_exp3A,-0.00819,-0.00819,239,130,20,0.571,0.02,-0.551,-0.96497373,-0.59602047,N_0_20_S_S,CNTRL_0_20_S_S,CNTRL_0_20_S,CNTRL,0,CNTRL_0,Control,20,S,S,S_S
15,08_01_22,08_02_22,237,BB,237BB,157,8,APO,3,A,B22,G30,B22G30,3A,B22G30_exp3A,-0.00670,-0.00670,237,130,20,0.532,0.515,-0.017,-0.031954887,-4.074541935,N_0_20_S_A,CNTRL_0_20_S_A,CNTRL_0_20_S,CNTRL,0,CNTRL_0,Control,20,S,A,S_A
16,06_22_22,06_24_22,153,M,153M,105,1,SYM,1,A,B14,G21,B14G21,1A,B14G21_exp1A,-0.00293,-0.00293,153,1,20,0.355,0.561,0.206,0.58028169,-1.57987911,N_0_20_F_S,CNTRL_0_20_F_S,CNTRL_0_20_F,CNTRL,0,CNTRL_0,Control,20,F,S,F_S
17,06_22_22,06_24_22,157,N,157N,107,14,SYM,1,A,B15,G25,B15G25,1A,B15G25_exp1A,-0.00514,-0.00514,157,2,20,0.358,0.494,0.136,0.379888268,-1.995100393,N_0_20_S_S,CNTRL_0_20_S_S,CNTRL_0_20_S,CNTRL,0,CNTRL_0,Control,20,S,S,S_S
18,08_01_22,08_02_22,237,J,237J,154,12,APO,3,A,B25,G44,B25G44,3A,B25G44_exp3A,-0.00464,-0.00464,237,133,30,0.303,0.485,0.182,0.600660066,-1.703748592,N_0_30_F_A,CNTRL_0_30_F_A,CNTRL_0_30_F,CNTRL,0,CNTRL_0,Control,30,F,A,F_A
19,08_01_22,08_02_22,237,E,237E,154,7,APO,3,A,B13,G3,B13G3,3A,B13G3_exp3A,NA,NA,237,129,20,0.496,0.342,-0.154,-0.310483871,-1.870802677,N_0_20_F_A,CNTRL_0_20_F_A,CNTRL_0_20_F,CNTRL,0,CNTRL_0,Control,20,F,A,F_A
20,06_29_22,06_30_22,183,A,183A,125,6,APO,1,B,B22,G29,B22G29,1B,B22G29_exp1B,-0.00306,-0.00306,183,34,20,0.17,0.383,0.213,1.252941176,-1.546463113,N_0_20_F_A,CNTRL_0_20_F_A,CNTRL_0_20_F,CNTRL,0,CNTRL_0,Control,20,F,A,F_A
21,08_01_22,8_06_22,256,G,256G,177,9,SYM,3,B,W1,O5,W1O5,3B,W1O5_exp3B,NA,NA,256,177,30,0.013,0.449,0.436,33.53846154,-0.830113036,N_0_30_F_S,CNTRL_0_30_F_S,CNTRL_0_30_F,CNTRL,0,CNTRL_0,Control,30,F,S,F_S
22,06_29_22,07_01_22,206,K,206K,137,7,SYM,2,A,B25,G47,B25G47,2A,B25G47_exp2A,-0.00501,-0.00501,206,69,30,0.237,0.485,0.248,1.046413502,-1.394326533,N_0_30_F_S,CNTRL_0_30_F_S,CNTRL_0_30_F,CNTRL,0,CNTRL_0,Control,30,F,S,F_S
23,06_22_22,06_23_22,145,F,145F,99,12,SYM,1,A,B14,G20,B14G20,1A,B14G20_exp1A,-0.00275,-0.00275,145,1,20,0.34,0.514,0.174,0.511764706,-1.74869998,N_0_20_F_S,CNTRL_0_20_F_S,CNTRL_0_20_F,CNTRL,0,CNTRL_0,Control,20,F,S,F_S
24,08_01_22,08_02_22,237,BF,237BF,157,12,APO,3,A,B26,G50,B26G50,3A,B26G50_exp3A,-0.00780,-0.00780,237,134,30,0.3,0.437,0.137,0.456666667,-1.987774353,N_0_30_S_A,CNTRL_0_30_S_A,CNTRL_0_30_S,CNTRL,0,CNTRL_0,Control,30,S,A,S_A
25,08_01_22,08_03_22,240,T,240T,162,14,SYM,3,A,B25,G47,B25G47,3A,B25G47_exp3A,-0.00385,-0.00385,240,133,30,0.416,0.386,-0.03,-0.072115385,-3.506557897,N_0_30_F_S,CNTRL_0_30_F_S,CNTRL_0_30_F,CNTRL,0,CNTRL_0,Control,30,F,S,F_S
26,06_22_22,06_25_22,166,D,166D,112,14,APO,1,B,B23,G33,B23G33,1B,B23G33_exp1B,-0.00281,-0.00281,166,35,20,0.244,0.367,0.123,0.504098361,-2.095570924,N_0_20_S_A,CNTRL_0_20_S_A,CNTRL_0_20_S,CNTRL,0,CNTRL_0,Control,20,S,A,S_A
27,06_29_22,07_01_22,206,B,206B,136,14,APO,2,A,B26,G49,B26G49,2A,B26G49_exp2A,-0.00219,-0.00219,206,70,30,0.369,0.398,0.029,0.078590786,-3.540459449,N_0_30_S_A,CNTRL_0_30_S_A,CNTRL_0_30_S,CNTRL,0,CNTRL_0,Control,30,S,A,S_A
28,06_29_22,06_30_22,168,G,168G,115,9,APO,1,A,B27,G53,B27G53,1A,B27G53_exp1A,-0.00303,-0.00303,168,4,30,0.211,0.313,0.102,0.483412322,-2.282782466,N_0_30_F_A,CNTRL_0_30_F_A,CNTRL_0_30_F,CNTRL,0,CNTRL_0,Control,30,F,A,F_A
29,08_01_22,8_05_22,252,O,252O,173,16,SYM,3,B,W2,O11,W2O11,3B,W2O11_exp3B,-0.00215,-0.00215,252,186,30,0.472,0.221,-0.251,-0.531779661,-1.38230234,N_0_30_S_S,CNTRL_0_30_S_S,CNTRL_0_30_S,CNTRL,0,CNTRL_0,Control,30,S,S,S_S
30,08_01_22,8_05_22,251,K,251K,172,12,SYM,3,B,W1,O3,W1O3,3B,W1O3_exp3B,-0.00446,-0.00446,251,177,30,0.568,0.554,-0.014,-0.024647887,-4.268697949,N_0_30_F_S,CNTRL_0_30_F_S,CNTRL_0_30_F,CNTRL,0,CNTRL_0,Control,30,F,S,F_S
31,06_29_22,06_30_22,186,G,186G,128,1,SYM,2,A,B22,G31,B22G31,2A,B22G31_exp2A,-0.00675,-0.00675,186,66,20,0.487,0.44,-0.047,-0.09650924,-3.057607677,N_0_20_S_S,CNTRL_0_20_S_S,CNTRL_0_20_S,CNTRL,0,CNTRL_0,Control,20,S,S,S_S
32,08_01_22,8_05_22,245,J,245J,169,5,SYM,3,B,O1,B4,O1B4,3B,O1B4_exp3B,-0.00475,-0.00475,245,161,20,0.558,0.14,-0.418,-0.749103943,-0.872273846,N_0_20_F_S,CNTRL_0_20_F_S,CNTRL_0_20_F,CNTRL,0,CNTRL_0,Control,20,F,S,F_S
33,08_01_22,08_03_22,239,B,239B,160,6,SYM,3,A,B13,G10,B13G10,3A,B13G10_exp3A,-0.00521,-0.00521,239,129,20,0.545,0.591,0.046,0.08440367,-3.079113882,N_0_20_F_S,CNTRL_0_20_F_S,CNTRL_0_20_F,CNTRL,0,CNTRL_0,Control,20,F,S,F_S
34,06_29_22,07_07_22,226,B,226B,147,11,APO,3,A,B25,G43,B25G43,3A,B25G43_exp3A,-0.00355,-0.00355,226,133,30,0.509,0.249,-0.26,-0.510805501,-1.347073648,N_0_30_F_A,CNTRL_0_30_F_A,CNTRL_0_30_F,CNTRL,0,CNTRL_0,Control,30,F,A,F_A
35,06_29_22,07_05_22,208,F,208F,139,6,SYM,2,A,B26,G52,B26G52,2A,B26G52_exp2A,-0.00346,-0.00346,208,70,30,0.019,0.509,0.49,25.78947368,-0.713349888,N_0_30_S_S,CNTRL_0_30_S_S,CNTRL_0_30_S,CNTRL,0,CNTRL_0,Control,30,S,S,S_S
36,08_01_22,08_03_22,238,T,238T,159,14,APO,3,B,O2,B7,O2B7,3B,O2B7_exp3B,-0.00536,-0.00536,238,169,20,0.301,0.353,0.052,0.172757475,-2.95651156,N_0_20_S_A,CNTRL_0_20_S_A,CNTRL_0_20_S,CNTRL,0,CNTRL_0,Control,20,S,A,S_A
37,06_29_22,06_30_22,168,C,168C,115,5,APO,1,A,B14,G14,B14G14,1A,B14G14_exp1A,-0.00489,-0.00489,168,1,20,0.108,0.223,0.115,1.064814815,-2.162823151,N_0_20_F_A,CNTRL_0_20_F_A,CNTRL_0_20_F,CNTRL,0,CNTRL_0,Control,20,F,A,F_A
38,06_22_28,07_31_28,235,G,235G,153,7,APO,3,A,B28,G58,B28G58,3A,B28G58_exp3A,-0.00265,-0.00265,235,135,30,0.448,0.477,0.029,0.064732143,-3.540459449,N_0_30_S_S,CNTRL_0_30_S_A,CNTRL_0_30_S,CNTRL,0,CNTRL_0,Control,30,S,A,S_A
39,06_29_22,06_30_22,171,P,171P,119,5,SYM,1,B,B22,G31,B22G31,1B,B22G31_exp1B,-0.00360,-0.00360,171,34,20,0.384,0.58,0.196,0.510416667,-1.62964062,N_0_20_F_S,CNTRL_0_20_F_S,CNTRL_0_20_F,CNTRL,0,CNTRL_0,Control,20,F,S,F_S
40,06_22_22,06_24_22,150,E,150E,101,10,APO,1,A,B27,G54,B27G54,1A,B27G54_exp1A,-0.00440,-0.00440,150,4,30,0.112,0.545,0.433,3.866071429,-0.837017551,N_0_30_F_A,CNTRL_0_30_F_A,CNTRL_0_30_F,CNTRL,0,CNTRL_0,Control,30,F,A,F_A
41,06_29_22,06_30_22,188,D,188D,129,4,SYM,2,B,B32,G85,B32G85,2B,B32G85_exp2B,NA,NA,188,102,30,0.564,0.469,-0.095,-0.168439716,-2.353878387,N_0_30_S_S,CNTRL_0_30_S_S,CNTRL_0_30_S,CNTRL,0,CNTRL_0,Control,30,S,S,S_S
42,06_22_22,06_24_22,161,C,161C,110,10,SYM,1,B,B29,G70,B29G70,1B,B29G70_exp1B,-0.00423,-0.00423,161,39,30,0.232,0.464,0.232,1,-1.461017907,N_0_30_F_S,CNTRL_0_30_F_S,CNTRL_0_30_F,CNTRL,0,CNTRL_0,Control,30,F,S,F_S
43,06_29_22,06_30_22,174,A,174A,121,1,APO,2,A,B13,G2,B13G2,2A,B13G2_exp2A,NA,NA,174,65,20,0.448,0.09,-0.358,-0.799107143,-1.027222293,N_0_20_F_A,CNTRL_0_20_F_A,CNTRL_0_20_F,CNTRL,0,CNTRL_0,Control,20,F,A,F_A
44,06_22_22,06_24_22,153,Q,153Q,105,5,SYM,1,A,B27,G57,B27G57,1A,B27G57_exp1A,-0.00437,-0.00437,153,4,30,0.453,0.275,-0.178,-0.392935982,-1.725971729,N_0_30_F_S,CNTRL_0_30_F_S,CNTRL_0_30_F,CNTRL,0,CNTRL_0,Control,30,F,S,F_S
45,06_29_22,06_30_22,169,I,169I,116,13,APO,2,B,B15,G22,B15G22,2B,B15G22_exp2B,-0.00207,-0.00207,169,98,20,0.528,0.47,-0.058,-0.109848485,-2.847312268,N_0_20_S_A,CNTRL_0_20_S_A,CNTRL_0_20_S,CNTRL,0,CNTRL_0,Control,20,S,A,S_A
46,08_01_22,08_03_22,238,Y,238Y,160,3,APO,3,B,W2,O7,W2O7,3B,W2O7_exp3B,-0.00787,-0.00787,238,186,30,0.419,0.536,0.117,0.279236277,-2.145581344,N_0_30_S_A,CNTRL_0_30_S_A,CNTRL_0_30_S,CNTRL,0,CNTRL_0,Control,30,S,A,S_A
47,06_29_22,06_30_22,184,B,184B,125,16,APO,1,B,B23,G35,B23G35,1B,B23G35_exp1B,-0.00228,-0.00228,184,35,20,0.368,0.537,0.169,0.45923913,-1.777856564,N_0_20_S_A,CNTRL_0_20_S_A,CNTRL_0_20_S,CNTRL,0,CNTRL_0,Control,20,S,A,S_A
48,08_01_22,08_02_22,237,AT,237AT,156,16,APO,3,A,B13,G8,B13G8,3A,B13G8_exp3A,-0.00252,-0.00252,237,129,20,0.561,0.372,-0.189,-0.336898396,-1.666008264,N_0_20_F_A,CNTRL_0_20_F_A,CNTRL_0_20_F,CNTRL,0,CNTRL_0,Control,20,F,A,F_A
49,08_01_22,08_03_22,241,E,241E,163,7,SYM,3,A,B26,G52,B26G52,3A,B26G52_exp3A,-0.00534,-0.00534,241,134,30,0.541,0.55,0.009,0.01663586,-4.710530702,N_0_30_S_S,CNTRL_0_30_S_S,CNTRL_0_30_S,CNTRL,0,CNTRL_0,Control,30,S,S,S_S
50,06_22_22,06_24_22,157,U,157U,108,5,SYM,1,A,B30,G76,B30G76,1A,B30G76_exp1A,-0.00492,-0.00492,157,5,30,0.262,0.547,0.285,1.08778626,-1.255266099,N_0_30_S_S,CNTRL_0_30_S_S,CNTRL_0_30_S,CNTRL,0,CNTRL_0,Control,30,S,S,S_S
51,06_29_22,07_01_22,207,G,207G,137,15,SYM,2,A,B22,G27,B22G27,2A,B22G27_exp2A,-0.00946,-0.00946,207,66,20,0.432,0.561,0.129,0.298611111,-2.047942875,N_0_20_S_S,CNTRL_0_20_S_S,CNTRL_0_20_S,CNTRL,0,CNTRL_0,Control,20,S,S,S_S
52,06_29_22,07_01_22,202,D,202D,135,15,SYM,2,B,B14,G20,B14G20,2B,B14G20_exp2B,NA,NA,202,97,20,0.56,0.157,-0.403,-0.719642857,-0.908818717,N_0_20_F_S,CNTRL_0_20_F_S,CNTRL_0_20_F,CNTRL,0,CNTRL_0,Control,20,F,S,F_S
53,06_29_22,07_07_22,228,G,228G,149,6,APO,2,A,B22,G30,B22G30,2A,B22G30_exp2A,-0.00715,-0.00715,228,66,20,0.153,0.569,0.416,2.718954248,-0.877070019,N_0_20_S_A,CNTRL_0_20_S_A,CNTRL_0_20_S,CNTRL,0,CNTRL_0,Control,20,S,A,S_A
54,06_29_22,07_07_22,230,C,230C,150,2,APO,2,A,B26,G50,B26G50,2A,B26G50_exp2A,NA,NA,230,70,30,0.374,0.523,0.149,0.398395722,-1.903808973,N_0_30_S_A,CNTRL_0_30_S_A,CNTRL_0_30_S,CNTRL,0,CNTRL_0,Control,30,S,A,S_A
55,06_22_22,06_24_22,154,F,154F,106,1,SYM,1,A,B30,G75,B30G75,1A,B30G75_exp1A,-0.00328,-0.00328,154,5,30,0.342,0.317,-0.025,-0.073099415,-3.688879454,N_0_30_S_S,CNTRL_0_30_S_S,CNTRL_0_30_S,CNTRL,0,CNTRL_0,Control,30,S,S,S_S
56,06_22_22,06_25_22,164,G,164G,112,3,APO,1,B,B29,G64,B29G64,1B,B29G64_exp1B,-0.00138,-0.00138,164,39,30,0.371,0.185,-0.186,-0.501347709,-1.682008605,N_0_30_F_A,CNTRL_0_30_F_A,CNTRL_0_30_F,CNTRL,0,CNTRL_0,Control,30,F,A,F_A
57,08_01_22,08_03_22,239,G,239G,160,11,SYM,3,A,B25,G46,B25G46,3A,B25G46_exp3A,-0.00517,-0.00517,239,133,30,0.523,0.513,-0.01,-0.019120459,-4.605170186,N_0_30_F_S,CNTRL_0_30_F_S,CNTRL_0_30_F,CNTRL,0,CNTRL_0,Control,30,F,S,F_S
58,06_29_22,06_30_22,170,B,170B,117,5,APO,2,B,B32,G83,B32G83,2B,B32G83_exp2B,-0.00332,-0.00332,170,102,30,0.525,0.434,-0.091,-0.173333333,-2.396895772,N_0_30_S_A,CNTRL_0_30_S_A,CNTRL_0_30_S,CNTRL,0,CNTRL_0,Control,30,S,A,S_A
59,06_29_22,06_30_22,175,D,175D,121,14,SYM,2,A,B13,G10,B13G10,2A,B13G10_exp2A,-0.00560,-0.00560,175,65,20,0.475,0.163,-0.312,-0.656842105,-1.164752091,N_0_20_F_S,CNTRL_0_20_F_S,CNTRL_0_20_F,CNTRL,0,CNTRL_0,Control,20,F,S,F_S
60,06_29_22,07_07_22,226,K,226K,148,4,APO,2,A,B13,G8,B13G8,2A,B13G8_exp2A,-0.00394,-0.00394,226,65,20,0.455,0.411,-0.044,-0.096703297,-3.123565645,N_0_20_F_A,CNTRL_0_20_F_A,CNTRL_0_20_F,CNTRL,0,CNTRL_0,Control,20,F,A,F_A
61,06_22_22,06_24_22,155,J,155J,106,13,SYM,1,A,B31,G82,B31G82,1A,B31G82_exp1A,-0.00579,-0.00579,155,6,30,0.365,0.572,0.207,0.567123288,-1.575036486,A_0_30_F_S,CNTRL_0_30_F_S,CNTRL_0_30_F,CNTRL,0,CNTRL_0,Control,30,F,S,F_S
62,08_01_22,08_03_22,240,H,240H,162,2,SYM,3,A,B24,G41,B24G41,3A,B24G41_exp3A,-0.00401,-0.00401,240,132,20,0.484,0.081,-0.403,-0.832644628,-0.908818717,A_0_20_S_S,CNTRL_0_20_S_S,CNTRL_0_20_S,CNTRL,0,CNTRL_0,Control,20,S,S,S_S
63,06_22_22,06_25_22,162,B,162B,110,14,APO,1,A,B34,G97,B34G97,1A,B34G97_exp1A,-0.00265,-0.00265,162,8,20,0.12,0.499,0.379,3.158333333,-0.970219074,A_0_20_S_A,CNTRL_0_20_S_A,CNTRL_0_20_S,CNTRL,0,CNTRL_0,Control,20,S,A,S_A
64,06_29_22,06_30_22,191,D,191D,129,14,SYM,2,B,B27,G55,B27G55,2B,B27G55_exp2B,NA,NA,191,99,20,0.585,0.588,0.003,0.005128205,-5.80914299,A_0_20_F_S,CNTRL_0_20_F_S,CNTRL_0_20_F,CNTRL,0,CNTRL_0,Control,20,F,S,F_S
65,06_22_22,06_24_22,153,C,153C,104,7,SYM,1,A,B34,G3310,B34G3310,1A,B34G3310_exp1A,-0.00378,-0.00378,153,8,20,0.466,0.543,0.077,0.165236052,-2.563949857,A_0_20_S_S,CNTRL_0_20_S_S,CNTRL_0_20_S,CNTRL,0,CNTRL_0,Control,20,S,S,S_S
66,08_01_22,08_02_22,237,AN,237AN,156,10,APO,3,A,B29,G65,B29G65,3A,B29G65_exp3A,-0.00455,-0.00455,237,136,30,0.369,0.433,0.064,0.173441734,-2.748872196,A_0_30_S_A,CNTRL_0_30_S_A,CNTRL_0_30_S,CNTRL,0,CNTRL_0,Control,30,S,A,S_A
67,06_29_22,07_07_22,234,A,234A,152,10,APO,3,A,B23,G33,B23G33,3A,B23G33_exp3A,NA,NA,234,131,20,0.475,0.149,-0.326,-0.686315789,-1.120857898,A_0_20_F_A,CNTRL_0_20_F_A,CNTRL_0_20_F,CNTRL,0,CNTRL_0,Control,20,F,A,F_A
68,06_29_22,06_30_22,182,I,182I,124,16,SYM,1,B,B25,G47,B25G47,1B,B25G47_exp1B,-0.00439,-0.00439,182,36,30,0.239,0.144,-0.095,-0.39748954,-2.353878387,A_0_30_S_S,CNTRL_0_30_S_S,CNTRL_0_30_S,CNTRL,0,CNTRL_0,Control,30,S,S,S_S
69,08_01_22,8_06_22,255,C,255C,176,15,SYM,3,B,W4,O24,W4O24,3B,W4O24_exp3B,-0.00698,-0.00698,255,189,30,0.031,0.515,0.484,15.61290323,-0.725670372,A_0_30_S_S,CNTRL_0_30_S_S,CNTRL_0_30_S,CNTRL,0,CNTRL_0,Control,30,S,S,S_S
70,06_29_22,07_07_22,226,I,226I,148,2,SYM,2,B,B33,G95,B33G95,2B,B33G95_exp2B,-0.00502,-0.00502,226,103,30,0.577,0.196,-0.381,-0.660311958,-0.964955904,A_0_30_F_S,CNTRL_0_30_F_S,CNTRL_0_30_F,CNTRL,0,CNTRL_0,Control,30,F,S,F_S
71,06_29_22,06_30_22,179,B,179B,123,12,APO,1,B,B28,G59,B28G59,1B,B28G59_exp1B,NA,NA,179,38,20,0.161,0.261,0.1,0.621118012,-2.302585093,A_0_20_S_A,CNTRL_0_20_S_A,CNTRL_0_20_S,CNTRL,0,CNTRL_0,Control,20,S,A,S_A
72,06_29_22,07_07_22,221,B,221B,145,1,APO,2,A,B29,G65,B29G65,2A,B29G65_exp2A,-0.00297,-0.00297,221,72,30,0.357,0.347,-0.01,-0.028011204,-4.605170186,A_0_30_S_A,CNTRL_0_30_S_A,CNTRL_0_30_S,CNTRL,0,CNTRL_0,Control,30,S,A,S_A
73,06_29_22,06_30_22,178,I,178I,123,6,APO,1,B,B13,G3,B13G3,1B,B13G3_exp1B,NA,NA,178,33,30,0.268,0.46,0.192,0.71641791,-1.650259907,A_0_30_F_A,CNTRL_0_30_F_A,CNTRL_0_30_F,CNTRL,0,CNTRL_0,Control,30,F,A,F_A
74,06_29_22,06_30_22,187,D,187D,128,9,APO,1,B,B28,G60,B28G60,1B,B28G60_exp1B,-0.00107,-0.00107,187,38,20,0.15,0.458,0.308,2.053333333,-1.177655496,A_0_20_S_A,CNTRL_0_20_S_A,CNTRL_0_20_S,CNTRL,0,CNTRL_0,Control,20,S,A,S_A
75,06_29_22,06_30_22,173,E,173E,120,14,SYM,1,B,B26,G52,B26G52,1B,B26G52_exp1B,-0.00201,-0.00201,173,37,20,0.446,0.592,0.146,0.32735426,-1.924148657,A_0_20_F_S,CNTRL_0_20_F_S,CNTRL_0_20_F,CNTRL,0,CNTRL_0,Control,20,F,S,F_S
76,08_01_22,08_03_22,241,R,241R,164,4,SYM,3,A,B24,G42,B24G42,3A,B24G42_exp3A,-0.00472,-0.00472,241,132,20,0.579,0.507,-0.072,-0.124352332,-2.63108916,A_0_20_S_S,CNTRL_0_20_S_S,CNTRL_0_20_S,CNTRL,0,CNTRL_0,Control,20,S,S,S_S
77,08_01_22,08_03_22,242,B,242B,164,15,APO,3,B,O3,B13,O3B13,3B,O3B13_exp3B,-0.00440,-0.00440,242,173,20,0.34,0.435,0.095,0.279411765,-2.353878387,A_0_20_F_A,CNTRL_0_20_F_A,CNTRL_0_20_F,CNTRL,0,CNTRL_0,Control,20,F,A,F_A
78,06_22_22,06_24_22,151,D,151D,102,10,SYM,1,A,B24,G41,B24G41,1A,B24G41_exp1A,NA,NA,151,3,20,0.338,0.48,0.142,0.420118343,-1.951928221,A_0_20_F_S,CNTRL_0_20_F_S,CNTRL_0_20_F,CNTRL,0,CNTRL_0,Control,20,F,S,F_S
79,06_29_22,07_05_22,210,B,210B,140,7,APO,2,A,B28,G59,B28G59,2A,B28G59_exp2A,-0.00683,-0.00683,210,71,30,0.456,0.569,0.113,0.247807018,-2.18036746,A_0_30_F_A,CNTRL_0_30_F_A,CNTRL_0_30_F,CNTRL,0,CNTRL_0,Control,30,F,A,F_A
80,06_29_22,07_07_22,215,C,215C,143,3,APO,2,B,B30,G72,B30G72,2B,B30G72_exp2B,-0.00420,-0.00420,215,100,20,0.406,0.59,0.184,0.45320197,-1.692819521,A_0_20_S_A,CNTRL_0_20_S_A,CNTRL_0_20_S,CNTRL,0,CNTRL_0,Control,20,S,A,S_A
81,06_22_22,06_23_22,144,G,144G,98,15,SYM,1,A,B34,G3106,B34G3106,1A,B34G3106_exp1A,-0.00300,-0.00300,144,8,20,0.335,0.373,0.038,0.113432836,-3.270169119,A_0_20_S_S,CNTRL_0_20_S_S,CNTRL_0_20_S,CNTRL,0,CNTRL_0,Control,20,S,S,S_S
82,06_22_22,06_24_22,155,I,155I,106,12,APO,1,A,B33,G90,B33G90,1A,B33G90_exp1A,-0.00384,-0.00384,155,7,30,0.333,0.38,0.047,0.141141141,-3.057607677,A_0_30_S_A,CNTRL_0_30_S_A,CNTRL_0_30_S,CNTRL,0,CNTRL_0,Control,30,S,A,S_A
83,08_01_22,08_02_22,237,Z,237Z,155,12,APO,3,A,B23,G34,B23G34,3A,B23G34_exp3A,-0.00535,-0.00535,237,131,20,0.415,0.405,-0.01,-0.024096386,-4.605170186,A_0_20_F_A,CNTRL_0_20_F_A,CNTRL_0_20_F,CNTRL,0,CNTRL_0,Control,20,F,A,F_A
84,08_01_22,8_05_22,244,N,244N,168,9,APO,3,B,O3,B14,O3B14,3B,O3B14_exp3B,-0.00510,-0.00510,244,173,20,0.331,0.418,0.087,0.262839879,-2.44184716,A_0_20_F_S,CNTRL_0_20_F_A,CNTRL_0_20_F,CNTRL,0,CNTRL_0,Control,20,F,A,F_A
85,06_29_22,07_07_22,217,G,217G,143,14,SYM,2,B,B34,G3310,B34G3310,2B,B34G3310_exp2B,NA,NA,217,104,30,0.542,0.5,-0.042,-0.077490775,-3.170085661,A_0_30_S_S,CNTRL_0_30_S_S,CNTRL_0_30_S,CNTRL,0,CNTRL_0,Control,30,S,S,S_S
86,08_01_22,08_03_22,241,X,241X,164,10,SYM,3,A,B29,G71,B29G71,3A,B29G71_exp3A,-0.00892,-0.00892,241,136,30,0.569,0.546,-0.023,-0.040421793,-3.772261063,A_0_30_S_S,CNTRL_0_30_S_S,CNTRL_0_30_S,CNTRL,0,CNTRL_0,Control,30,S,S,S_S
87,08_01_22,08_03_22,240,C,240C,161,13,SYM,3,A,B28,G62,B28G62,3A,B28G62_exp3A,-0.00305,-0.00305,240,135,30,0.485,0.508,0.023,0.04742268,-3.772261063,A_0_30_F_S,CNTRL_0_30_F_S,CNTRL_0_30_F,CNTRL,0,CNTRL_0,Control,30,F,S,F_S
88,06_29_22,07_01_22,198,F,198F,133,14,APO,2,A,B29,G64,B29G64,2A,B29G64_exp2A,-0.00312,-0.00312,198,72,30,0.49,0.523,0.033,0.067346939,-3.411247718,A_0_30_S_A,CNTRL_0_30_S_A,CNTRL_0_30_S,CNTRL,0,CNTRL_0,Control,30,S,A,S_A
89,08_01_22,08_03_22,242,AE,242AE,166,12,APO,3,B,O2,B8,O2B8,3B,O2B8_exp3B,-0.00384,-0.00384,242,169,20,0.425,0.475,0.05,0.117647059,-2.995732274,A_0_20_F_A,CNTRL_0_20_F_A,CNTRL_0_20_F,CNTRL,0,CNTRL_0,Control,20,F,A,F_A
90,06_29_22,07_01_22,197,B,197B,133,2,APO,2,A,B24,G38,B24G38,2A,B24G38_exp2A,NA,NA,197,68,20,0.468,0.567,0.099,0.211538462,-2.312635429,A_0_20_S_A,CNTRL_0_20_S_A,CNTRL_0_20_S,CNTRL,0,CNTRL_0,Control,20,S,A,S_A
91,06_29_22,07_07_22,233,D,233D,151,8,APO,2,A,B24,G40,B24G40,2A,B24G40_exp2A,NA,NA,233,68,20,0.443,0.072,-0.371,-0.837471783,-0.991553216,A_0_20_S_A,CNTRL_0_20_S_A,CNTRL_0_20_S,CNTRL,0,CNTRL_0,Control,20,S,A,S_A
92,08_01_22,8_06_22,254,A,254A,176,3,SYM,3,B,O4,B24,O4B24,3B,O4B24_exp3B,-0.00509,-0.00509,254,174,20,0.584,0.385,-0.199,-0.340753425,-1.614450454,A_0_20_S_S,CNTRL_0_20_S_S,CNTRL_0_20_S,CNTRL,0,CNTRL_0,Control,20,S,S,S_S
93,06_29_22,07_07_22,233,J,233J,151,14,SYM,2,B,B30,G76,B30G76,2B,B30G76_exp2B,-0.00376,-0.00376,233,100,20,0.561,0.623,0.062,0.110516934,-2.780620894,A_0_20_S_S,CNTRL_0_20_S_S,CNTRL_0_20_S,CNTRL,0,CNTRL_0,Control,20,S,S,S_S
94,06_22_22,06_24_22,160,G,160G,110,5,APO,1,A,B31,G77,B31G77,1A,B31G77_exp1A,-0.00448,-0.00448,160,6,30,0.301,0.184,-0.117,-0.388704319,-2.145581344,A_0_30_F_A,CNTRL_0_30_F_A,CNTRL_0_30_F,CNTRL,0,CNTRL_0,Control,30,F,A,F_A
95,06_29_22,06_30_22,167,G,167G,113,14,SYM,1,B,B13,G10,B13G10,1B,B13G10_exp1B,-0.00427,-0.00427,167,33,30,0.409,0.433,0.024,0.058679707,-3.729701449,A_0_30_F_S,CNTRL_0_30_F_S,CNTRL_0_30_F,CNTRL,0,CNTRL_0,Control,30,F,S,F_S
96,06_29_22,07_05_22,211,H,211H,141,6,SYM,2,B,B33,G94,B33G94,2B,B33G94_exp2B,NA,NA,211,103,30,0.153,0.461,0.308,2.013071895,-1.177655496,A_0_30_F_S,CNTRL_0_30_F_S,CNTRL_0_30_F,CNTRL,0,CNTRL_0,Control,30,F,S,F_S
97,06_29_22,07_01_22,205,C,205C,136,7,SYM,2,A,B29,G70,B29G70,2A,B29G70_exp2A,-0.00815,-0.00815,205,72,30,0.452,0.019,-0.433,-0.957964602,-0.837017551,A_0_30_S_S,CNTRL_0_30_S_S,CNTRL_0_30_S,CNTRL,0,CNTRL_0,Control,30,S,S,S_S
98,08_01_22,08_03_22,240,L,240L,162,6,SYM,3,A,B29,G70,B29G70,3A,B29G70_exp3A,-0.00558,-0.00558,240,136,30,0.502,0.455,-0.047,-0.093625498,-3.057607677,A_0_30_S_S,CNTRL_0_30_S_S,CNTRL_0_30_S,CNTRL,0,CNTRL_0,Control,30,S,S,S_S
99,06_29_22,06_30_22,170,H,170H,117,11,APO,2,B,B27,G53,B27G53,2B,B27G53_exp2B,-0.00593,-0.00593,170,99,20,0.46,0.538,0.078,0.169565217,-2.551046452,A_0_20_F_A,CNTRL_0_20_F_A,CNTRL_0_20_F,CNTRL,0,CNTRL_0,Control,20,F,A,F_A
100,08_01_22,8_05_22,245,F,245F,169,1,SYM,3,B,W4,O23,W4O23,3B,W4O23_exp3B,-0.00352,-0.00352,245,189,30,0.046,0.449,0.403,8.760869565,-0.908818717,A_0_30_S_S,CNTRL_0_30_S_S,CNTRL_0_30_S,CNTRL,0,CNTRL_0,Control,30,S,S,S_S
101,06_29_22,06_30_22,178,B,178B,122,15,SYM,1,B,B13,G13,B13G13,1B,B13G13_exp1B,-0.00264,-0.00264,178,33,30,0.315,0.509,0.194,0.615873016,-1.63989712,A_0_30_F_S,CNTRL_0_30_F_S,CNTRL_0_30_F,CNTRL,0,CNTRL_0,Control,30,F,S,F_S
102,06_22_22,06_24_22,155,E,155E,106,8,SYM,1,A,B24,G42,B24G42,1A,B24G42_exp1A,-0.00385,-0.00385,155,3,20,0.287,0.375,0.088,0.306620209,-2.430418465,A_0_20_F_S,CNTRL_0_20_F_S,CNTRL_0_20_F,CNTRL,0,CNTRL_0,Control,20,F,S,F_S
103,06_22_22,06_23_22,144,M,144M,99,5,SYM,1,A,B33,G93,B33G93,1A,B33G93_exp1A,-0.00261,-0.00261,144,7,30,0.337,0.264,-0.073,-0.216617211,-2.617295838,A_0_30_S_S,CNTRL_0_30_S_S,CNTRL_0_30_S,CNTRL,0,CNTRL_0,Control,30,S,S,S_S
104,08_01_22,8_05_22,252,AB,252AB,174,13,SYM,3,B,W3,O17,W3O17,3B,W3O17_exp3B,-0.00320,-0.00320,252,188,30,0.537,0.217,-0.32,-0.595903166,-1.139434283,A_0_30_F_S,CNTRL_0_30_F_S,CNTRL_0_30_F,CNTRL,0,CNTRL_0,Control,30,F,S,F_S
105,08_01_22,08_02_22,237,BN,237BN,158,4,APO,3,A,B28,G60,B28G60,3A,B28G60_exp3A,-0.00402,-0.00402,237,135,30,0.449,0.456,0.007,0.0155902,-4.96184513,A_0_30_F_A,CNTRL_0_30_F_A,CNTRL_0_30_F,CNTRL,0,CNTRL_0,Control,30,F,A,F_A
106,06_22_22,06_24_22,157,I,157I,107,9,SYM,1,A,B33,G95,B33G95,1A,B33G95_exp1A,-0.00826,-0.00826,157,7,30,0.347,0.571,0.224,0.645533141,-1.496109227,A_0_30_S_S,CNTRL_0_30_S_S,CNTRL_0_30_S,CNTRL,0,CNTRL_0,Control,30,S,S,S_S
107,06_29_22,07_07_22,220,A,220A,144,7,SYM,2,A,B23,G37,B23G37,2A,B23G37_exp2A,-0.00696,-0.00696,220,67,20,0.525,0.135,-0.39,-0.742857143,-0.94160854,A_0_20_F_S,CNTRL_0_20_F_S,CNTRL_0_20_F,CNTRL,0,CNTRL_0,Control,20,F,S,F_S
108,06_29_22,06_30_22,167,E,167E,113,12,APO,1,B,B26,G48,B26G48,1B,B26G48_exp1B,NA,NA,167,37,20,0.333,0.541,0.208,0.624624625,-1.570217199,A_0_20_F_A,CNTRL_0_20_F_A,CNTRL_0_20_F,CNTRL,0,CNTRL_0,Control,20,F,A,F_A
109,08_01_22,08_02_22,237,BJ,237BJ,157,16,APO,3,A,B23,G35,B23G35,3A,B23G35_exp3A,-0.00380,-0.00380,237,131,20,0.475,0.401,-0.074,-0.155789474,-2.603690186,A_0_20_F_A,CNTRL_0_20_F_A,CNTRL_0_20_F,CNTRL,0,CNTRL_0,Control,20,F,A,F_A
110,08_01_22,08_03_22,241,I,241I,163,11,SYM,3,A,B23,G37,B23G37,3A,B23G37_exp3A,-0.00414,-0.00414,241,131,20,0.601,0.472,-0.129,-0.214642263,-2.047942875,A_0_20_F_S,CNTRL_0_20_F_S,CNTRL_0_20_F,CNTRL,0,CNTRL_0,Control,20,F,S,F_S
111,06_22_22,06_24_22,152,P,152P,104,1,APO,1,A,B24,G38,B24G38,1A,B24G38_exp1A,-0.00499,-0.00499,152,3,20,0.337,0.553,0.216,0.640949555,-1.532476871,A_0_20_F_A,CNTRL_0_20_F_A,CNTRL_0_20_F,CNTRL,0,CNTRL_0,Control,20,F,A,F_A
112,06_29_22,07_07_22,226,F,226F,147,15,SYM,2,B,B27,G57,B27G57,2B,B27G57_exp2B,-0.00425,-0.00425,226,99,20,0.552,0.059,-0.493,-0.893115942,-0.707246105,A_0_20_F_S,CNTRL_0_20_F_S,CNTRL_0_20_F,CNTRL,0,CNTRL_0,Control,20,F,S,F_S
113,08_01_22,08_03_22,243,M,243M,167,9,SYM,3,B,W3,O20,W3O20,3B,W3O20_exp3B,NA,NA,243,188,30,0.561,0.592,0.031,0.055258467,-3.473768074,A_0_30_S_A,CNTRL_0_30_S_S,CNTRL_0_30_S,CNTRL,0,CNTRL_0,Control,30,S,S,S_S
114,08_01_22,08_02_22,237,BS,237BS,158,9,APO,3,A,B24,G40,B24G40,3A,B24G40_exp3A,-0.00095,-0.00095,237,132,20,0.349,0.331,-0.018,-0.051575931,-4.017383521,A_0_20_S_A,CNTRL_0_20_S_A,CNTRL_0_20_S,CNTRL,0,CNTRL_0,Control,20,S,A,S_A
115,06_22_22,06_23_22,143,A,143A,97,14,SYM,1,A,B24,G40,B24G40,1A,B24G40_exp1A,-0.00184,-0.00184,143,3,20,0.406,0.111,-0.295,-0.726600985,-1.220779923,A_0_20_F_S,CNTRL_0_20_F_S,CNTRL_0_20_F,CNTRL,0,CNTRL_0,Control,20,F,S,F_S
116,06_29_22,07_05_22,211,C,211C,141,1,SYM,2,B,B27,G56,B27G56,2B,B27G56_exp2B,-0.00282,-0.00282,211,99,20,0.565,0.162,-0.403,-0.713274336,-0.908818717,A_0_20_F_S,CNTRL_0_20_F_S,CNTRL_0_20_F,CNTRL,0,CNTRL_0,Control,20,F,S,F_S
117,08_01_22,08_02_22,237,AJ,237AJ,156,6,APO,3,A,B24,G39,B24G39,3A,B24G39_exp3A,NA,NA,237,132,20,0.532,0.536,0.004,0.007518797,-5.521460918,A_0_20_S_A,CNTRL_0_20_S_A,CNTRL_0_20_S,CNTRL,0,CNTRL_0,Control,20,S,A,S_A
118,08_01_22,8_05_22,248,D,248D,170,9,SYM,3,B,W3,O15,W3O15,3B,W3O15_exp3B,-0.00511,-0.00511,248,188,30,0.078,0.337,0.259,3.320512821,-1.350927217,A_0_30_F_S,CNTRL_0_30_F_S,CNTRL_0_30_F,CNTRL,0,CNTRL_0,Control,30,F,S,F_S
119,08_01_22,08_03_22,242,O,242O,165,12,APO,3,B,W4,O21,W4O21,3B,W4O21_exp3B,-0.00431,-0.00431,242,189,30,0.483,0.614,0.131,0.271221532,-2.032557956,A_0_30_S_A,CNTRL_0_30_S_A,CNTRL_0_30_S,CNTRL,0,CNTRL_0,Control,30,S,A,S_A
120,06_22_22,06_24_22,146,D,146D,100,4,APO,1,A,B34,G100,B34G100,1A,B34G100_exp1A,-0.00298,-0.00298,146,8,20,0.189,0.274,0.085,0.44973545,-2.465104022,A_0_20_S_A,CNTRL_0_20_S_A,CNTRL_0_20_S,CNTRL,0,CNTRL_0,Control,20,S,A,S_A
