beetag_exprun,num,date,exp_num,exp_subrun,resp_run,e_coli_plate,vial_ID,vial_id_copy_pasted,resp_rate,treat_ID_full,treat_ID_collapsed_controls,food_sym_state,N_species_dose,N_species,control_or_nutrient,N_dose,temp,food,sym_state,beetag,exp_run_full,col_num,jar_unique_ID,broken_or_damaged
G25Y45_exp1A,12,7_26_22,1,A,2,0,D3,D3,-0.00185,N_1.5_30_S_A,N_1.5_30_S_A,S_A,N_1.5,N,Nitrate,1.5,30,S,A,G25Y45,1A,162,9,0
G25Y46_exp1A,12,7_26_22,1,A,2,1,D3,D3,-0.00276,N_1.5_30_S_A,N_1.5_30_S_A,S_A,N_1.5,N,Nitrate,1.5,30,S,A,G25Y46,1A,151,9,0
G25Y47_exp1A,13,7_26_22,1,A,2,0,A4,A4,-0.00341,N_1.5_30_S_S,N_1.5_30_S_S,S_S,N_1.5,N,Nitrate,1.5,30,S,S,G25Y47,1A,152,9,0
G25Y48_exp1A,13,7_26_22,1,A,2,1,A4,A4,-0.00327,N_1.5_30_S_S,N_1.5_30_S_S,S_S,N_1.5,N,Nitrate,1.5,30,S,S,G25Y48,1A,155,9,0
G28Y62_exp1A,10,7_26_22,1,A,2,1,B3,B3,-0.00382,N_1.5_30_F_A,N_1.5_30_F_A,F_A,N_1.5,N,Nitrate,1.5,30,F,A,G28Y62,1A,168,11,0
G28Y63_exp1A,10,7_26_22,1,A,2,0,B3,B3,-0.00318,N_1.5_30_F_A,N_1.5_30_F_A,F_A,N_1.5,N,Nitrate,1.5,30,F,A,G28Y63,1A,150,11,0
G28Y64_exp1A,11,7_26_22,1,A,2,0,C3,C3,-0.00282,N_1.5_30_F_S,N_1.5_30_F_S,F_S,N_1.5,N,Nitrate,1.5,30,F,S,G28Y64,1A,142,11,0
G29Y70_exp1A,6,7_26_22,1,A,2,1,B2,B2,-0.0063,N_1.5_20_F_A,N_1.5_20_F_A,F_A,N_1.5,N,Nitrate,1.5,20,F,A,G29Y70,1A,168,12,0
G29Y71_exp1A,6,7_26_22,1,A,2,0,B2,B2,-0.00469,N_1.5_20_F_A,N_1.5_20_F_A,F_A,N_1.5,N,Nitrate,1.5,20,F,A,G29Y71,1A,150,12,0
G29Y73_exp1A,7,7_26_22,1,A,2,0,C2,C2,-0.00448,N_1.5_20_F_S,N_1.5_20_F_S,F_S,N_1.5,N,Nitrate,1.5,20,F,S,G29Y73,1A,147,12,0
G29Y74_exp1A,7,7_26_22,1,A,2,1,C2,C2,-0.00507,N_1.5_20_F_S,N_1.5_20_F_S,F_S,N_1.5,N,Nitrate,1.5,20,F,S,G29Y74,1A,153,12,0
G31Y80_exp1A,8,7_26_22,1,A,2,1,D2,D2,-0.00329,N_1.5_20_S_A,N_1.5_20_S_A,S_A,N_1.5,N,Nitrate,1.5,20,S,A,G31Y80,1A,168,13,0
G31Y82_exp1A,8,7_26_22,1,A,2,0,D2,D2,-0.00222,N_1.5_20_S_A,N_1.5_20_S_A,S_A,N_1.5,N,Nitrate,1.5,20,S,A,G31Y82,1A,150,13,0
G31Y83_exp1A,9,7_26_22,1,A,2,0,A3,A3,-0.00266,N_1.5_20_S_S,N_1.5_20_S_S,S_S,N_1.5,N,Nitrate,1.5,20,S,S,G31Y83,1A,150,13,0
G31Y85_exp1A,9,7_26_22,1,A,2,1,A3,A3,-0.00738,N_1.5_20_S_S,N_1.5_20_S_S,S_S,N_1.5,N,Nitrate,1.5,20,S,S,G31Y85,1A,157,13,0
G23Y2129_exp1B,11,7_26_22,1,B,2,0,C3,C3,-0.00484,N_1.5_30_F_S,N_1.5_30_F_S,F_S,N_1.5,N,Nitrate,1.5,30,F,S,G23Y2129,1B,161,41,0
G23Y2820_exp1B,10,7_26_22,1,B,2,0,B3,B3,-0.00348,N_1.5_30_F_A,N_1.5_30_F_A,F_A,N_1.5,N,Nitrate,1.5,30,F,A,G23Y2820,1B,183,41,0
G23Y3130_exp1B,11,7_26_22,1,B,2,1,C3,C3,-0.00385,N_1.5_30_F_S,N_1.5_30_F_S,F_S,N_1.5,N,Nitrate,1.5,30,F,S,G23Y3130,1B,171,41,0
G23Y5017_exp1B,10,7_26_22,1,B,2,1,B3,B3,-0.00272,N_1.5_30_F_A,N_1.5_30_F_A,F_A,N_1.5,N,Nitrate,1.5,30,F,A,G23Y5017,1B,165,41,0
G24Y40_exp1B,12,7_26_22,1,B,2,0,D3,D3,-0.00344,N_1.5_30_S_A,N_1.5_30_S_A,S_A,N_1.5,N,Nitrate,1.5,30,S,A,G24Y40,1B,166,42,0
G24Y42_exp1B,12,7_26_22,1,B,2,1,D3,D3,-0.00251,N_1.5_30_S_A,N_1.5_30_S_A,S_A,N_1.5,N,Nitrate,1.5,30,S,A,G24Y42,1B,184,42,0
G24Y43_exp1B,13,7_26_22,1,B,2,0,A4,A4,-0.00358,N_1.5_30_S_S,N_1.5_30_S_S,S_S,N_1.5,N,Nitrate,1.5,30,S,S,G24Y43,1B,165,42,0
G30Y75_exp1B,6,7_26_22,1,B,2,0,B2,B2,-0.00747,N_1.5_20_F_A,N_1.5_20_F_A,F_A,N_1.5,N,Nitrate,1.5,20,F,A,G30Y75,1B,163,43,0
G30Y76_exp1B,6,7_26_22,1,B,2,1,B2,B2,-0.00245,N_1.5_20_F_A,N_1.5_20_F_A,F_A,N_1.5,N,Nitrate,1.5,20,F,A,G30Y76,1B,169,43,0
G30Y78_exp1B,7,7_26_22,1,B,2,0,C2,C2,-0.00743,N_1.5_20_F_S,N_1.5_20_F_S,F_S,N_1.5,N,Nitrate,1.5,20,F,S,G30Y78,1B,160,43,0
G30Y79_exp1B,7,7_26_22,1,B,2,1,C2,C2,-0.00527,N_1.5_20_F_S,N_1.5_20_F_S,F_S,N_1.5,N,Nitrate,1.5,20,F,S,G30Y79,1B,171,43,0
G34Y10_exp1B,9,7_26_22,1,B,2,0,A3,A3,-0.00311,N_1.5_20_S_S,N_1.5_20_S_S,S_S,N_1.5,N,Nitrate,1.5,20,S,S,G34Y10,1B,164,45,0
G34Y11_exp1B,9,7_26_22,1,B,2,1,A3,A3,-0.00507,N_1.5_20_S_S,N_1.5_20_S_S,S_S,N_1.5,N,Nitrate,1.5,20,S,S,G34Y11,1B,172,45,0
G34Y3_exp1B,8,7_26_22,1,B,2,0,D2,D2,-0.00518,N_1.5_20_S_A,N_1.5_20_S_A,S_A,N_1.5,N,Nitrate,1.5,20,S,A,G34Y3,1B,166,45,0
G34Y5_exp1B,8,7_26_22,1,B,2,1,D2,D2,-0.00292,N_1.5_20_S_A,N_1.5_20_S_A,S_A,N_1.5,N,Nitrate,1.5,20,S,A,G34Y5,1B,184,45,0
G23Y1819_exp2A,6,08_15_22,2,A,2,0,B2,B2,-0.0023,N_1.5_20_F_A,N_1.5_20_F_A,F_A,N_1.5,N,Nitrate,1.5,20,F,A,G23Y1819,2A,199,73,0
G23Y2129_exp2A,7,08_15_22,2,A,2,0,C2,C2,-0.00303,N_1.5_20_F_S,N_1.5_20_F_S,F_S,N_1.5,N,Nitrate,1.5,20,F,S,G23Y2129,2A,185,73,0
G23Y3130_exp2A,8,08_15_22,2,A,2,1,D2,D2,-0.00378,N_1.5_20_F_S,N_1.5_20_F_S,F_S,N_1.5,N,Nitrate,1.5,20,F,S,G23Y3130,2A,206,73,0
G23Y5017_exp2A,7,08_15_22,2,A,2,1,C2,C2,-0.00293,N_1.5_20_F_A,N_1.5_20_F_A,F_A,N_1.5,N,Nitrate,1.5,20,F,A,G23Y5017,2A,174,73,0
G24Y41_exp2A,8,08_15_22,2,A,2,0,D2,D2,-0.0041,N_1.5_20_S_A,N_1.5_20_S_A,S_A,N_1.5,N,Nitrate,1.5,20,S,A,G24Y41,2A,203,74,0
G24Y42_exp2A,9,08_15_22,2,A,2,1,A3,A3,-0.00604,N_1.5_20_S_A,N_1.5_20_S_A,S_A,N_1.5,N,Nitrate,1.5,20,S,A,G24Y42,2A,228,74,0
G24Y43_exp2A,9,08_15_22,2,A,2,0,A3,A3,-0.00448,N_1.5_20_S_S,N_1.5_20_S_S,S_S,N_1.5,N,Nitrate,1.5,20,S,S,G24Y43,2A,186,74,0
G24Y44_exp2A,10,08_15_22,2,A,2,1,B3,B3,-0.00635,N_1.5_20_S_S,N_1.5_20_S_S,S_S,N_1.5,N,Nitrate,1.5,20,S,S,G24Y44,2A,208,74,0
G33Y1_exp2A,11,08_15_22,2,A,2,0,C3,C3,-0.00144,N_1.5_30_F_S,N_1.5_30_F_S,F_S,N_1.5,N,Nitrate,1.5,30,F,S,G33Y1,2A,206,77,0
G33Y100_exp2A,12,08_15_22,2,A,2,1,D3,D3,-0.0038,N_1.5_30_F_S,N_1.5_30_F_S,F_S,N_1.5,N,Nitrate,1.5,30,F,S,G33Y100,2A,185,77,0
G33Y94_exp2A,10,08_15_22,2,A,2,0,B3,B3,-0.00304,N_1.5_30_F_A,N_1.5_30_F_A,F_A,N_1.5,N,Nitrate,1.5,30,F,A,G33Y94,2A,186,77,0
G33Y97_exp2A,11,08_15_22,2,A,2,1,C3,C3,-0.00328,N_1.5_30_F_A,N_1.5_30_F_A,F_A,N_1.5,N,Nitrate,1.5,30,F,A,G33Y97,2A,227,77,0
G34Y10_exp2A,13,08_15_22,2,A,2,0,A4,A4,-0.00206,N_1.5_30_S_S,N_1.5_30_S_S,S_S,N_1.5,N,Nitrate,1.5,30,S,S,G34Y10,2A,198,78,0
G34Y11_exp2A,14,08_15_22,2,A,2,1,B4,B4,-0.00482,N_1.5_30_S_S,N_1.5_30_S_S,S_S,N_1.5,N,Nitrate,1.5,30,S,S,G34Y11,2A,211,78,0
G34Y3_exp2A,12,08_15_22,2,A,2,0,D3,D3,-0.00214,N_1.5_30_S_A,N_1.5_30_S_A,S_A,N_1.5,N,Nitrate,1.5,30,S,A,G34Y3,2A,193,78,0
G34Y4_exp2A,13,08_15_22,2,A,2,1,A4,A4,-0.0055,N_1.5_30_S_A,N_1.5_30_S_A,S_A,N_1.5,N,Nitrate,1.5,30,S,A,G34Y4,2A,207,78,0
G25Y45_exp2B,6,08_20_22,2,B,2,0,B2,B2,-0.00513,N_1.5_20_F_A,N_1.5_20_F_A,F_A,N_1.5,N,Nitrate,1.5,20,F,A,G25Y45,2B,157,105,0
G25Y46_exp2B,7,08_20_22,2,B,2,1,C2,C2,-0.00364,N_1.5_20_F_A,N_1.5_20_F_A,F_A,N_1.5,N,Nitrate,1.5,20,F,A,G25Y46,2B,184,105,0
G25Y47_exp2B,7,08_20_22,2,B,2,0,C2,C2,-0.00413,N_1.5_20_F_S,N_1.5_20_F_S,F_S,N_1.5,N,Nitrate,1.5,20,F,S,G25Y47,2B,171,105,0
G25Y49_exp2B,8,08_20_22,2,B,2,1,D2,D2,-0.00367,N_1.5_20_F_S,N_1.5_20_F_S,F_S,N_1.5,N,Nitrate,1.5,20,F,S,G25Y49,2B,223,105,0
G26Y50_exp2B,10,08_20_22,2,B,2,0,B3,B3,-0.00154,N_1.5_30_F_A,N_1.5_30_F_A,F_A,N_1.5,N,Nitrate,1.5,30,F,A,G26Y50,2B,167,106,0
G26Y51_exp2B,11,08_20_22,2,B,2,1,C3,C3,-0.00219,N_1.5_30_F_A,N_1.5_30_F_A,F_A,N_1.5,N,Nitrate,1.5,30,F,A,G26Y51,2B,196,106,0
G26Y52_exp2B,12,08_20_22,2,B,2,1,D3,D3,-0.00682,N_1.5_30_F_S,N_1.5_30_F_S,F_S,N_1.5,N,Nitrate,1.5,30,F,S,G26Y52,2B,175,106,0
G26Y54_exp2B,11,08_20_22,2,B,2,0,C3,C3,-0.00222,N_1.5_30_F_S,N_1.5_30_F_S,F_S,N_1.5,N,Nitrate,1.5,30,F,S,G26Y54,2B,223,106,0
G27Y55_exp2B,8,08_20_22,2,B,2,0,D2,D2,-0.00143,N_1.5_20_S_A,N_1.5_20_S_A,S_A,N_1.5,N,Nitrate,1.5,20,S,A,G27Y55,2B,169,107,0
G27Y56_exp2B,9,08_20_22,2,B,2,1,A3,A3,-0.00225,N_1.5_20_S_A,N_1.5_20_S_A,S_A,N_1.5,N,Nitrate,1.5,20,S,A,G27Y56,2B,206,107,0
G27Y58_exp2B,9,08_20_22,2,B,2,0,A3,A3,-0.00485,N_1.5_20_S_S,N_1.5_20_S_S,S_S,N_1.5,N,Nitrate,1.5,20,S,S,G27Y58,2B,208,107,0
G27Y59_exp2B,10,08_20_22,2,B,2,1,B3,B3,-0.00465,N_1.5_20_S_S,N_1.5_20_S_S,S_S,N_1.5,N,Nitrate,1.5,20,S,S,G27Y59,2B,225,107,0
G28Y62_exp2B,12,08_20_22,2,B,2,0,D3,D3,-0.00391,N_1.5_30_S_A,N_1.5_30_S_A,S_A,N_1.5,N,Nitrate,1.5,30,S,A,G28Y62,2B,170,108,0
G28Y63_exp2B,13,08_20_22,2,B,2,1,A4,A4,-0.00272,N_1.5_30_S_A,N_1.5_30_S_A,S_A,N_1.5,N,Nitrate,1.5,30,S,A,G28Y63,2B,212,108,0
G28Y64_exp2B,13,08_20_22,2,B,2,0,A4,A4,-0.00289,N_1.5_30_S_S,N_1.5_30_S_S,S_S,N_1.5,N,Nitrate,1.5,30,S,S,G28Y64,2B,188,108,0
G28Y67_exp2B,14,08_20_22,2,B,2,1,B4,B4,-0.0041,N_1.5_30_S_S,N_1.5_30_S_S,S_S,N_1.5,N,Nitrate,1.5,30,S,S,G28Y67,2B,225,108,0
G23Y1819_exp3A,7,09_01_22,3,A,2,1,C2,C2,-0.00275,N_1.5_20_F_A,N_1.5_20_F_A,F_A,N_1.5,N,Nitrate,1.5,20,F,A,G23Y1819,3A,223,137,0
G23Y2820_exp3A,6,09_01_22,3,A,2,0,B2,B2,-0.00138,N_1.5_20_F_A,N_1.5_20_F_A,F_A,N_1.5,N,Nitrate,1.5,20,F,A,G23Y2820,3A,237,137,0
G23Y3130_exp3A,8,09_01_22,3,A,2,1,D2,D2,-0.00772,N_1.5_20_F_S,N_1.5_20_F_S,F_S,N_1.5,N,Nitrate,1.5,20,F,S,G23Y3130,3A,239,137,0
G23Y5017_exp3A,7,09_01_22,3,A,2,0,C2,C2,-0.00419,N_1.5_20_F_S,N_1.5_20_F_S,F_S,N_1.5,N,Nitrate,1.5,20,F,S,G23Y5017,3A,240,137,0
G24Y40_exp3A,9,09_01_22,3,A,2,1,A3,A3,-0.00477,N_1.5_20_S_A,N_1.5_20_S_A,S_A,N_1.5,N,Nitrate,1.5,20,S,A,G24Y40,3A,227,138,0
G24Y41_exp3A,8,09_01_22,3,A,2,0,D2,D2,-0.00254,N_1.5_20_S_A,N_1.5_20_S_A,S_A,N_1.5,N,Nitrate,1.5,20,S,A,G24Y41,3A,237,138,0
G24Y43_exp3A,10,09_01_22,3,A,2,1,B3,B3,-0.00637,N_1.5_20_S_S,N_1.5_20_S_S,S_S,N_1.5,N,Nitrate,1.5,20,S,S,G24Y43,3A,239,138,0
G24Y44_exp3A,9,09_01_22,3,A,2,0,A3,A3,-0.00401,N_1.5_20_S_S,N_1.5_20_S_S,S_S,N_1.5,N,Nitrate,1.5,20,S,S,G24Y44,3A,230,138,0
G33Y1_exp3A,11,09_01_22,3,A,2,1,C3,C3,-0.00407,N_1.5_30_F_A,N_1.5_30_F_A,F_A,N_1.5,N,Nitrate,1.5,30,F,A,G33Y1,3A,226,141,0
G33Y100_exp3A,12,09_01_22,3,A,2,1,D3,D3,-0.00572,N_1.5_30_F_S,N_1.5_30_F_S,F_S,N_1.5,N,Nitrate,1.5,30,F,S,G33Y100,3A,240,141,0
G33Y94_exp3A,10,09_01_22,3,A,2,0,B3,B3,-0.00212,N_1.5_30_F_A,N_1.5_30_F_A,F_A,N_1.5,N,Nitrate,1.5,30,F,A,G33Y94,3A,237,141,0
G33Y97_exp3A,11,09_01_22,3,A,2,0,C3,C3,-0.00521,N_1.5_30_F_S,N_1.5_30_F_S,F_S,N_1.5,N,Nitrate,1.5,30,F,S,G33Y97,3A,239,141,0
G34Y10_exp3A,13,09_01_22,3,A,2,0,A4,A4,-0.00452,N_1.5_30_S_S,N_1.5_30_S_S,S_S,N_1.5,N,Nitrate,1.5,30,S,S,G34Y10,3A,239,142,0
G34Y11_exp3A,14,09_01_22,3,A,2,1,B4,B4,-0.00283,N_1.5_30_S_S,N_1.5_30_S_S,S_S,N_1.5,N,Nitrate,1.5,30,S,S,G34Y11,3A,241,142,0
G34Y4_exp3A,13,09_01_22,3,A,2,1,A4,A4,-0.006,N_1.5_30_S_A,N_1.5_30_S_A,S_A,N_1.5,N,Nitrate,1.5,30,S,A,G34Y4,3A,237,142,0
G34Y5_exp3A,12,09_01_22,3,A,2,0,D3,D3,-0.00196,N_1.5_30_S_A,N_1.5_30_S_A,S_A,N_1.5,N,Nitrate,1.5,30,S,A,G34Y5,3A,237,142,0
O5G2_exp3B,6,09_05_22,3,B,2,0,B2,B2,-0.0057,N_1.5_20_F_A,N_1.5_20_F_A,F_A,N_1.5,N,Nitrate,1.5,20,F,A,O5G2,3B,238,175,0
O5G3_exp3B,7,09_05_22,3,B,2,1,C2,C2,-0.00482,N_1.5_20_F_A,N_1.5_20_F_A,F_A,N_1.5,N,Nitrate,1.5,20,F,A,O5G3,3B,242,175,0
O5G5_exp3B,7,09_05_22,3,B,2,0,C2,C2,-0.00338,N_1.5_20_F_S,N_1.5_20_F_S,F_S,N_1.5,N,Nitrate,1.5,20,F,S,O5G5,3B,245,175,0
O5G7_exp3B,8,09_05_22,3,B,2,1,D2,D2,-0.00607,N_1.5_20_F_S,N_1.5_20_F_S,F_S,N_1.5,N,Nitrate,1.5,20,F,S,O5G7,3B,256,175,0
O8G10_exp3B,8,09_05_22,3,B,2,0,D2,D2,-0.00555,N_1.5_20_S_A,N_1.5_20_S_A,S_A,N_1.5,N,Nitrate,1.5,20,S,A,O8G10,3B,244,176,0
O8G11_exp3B,9,09_05_22,3,B,2,0,A3,A3,-0.00495,N_1.5_20_S_S,N_1.5_20_S_S,S_S,N_1.5,N,Nitrate,1.5,20,S,S,O8G11,3B,249,176,0
O8G8_exp3B,9,09_05_22,3,B,2,1,A3,A3,-0.00286,N_1.5_20_S_A,N_1.5_20_S_A,S_A,N_1.5,N,Nitrate,1.5,20,S,A,O8G8,3B,238,176,0
W5O27_exp3B,11,09_05_22,3,B,2,0,C3,C3,-0.00575,N_1.5_30_F_S,N_1.5_30_F_S,F_S,N_1.5,N,Nitrate,1.5,30,F,S,W5O27,3B,246,190,0
W5O28_exp3B,12,09_05_22,3,B,2,1,D3,D3,-0.00266,N_1.5_30_F_S,N_1.5_30_F_S,F_S,N_1.5,N,Nitrate,1.5,30,F,S,W5O28,3B,256,190,0
W5O29_exp3B,10,09_05_22,3,B,2,0,B3,B3,-0.00292,N_1.5_30_F_A,N_1.5_30_F_A,F_A,N_1.5,N,Nitrate,1.5,30,F,A,W5O29,3B,238,190,0
W5O30_exp3B,11,09_05_22,3,B,2,1,C3,C3,-0.00493,N_1.5_30_F_A,N_1.5_30_F_A,F_A,N_1.5,N,Nitrate,1.5,30,F,A,W5O30,3B,242,190,0
W7O32_exp3B,13,09_05_22,3,B,2,1,A4,A4,-0.00446,N_1.5_30_S_A,N_1.5_30_S_A,S_A,N_1.5,N,Nitrate,1.5,30,S,A,W7O32,3B,244,191,0
W7O34_exp3B,13,09_05_22,3,B,2,0,A4,A4,-0.00196,N_1.5_30_S_S,N_1.5_30_S_S,S_S,N_1.5,N,Nitrate,1.5,30,S,S,W7O34,3B,252,191,0
W7O35_exp3B,14,09_05_22,3,B,2,1,B4,B4,-0.00496,N_1.5_30_S_S,N_1.5_30_S_S,S_S,N_1.5,N,Nitrate,1.5,30,S,S,W7O35,3B,243,191,0
R3W10_exp1A,17,7_26_22,1,A,3,0,A5,A5,-0.00265,N_18_20_F_A,N_18_20_F_A,F_A,N_18,N,Nitrate,18,20,F,A,R3W10,1A,150,19,0
R3W12_exp1A,18,7_26_22,1,A,3,0,B5,B5,-0.00661,N_18_20_F_S,N_18_20_F_S,F_S,N_18,N,Nitrate,18,20,F,S,R3W12,1A,147,19,0
R3W13_exp1A,18,7_26_22,1,A,3,1,B5,B5,-0.00492,N_18_20_F_S,N_18_20_F_S,F_S,N_18,N,Nitrate,18,20,F,S,R3W13,1A,153,19,0
R3W8_exp1A,17,7_26_22,1,A,3,1,A5,A5,-0.00378,N_18_20_F_A,N_18_20_F_A,F_A,N_18,N,Nitrate,18,20,F,A,R3W8,1A,168,19,0
R4W14_exp1A,21,7_26_22,1,A,3,1,A6,A6,-0.00411,N_18_30_F_A,N_18_30_F_A,F_A,N_18,N,Nitrate,18,30,F,A,R4W14,1A,168,20,0
R4W15_exp1A,21,7_26_22,1,A,3,0,A6,A6,-0.00183,N_18_30_F_A,N_18_30_F_A,F_A,N_18,N,Nitrate,18,30,F,A,R4W15,1A,150,20,0
R4W17_exp1A,22,7_26_22,1,A,3,0,B6,B6,-0.00539,N_18_30_F_S,N_18_30_F_S,F_S,N_18,N,Nitrate,18,30,F,S,R4W17,1A,142,20,0
R4W34_exp1A,22,7_26_22,1,A,3,1,B6,B6,-0.00551,N_18_30_F_S,N_18_30_F_S,F_S,N_18,N,Nitrate,18,30,F,S,R4W34,1A,153,20,0
R5W21_exp1A,19,7_26_22,1,A,3,0,C5,C5,-0.00419,N_18_20_S_A,N_18_20_S_A,S_A,N_18,N,Nitrate,18,20,S,A,R5W21,1A,162,21,0
R5W22_exp1A,19,7_26_22,1,A,3,1,C5,C5,-0.00533,N_18_20_S_A,N_18_20_S_A,S_A,N_18,N,Nitrate,18,20,S,A,R5W22,1A,151,21,0
R5W26_exp1A,20,7_26_22,1,A,3,0,D5,D5,-0.00531,N_18_20_S_S,N_18_20_S_S,S_S,N_18,N,Nitrate,18,20,S,S,R5W26,1A,154,21,0
R5W27_exp1A,20,7_26_22,1,A,3,1,D5,D5,-0.0065,N_18_20_S_S,N_18_20_S_S,S_S,N_18,N,Nitrate,18,20,S,S,R5W27,1A,157,21,0
R6W28_exp1A,23,7_26_22,1,A,3,1,C6,C6,-0.00566,N_18_30_S_A,N_18_30_S_A,S_A,N_18,N,Nitrate,18,30,S,A,R6W28,1A,163,22,0
R6W29_exp1A,23,7_26_22,1,A,3,0,C6,C6,-0.00434,N_18_30_S_A,N_18_30_S_A,S_A,N_18,N,Nitrate,18,30,S,A,R6W29,1A,151,22,0
R6W30_exp1A,24,7_26_22,1,A,3,0,D6,D6,-0.00423,N_18_30_S_S,N_18_30_S_S,S_S,N_18,N,Nitrate,18,30,S,S,R6W30,1A,152,22,0
R6W31_exp1A,24,7_26_22,1,A,3,1,D6,D6,-0.00451,N_18_30_S_S,N_18_30_S_S,S_S,N_18,N,Nitrate,18,30,S,S,R6W31,1A,155,22,0
R10W45_exp1B,17,7_26_22,1,B,3,0,A5,A5,-0.00568,N_18_20_F_A,N_18_20_F_A,F_A,N_18,N,Nitrate,18,20,F,A,R10W45,1B,163,49,0
R10W46_exp1B,17,7_26_22,1,B,3,1,A5,A5,-0.00288,N_18_20_F_A,N_18_20_F_A,F_A,N_18,N,Nitrate,18,20,F,A,R10W46,1B,169,49,0
R10W48_exp1B,18,7_26_22,1,B,3,0,B5,B5,-0.00462,N_18_20_F_S,N_18_20_F_S,F_S,N_18,N,Nitrate,18,20,F,S,R10W48,1B,161,49,0
R10W49_exp1B,18,7_26_22,1,B,3,1,B5,B5,-0.00652,N_18_20_F_S,N_18_20_F_S,F_S,N_18,N,Nitrate,18,20,F,S,R10W49,1B,171,49,0
R11W51_exp1B,19,7_26_22,1,B,3,0,C5,C5,-0.00233,N_18_20_S_A,N_18_20_S_A,S_A,N_18,N,Nitrate,18,20,S,A,R11W51,1B,171,50,0
R11W52_exp1B,19,7_26_22,1,B,3,1,C5,C5,-0.00439,N_18_20_S_A,N_18_20_S_A,S_A,N_18,N,Nitrate,18,20,S,A,R11W52,1B,184,50,0
R11W53_exp1B,20,7_26_22,1,B,3,0,D5,D5,-0.00468,N_18_20_S_S,N_18_20_S_S,S_S,N_18,N,Nitrate,18,20,S,S,R11W53,1B,164,50,0
R11W54_exp1B,20,7_26_22,1,B,3,1,D5,D5,-0.00564,N_18_20_S_S,N_18_20_S_S,S_S,N_18,N,Nitrate,18,20,S,S,R11W54,1B,172,50,0
R17W83_exp1B,23,7_26_22,1,B,3,1,C6,C6,-0.00306,N_18_30_S_A,N_18_30_S_A,S_A,N_18,N,Nitrate,18,30,S,A,R17W83,1B,184,54,0
R17W84_exp1B,24,7_26_22,1,B,3,0,D6,D6,NA,N_18_30_S_S,N_18_30_S_S,S_S,N_18,N,Nitrate,18,30,S,S,R17W84,1B,166,54,0
R17W85_exp1B,24,7_26_22,1,B,3,1,D6,D6,-0.00277,N_18_30_S_S,N_18_30_S_S,S_S,N_18,N,Nitrate,18,30,S,S,R17W85,1B,173,54,0
R21W100_exp1B,22,7_26_22,1,B,3,0,B6,B6,-0.00329,N_18_30_F_S,N_18_30_F_S,F_S,N_18,N,Nitrate,18,30,F,S,R21W100,1B,163,55,0
R21W55_exp1B,22,7_26_22,1,B,3,1,B6,B6,-0.00452,N_18_30_F_S,N_18_30_F_S,F_S,N_18,N,Nitrate,18,30,F,S,R21W55,1B,171,55,0
R21W94_exp1B,21,7_26_22,1,B,3,0,A6,A6,-0.00414,N_18_30_F_A,N_18_30_F_A,F_A,N_18,N,Nitrate,18,30,F,A,R21W94,1B,166,55,0
R21W97_exp1B,21,7_26_22,1,B,3,1,A6,A6,-0.0043,N_18_30_F_A,N_18_30_F_A,F_A,N_18,N,Nitrate,18,30,F,A,R21W97,1B,184,55,0
R10W45_exp2A,19,08_15_22,2,A,3,0,C5,C5,-0.00224,N_18_20_S_A,N_18_20_S_A,S_A,N_18,N,Nitrate,18,20,S,A,R10W45,2A,192,82,0
R10W47_exp2A,19,08_15_22,2,A,3,1,C5,C5,-0.0036,N_18_20_S_A,N_18_20_S_A,S_A,N_18,N,Nitrate,18,20,S,A,R10W47,2A,228,82,0
R10W48_exp2A,20,08_15_22,2,A,3,0,D5,D5,-0.00295,N_18_20_S_S,N_18_20_S_S,S_S,N_18,N,Nitrate,18,20,S,S,R10W48,2A,193,82,0
R10W49_exp2A,20,08_15_22,2,A,3,1,D5,D5,-0.00205,N_18_20_S_S,N_18_20_S_S,S_S,N_18,N,Nitrate,18,20,S,S,R10W49,2A,208,82,0
R14W71_exp2A,21,08_15_22,2,A,3,0,A6,A6,-0.00214,N_18_30_F_A,N_18_30_F_A,F_A,N_18,N,Nitrate,18,30,F,A,R14W71,2A,202,85,0
R14W72_exp2A,21,08_15_22,2,A,3,1,A6,A6,-0.00454,N_18_30_F_A,N_18_30_F_A,F_A,N_18,N,Nitrate,18,30,F,A,R14W72,2A,228,85,0
R14W73_exp2A,22,08_15_22,2,A,3,0,B6,B6,-0.00155,N_18_30_F_S,N_18_30_F_S,F_S,N_18,N,Nitrate,18,30,F,S,R14W73,2A,193,85,0
R14W74_exp2A,22,08_15_22,2,A,3,1,B6,B6,-0.00291,N_18_30_F_S,N_18_30_F_S,F_S,N_18,N,Nitrate,18,30,F,S,R14W74,2A,207,85,0
R15W75_exp2A,23,08_15_22,2,A,3,0,C6,C6,-0.00328,N_18_30_S_A,N_18_30_S_A,S_A,N_18,N,Nitrate,18,30,S,A,R15W75,2A,194,86,0
R15W77_exp2A,23,08_15_22,2,A,3,1,C6,C6,-0.00374,N_18_30_S_A,N_18_30_S_A,S_A,N_18,N,Nitrate,18,30,S,A,R15W77,2A,231,86,0
R15W78_exp2A,24,08_15_22,2,A,3,0,D6,D6,-0.00191,N_18_30_S_S,N_18_30_S_S,S_S,N_18,N,Nitrate,18,30,S,S,R15W78,2A,193,86,0
R15W79_exp2A,24,08_15_22,2,A,3,1,D6,D6,-0.00338,N_18_30_S_S,N_18_30_S_S,S_S,N_18,N,Nitrate,18,30,S,S,R15W79,2A,218,86,0
R1W2_exp2A,18,08_15_22,2,A,3,0,B5,B5,-0.00321,N_18_20_F_S,N_18_20_F_S,F_S,N_18,N,Nitrate,18,20,F,S,R1W2,2A,206,81,0
R1W3_exp2A,17,08_15_22,2,A,3,0,A5,A5,-0.00261,N_18_20_F_A,N_18_20_F_A,F_A,N_18,N,Nitrate,18,20,F,A,R1W3,2A,174,81,0
R1W7_exp2A,18,08_15_22,2,A,3,1,B5,B5,-0.00384,N_18_20_F_S,N_18_20_F_S,F_S,N_18,N,Nitrate,18,20,F,S,R1W7,2A,185,81,0
R3W10_exp2B,17,08_20_22,2,B,3,0,A5,A5,-0.00422,N_18_20_F_A,N_18_20_F_A,F_A,N_18,N,Nitrate,18,20,F,A,R3W10,2B,194,115,0
R3W12_exp2B,18,08_20_22,2,B,3,0,B5,B5,-0.00533,N_18_20_F_S,N_18_20_F_S,F_S,N_18,N,Nitrate,18,20,F,S,R3W12,2B,205,115,0
R3W13_exp2B,18,08_20_22,2,B,3,1,B5,B5,-0.0046,N_18_20_F_S,N_18_20_F_S,F_S,N_18,N,Nitrate,18,20,F,S,R3W13,2B,223,115,0
R3W8_exp2B,17,08_20_22,2,B,3,1,A5,A5,-0.00971,N_18_20_F_A,N_18_20_F_A,F_A,N_18,N,Nitrate,18,20,F,A,R3W8,2B,159,115,0
R4W14_exp2B,19,08_20_22,2,B,3,0,C5,C5,-0.00411,N_18_20_S_A,N_18_20_S_A,S_A,N_18,N,Nitrate,18,20,S,A,R4W14,2B,170,116,0
R4W15_exp2B,19,08_20_22,2,B,3,1,C5,C5,-0.00752,N_18_20_S_A,N_18_20_S_A,S_A,N_18,N,Nitrate,18,20,S,A,R4W15,2B,210,116,0
R4W17_exp2B,20,08_20_22,2,B,3,0,D5,D5,-0.00626,N_18_20_S_S,N_18_20_S_S,S_S,N_18,N,Nitrate,18,20,S,S,R4W17,2B,188,116,0
R4W34_exp2B,20,08_20_22,2,B,3,1,D5,D5,-0.00797,N_18_20_S_S,N_18_20_S_S,S_S,N_18,N,Nitrate,18,20,S,S,R4W34,2B,225,116,0
R7W36_exp2B,21,08_20_22,2,B,3,1,A6,A6,-0.0075,N_18_30_F_A,N_18_30_F_A,F_A,N_18,N,Nitrate,18,30,F,A,R7W36,2B,201,119,0
R7W37_exp2B,22,08_20_22,2,B,3,0,B6,B6,-0.00662,N_18_30_F_S,N_18_30_F_S,F_S,N_18,N,Nitrate,18,30,F,S,R7W37,2B,175,119,0
R7W38_exp2B,22,08_20_22,2,B,3,1,B6,B6,-0.00493,N_18_30_F_S,N_18_30_F_S,F_S,N_18,N,Nitrate,18,30,F,S,R7W38,2B,207,119,0
R8W40_exp2B,23,08_20_22,2,B,3,0,C6,C6,-0.00519,N_18_30_S_A,N_18_30_S_A,S_A,N_18,N,Nitrate,18,30,S,A,R8W40,2B,170,120,0
R8W41_exp2B,23,08_20_22,2,B,3,1,C6,C6,-0.00515,N_18_30_S_A,N_18_30_S_A,S_A,N_18,N,Nitrate,18,30,S,A,R8W41,2B,212,120,0
R8W43_exp2B,24,08_20_22,2,B,3,0,D6,D6,-0.0097,N_18_30_S_S,N_18_30_S_S,S_S,N_18,N,Nitrate,18,30,S,S,R8W43,2B,209,120,0
R8W44_exp2B,24,08_20_22,2,B,3,1,D6,D6,-0.00322,N_18_30_S_S,N_18_30_S_S,S_S,N_18,N,Nitrate,18,30,S,S,R8W44,2B,226,120,0
R14W70_exp3A,21,09_01_22,3,A,3,0,A6,A6,-0.00326,N_18_30_F_A,N_18_30_F_A,F_A,N_18,N,Nitrate,18,30,F,A,R14W70,3A,227,149,0
R14W71_exp3A,21,09_01_22,3,A,3,1,A6,A6,-0.00502,N_18_30_F_A,N_18_30_F_A,F_A,N_18,N,Nitrate,18,30,F,A,R14W71,3A,237,149,0
R14W73_exp3A,22,09_01_22,3,A,3,0,B6,B6,-0.00229,N_18_30_F_S,N_18_30_F_S,F_S,N_18,N,Nitrate,18,30,F,S,R14W73,3A,239,149,0
R14W74_exp3A,22,09_01_22,3,A,3,1,B6,B6,-0.00545,N_18_30_F_S,N_18_30_F_S,F_S,N_18,N,Nitrate,18,30,F,S,R14W74,3A,240,149,0
R15W76_exp3A,23,09_01_22,3,A,3,0,C6,C6,-0.00268,N_18_30_S_A,N_18_30_S_A,S_A,N_18,N,Nitrate,18,30,S,A,R15W76,3A,237,150,0
R15W77_exp3A,23,09_01_22,3,A,3,1,C6,C6,-0.00294,N_18_30_S_A,N_18_30_S_A,S_A,N_18,N,Nitrate,18,30,S,A,R15W77,3A,237,150,0
R15W78_exp3A,24,09_01_22,3,A,3,0,D6,D6,-0.00574,N_18_30_S_S,N_18_30_S_S,S_S,N_18,N,Nitrate,18,30,S,S,R15W78,3A,239,150,0
R15W79_exp3A,24,09_01_22,3,A,3,1,D6,D6,-0.00414,N_18_30_S_S,N_18_30_S_S,S_S,N_18,N,Nitrate,18,30,S,S,R15W79,3A,241,150,0
W15O67_exp3B,21,09_05_22,3,B,3,0,A6,A6,-0.00938,N_18_30_F_A,N_18_30_F_A,F_A,N_18,N,Nitrate,18,30,F,A,W15O67,3B,238,183,0
W15O69_exp3B,21,09_05_22,3,B,3,1,A6,A6,-0.00694,N_18_30_F_A,N_18_30_F_A,F_A,N_18,N,Nitrate,18,30,F,A,W15O69,3B,242,183,0
W15O71_exp3B,22,09_05_22,3,B,3,1,B6,B6,-0.00587,N_18_30_F_S,N_18_30_F_S,F_S,N_18,N,Nitrate,18,30,F,S,W15O71,3B,246,183,0
W16O73_exp3B,23,09_05_22,3,B,3,0,C6,C6,-0.00668,N_18_30_S_A,N_18_30_S_A,S_A,N_18,N,Nitrate,18,30,S,A,W16O73,3B,241,184,0
W16O74_exp3B,23,09_05_22,3,B,3,1,C6,C6,-0.00886,N_18_30_S_A,N_18_30_S_A,S_A,N_18,N,Nitrate,18,30,S,A,W16O74,3B,244,184,0
W16O75_exp3B,24,09_05_22,3,B,3,0,D6,D6,NA,N_18_30_S_S,N_18_30_S_S,S_S,N_18,N,Nitrate,18,30,S,S,W16O75,3B,247,184,0
W16O77_exp3B,24,09_05_22,3,B,3,1,D6,D6,NA,N_18_30_S_S,N_18_30_S_S,S_S,N_18,N,Nitrate,18,30,S,S,W16O77,3B,243,184,0
Y10B50_exp1A,24,7_26_22,1,A,2,1,D6,D6,NA,N_5_20_S_A,N_5_20_S_A,S_A,N_5,N,Nitrate,5,20,S,A,Y10B50,1A,168,26,0
Y10B51_exp1A,24,7_26_22,1,A,2,0,D6,D6,-0.00585,N_5_20_S_A,N_5_20_S_A,S_A,N_5,N,Nitrate,5,20,S,A,Y10B51,1A,150,26,0
Y10B53_exp1A,4,7_26_22,1,A,3,0,D1,D1,-0.00347,N_5_20_S_S,N_5_20_S_S,S_S,N_5,N,Nitrate,5,20,S,S,Y10B53,1A,154,26,0
Y10B54_exp1A,4,7_26_22,1,A,3,1,D1,D1,-0.00616,N_5_20_S_S,N_5_20_S_S,S_S,N_5,N,Nitrate,5,20,S,S,Y10B54,1A,157,26,0
Y14B75_exp1A,7,7_26_22,1,A,3,1,C2,C2,-0.00466,N_5_30_S_A,N_5_30_S_A,S_A,N_5,N,Nitrate,5,30,S,A,Y14B75,1A,162,28,0
Y14B76_exp1A,7,7_26_22,1,A,3,0,C2,C2,-0.0058,N_5_30_S_A,N_5_30_S_A,S_A,N_5,N,Nitrate,5,30,S,A,Y14B76,1A,151,28,0
Y14B77_exp1A,8,7_26_22,1,A,3,0,D2,D2,-0.00237,N_5_30_S_S,N_5_30_S_S,S_S,N_5,N,Nitrate,5,30,S,S,Y14B77,1A,152,28,0
Y14B78_exp1A,8,7_26_22,1,A,3,1,D2,D2,-0.00367,N_5_30_S_S,N_5_30_S_S,S_S,N_5,N,Nitrate,5,30,S,S,Y14B78,1A,155,28,0
Y1B10_exp1A,23,7_26_22,1,A,2,0,C6,C6,-0.00462,N_5_20_F_S,N_5_20_F_S,F_S,N_5,N,Nitrate,5,20,F,S,Y1B10,1A,142,25,0
Y1B12_exp1A,23,7_26_22,1,A,2,1,C6,C6,-0.00391,N_5_20_F_S,N_5_20_F_S,F_S,N_5,N,Nitrate,5,20,F,S,Y1B12,1A,153,25,0
Y1B5_exp1A,22,7_26_22,1,A,2,1,B6,B6,-0.00522,N_5_20_F_A,N_5_20_F_A,F_A,N_5,N,Nitrate,5,20,F,A,Y1B5,1A,168,25,0
Y1B8_exp1A,22,7_26_22,1,A,2,0,B6,B6,-0.00573,N_5_20_F_A,N_5_20_F_A,F_A,N_5,N,Nitrate,5,20,F,A,Y1B8,1A,150,25,0
Y2B13_exp1A,5,7_26_22,1,A,3,1,A2,A2,-0.00357,N_5_30_F_A,N_5_30_F_A,F_A,N_5,N,Nitrate,5,30,F,A,Y2B13,1A,168,31,0
Y2B14_exp1A,5,7_26_22,1,A,3,0,A2,A2,-0.00332,N_5_30_F_A,N_5_30_F_A,F_A,N_5,N,Nitrate,5,30,F,A,Y2B14,1A,150,31,0
Y2B22_exp1A,6,7_26_22,1,A,3,0,B2,B2,-0.00354,N_5_30_F_S,N_5_30_F_S,F_S,N_5,N,Nitrate,5,30,F,S,Y2B22,1A,149,31,0
Y2B24_exp1A,6,7_26_22,1,A,3,1,B2,B2,-0.00456,N_5_30_F_S,N_5_30_F_S,F_S,N_5,N,Nitrate,5,30,F,S,Y2B24,1A,153,31,0
Y13B70_exp1B,24,7_26_22,1,B,2,0,D6,D6,-0.00815,N_5_20_S_A,N_5_20_S_A,S_A,N_5,N,Nitrate,5,20,S,A,Y13B70,1B,166,57,0
Y13B72_exp1B,24,7_26_22,1,B,2,1,D6,D6,-0.00572,N_5_20_S_A,N_5_20_S_A,S_A,N_5,N,Nitrate,5,20,S,A,Y13B72,1B,184,57,0
Y13B73_exp1B,4,7_26_22,1,B,3,0,D1,D1,-0.00357,N_5_20_S_S,N_5_20_S_S,S_S,N_5,N,Nitrate,5,20,S,S,Y13B73,1B,164,57,0
Y13B74_exp1B,4,7_26_22,1,B,3,1,D1,D1,-0.00353,N_5_20_S_S,N_5_20_S_S,S_S,N_5,N,Nitrate,5,20,S,S,Y13B74,1B,172,57,0
Y5B35_exp1B,22,7_26_22,1,B,2,0,B6,B6,-0.00524,N_5_20_F_A,N_5_20_F_A,F_A,N_5,N,Nitrate,5,20,F,A,Y5B35,1B,160,62,0
Y5B36_exp1B,22,7_26_22,1,B,2,1,B6,B6,-0.00243,N_5_20_F_A,N_5_20_F_A,F_A,N_5,N,Nitrate,5,20,F,A,Y5B36,1B,169,62,0
Y5B38_exp1B,23,7_26_22,1,B,2,0,C6,C6,-0.00654,N_5_20_F_S,N_5_20_F_S,F_S,N_5,N,Nitrate,5,20,F,S,Y5B38,1B,161,62,0
Y5B39_exp1B,23,7_26_22,1,B,2,1,C6,C6,-0.00484,N_5_20_F_S,N_5_20_F_S,F_S,N_5,N,Nitrate,5,20,F,S,Y5B39,1B,171,62,0
Y7B40_exp1B,5,7_26_22,1,B,3,0,A2,A2,-0.00392,N_5_30_F_A,N_5_30_F_A,F_A,N_5,N,Nitrate,5,30,F,A,Y7B40,1B,165,63,0
Y7B41_exp1B,5,7_26_22,1,B,3,1,A2,A2,-0.00584,N_5_30_F_A,N_5_30_F_A,F_A,N_5,N,Nitrate,5,30,F,A,Y7B41,1B,170,63,0
Y7B43_exp1B,6,7_26_22,1,B,3,0,B2,B2,-0.00401,N_5_30_F_S,N_5_30_F_S,F_S,N_5,N,Nitrate,5,30,F,S,Y7B43,1B,163,63,0
Y7B44_exp1B,6,7_26_22,1,B,3,1,B2,B2,-0.00505,N_5_30_F_S,N_5_30_F_S,F_S,N_5,N,Nitrate,5,30,F,S,Y7B44,1B,171,63,0
Y8B46_exp1B,7,7_26_22,1,B,3,0,C2,C2,-0.00273,N_5_30_S_A,N_5_30_S_A,S_A,N_5,N,Nitrate,5,30,S,A,Y8B46,1B,171,64,0
Y8B47_exp1B,7,7_26_22,1,B,3,1,C2,C2,-0.0041,N_5_30_S_A,N_5_30_S_A,S_A,N_5,N,Nitrate,5,30,S,A,Y8B47,1B,184,64,0
Y8B48_exp1B,8,7_26_22,1,B,3,0,D2,D2,-0.00393,N_5_30_S_S,N_5_30_S_S,S_S,N_5,N,Nitrate,5,30,S,S,Y8B48,1B,166,64,0
Y8B49_exp1B,8,7_26_22,1,B,3,1,D2,D2,-0.00425,N_5_30_S_S,N_5_30_S_S,S_S,N_5,N,Nitrate,5,30,S,S,Y8B49,1B,173,64,0
Y12B62_exp2A,5,08_15_22,2,A,3,0,A2,A2,-0.00155,N_5_30_F_A,N_5_30_F_A,F_A,N_5,N,Nitrate,5,30,F,A,Y12B62,2A,186,89,0
Y12B65_exp2A,6,08_15_22,2,A,3,0,B2,B2,-0.00139,N_5_30_F_S,N_5_30_F_S,F_S,N_5,N,Nitrate,5,30,F,S,Y12B65,2A,192,89,0
Y12B67_exp2A,6,08_15_22,2,A,3,1,B2,B2,-0.00654,N_5_30_F_S,N_5_30_F_S,F_S,N_5,N,Nitrate,5,30,F,S,Y12B67,2A,207,89,0
Y13B70_exp2A,7,08_15_22,2,A,3,0,C2,C2,-0.00136,N_5_30_S_A,N_5_30_S_A,S_A,N_5,N,Nitrate,5,30,S,A,Y13B70,2A,194,90,0
Y13B72_exp2A,7,08_15_22,2,A,3,1,C2,C2,-0.00229,N_5_30_S_A,N_5_30_S_A,S_A,N_5,N,Nitrate,5,30,S,A,Y13B72,2A,231,90,0
Y13B73_exp2A,8,08_15_22,2,A,3,0,D2,D2,-0.00267,N_5_30_S_S,N_5_30_S_S,S_S,N_5,N,Nitrate,5,30,S,S,Y13B73,2A,193,90,0
Y13B74_exp2A,8,08_15_22,2,A,3,1,D2,D2,-0.00496,N_5_30_S_S,N_5_30_S_S,S_S,N_5,N,Nitrate,5,30,S,S,Y13B74,2A,218,90,0
Y3B26_exp2A,22,08_15_22,2,A,2,0,B6,B6,-0.00193,N_5_20_F_A,N_5_20_F_A,F_A,N_5,N,Nitrate,5,20,F,A,Y3B26,2A,199,93,0
Y3B27_exp2A,23,08_15_22,2,A,2,1,C6,C6,-0.00416,N_5_20_F_A,N_5_20_F_A,F_A,N_5,N,Nitrate,5,20,F,A,Y3B27,2A,226,93,0
Y3B28_exp2A,23,08_15_22,2,A,2,0,C6,C6,-0.00213,N_5_20_F_S,N_5_20_F_S,F_S,N_5,N,Nitrate,5,20,F,S,Y3B28,2A,185,93,0
Y3B29_exp2A,24,08_15_22,2,A,2,1,D6,D6,-0.00519,N_5_20_F_S,N_5_20_F_S,F_S,N_5,N,Nitrate,5,20,F,S,Y3B29,2A,206,93,0
Y4B30_exp2A,24,08_15_22,2,A,2,0,D6,D6,-0.0031,N_5_20_S_A,N_5_20_S_A,S_A,N_5,N,Nitrate,5,20,S,A,Y4B30,2A,187,94,0
Y4B31_exp2A,3,08_15_22,2,A,3,1,C1,C1,-0.00308,N_5_20_S_A,N_5_20_S_A,S_A,N_5,N,Nitrate,5,20,S,A,Y4B31,2A,204,94,0
Y4B33_exp2A,4,08_15_22,2,A,3,0,D1,D1,-0.00333,N_5_20_S_S,N_5_20_S_S,S_S,N_5,N,Nitrate,5,20,S,S,Y4B33,2A,186,94,0
Y4B34_exp2A,4,08_15_22,2,A,3,1,D1,D1,-0.00551,N_5_20_S_S,N_5_20_S_S,S_S,N_5,N,Nitrate,5,20,S,S,Y4B34,2A,208,94,0
Y14B75_exp2B,5,08_20_22,2,B,3,0,A2,A2,-0.00284,N_5_30_F_A,N_5_30_F_A,F_A,N_5,N,Nitrate,5,30,F,A,Y14B75,2B,168,124,0
Y14B76_exp2B,5,08_20_22,2,B,3,1,A2,A2,-0.00258,N_5_30_F_A,N_5_30_F_A,F_A,N_5,N,Nitrate,5,30,F,A,Y14B76,2B,197,124,0
Y14B77_exp2B,6,08_20_22,2,B,3,0,B2,B2,-0.00621,N_5_30_F_S,N_5_30_F_S,F_S,N_5,N,Nitrate,5,30,F,S,Y14B77,2B,175,124,0
Y14B79_exp2B,6,08_20_22,2,B,3,1,B2,B2,-0.003,N_5_30_F_S,N_5_30_F_S,F_S,N_5,N,Nitrate,5,30,F,S,Y14B79,2B,223,124,0
Y15B80_exp2B,7,08_20_22,2,B,3,0,C2,C2,-0.00494,N_5_30_S_A,N_5_30_S_A,S_A,N_5,N,Nitrate,5,30,S,A,Y15B80,2B,170,125,0
Y15B82_exp2B,7,08_20_22,2,B,3,1,C2,C2,-0.00394,N_5_30_S_A,N_5_30_S_A,S_A,N_5,N,Nitrate,5,30,S,A,Y15B82,2B,212,125,0
Y15B83_exp2B,8,08_20_22,2,B,3,0,D2,D2,-0.00408,N_5_30_S_S,N_5_30_S_S,S_S,N_5,N,Nitrate,5,30,S,S,Y15B83,2B,189,125,0
Y1B10_exp2B,23,08_20_22,2,B,2,0,C6,C6,-0.00439,N_5_20_F_S,N_5_20_F_S,F_S,N_5,N,Nitrate,5,20,F,S,Y1B10,2B,171,121,0
Y1B12_exp2B,24,08_20_22,2,B,2,1,D6,D6,-0.00248,N_5_20_F_S,N_5_20_F_S,F_S,N_5,N,Nitrate,5,20,F,S,Y1B12,2B,223,121,0
Y1B5_exp2B,22,08_20_22,2,B,2,0,B6,B6,-0.00349,N_5_20_F_A,N_5_20_F_A,F_A,N_5,N,Nitrate,5,20,F,A,Y1B5,2B,159,121,0
Y1B8_exp2B,23,08_20_22,2,B,2,1,C6,C6,-0.00154,N_5_20_F_A,N_5_20_F_A,F_A,N_5,N,Nitrate,5,20,F,A,Y1B8,2B,192,121,0
Y5B35_exp2B,24,08_20_22,2,B,2,0,D6,D6,-0.00245,N_5_20_S_A,N_5_20_S_A,S_A,N_5,N,Nitrate,5,20,S,A,Y5B35,2B,169,128,0
Y5B36_exp2B,3,08_20_22,2,B,3,1,C1,C1,-0.00664,N_5_20_S_A,N_5_20_S_A,S_A,N_5,N,Nitrate,5,20,S,A,Y5B36,2B,209,128,0
Y5B37_exp2B,4,08_20_22,2,B,3,0,D1,D1,-0.0044,N_5_20_S_S,N_5_20_S_S,S_S,N_5,N,Nitrate,5,20,S,S,Y5B37,2B,186,128,0
Y5B39_exp2B,4,08_20_22,2,B,3,1,D1,D1,-0.00634,N_5_20_S_S,N_5_20_S_S,S_S,N_5,N,Nitrate,5,20,S,S,Y5B39,2B,225,128,0
Y12B62_exp3A,7,09_01_22,3,A,3,0,C2,C2,-0.00208,N_5_30_S_A,N_5_30_S_A,S_A,N_5,N,Nitrate,5,30,S,A,Y12B62,3A,232,153,0
Y12B63_exp3A,7,09_01_22,3,A,3,1,C2,C2,-0.00357,N_5_30_S_A,N_5_30_S_A,S_A,N_5,N,Nitrate,5,30,S,A,Y12B63,3A,237,153,0
Y12B65_exp3A,8,09_01_22,3,A,3,0,D2,D2,-0.00512,N_5_30_S_S,N_5_30_S_S,S_S,N_5,N,Nitrate,5,30,S,S,Y12B65,3A,239,153,0
Y12B67_exp3A,8,09_01_22,3,A,3,1,D2,D2,-0.00487,N_5_30_S_S,N_5_30_S_S,S_S,N_5,N,Nitrate,5,30,S,S,Y12B67,3A,241,153,0
Y8B46_exp3A,5,09_01_22,3,A,3,0,A2,A2,-0.00402,N_5_30_F_A,N_5_30_F_A,F_A,N_5,N,Nitrate,5,30,F,A,Y8B46,3A,237,160,0
Y8B47_exp3A,5,09_01_22,3,A,3,1,A2,A2,-0.00628,N_5_30_F_A,N_5_30_F_A,F_A,N_5,N,Nitrate,5,30,F,A,Y8B47,3A,237,160,0
Y8B48_exp3A,6,09_01_22,3,A,3,0,B2,B2,-0.00419,N_5_30_F_S,N_5_30_F_S,F_S,N_5,N,Nitrate,5,30,F,S,Y8B48,3A,239,160,0
Y8B49_exp3A,6,09_01_22,3,A,3,1,B2,B2,-0.00435,N_5_30_F_S,N_5_30_F_S,F_S,N_5,N,Nitrate,5,30,F,S,Y8B49,3A,240,160,0
O12Y1_exp3B,22,09_05_22,3,B,2,0,B6,B6,-0.00373,N_5_20_F_A,N_5_20_F_A,F_A,N_5,N,Nitrate,5,20,F,A,O12Y1,3B,238,164,0
O12Y2_exp3B,23,09_05_22,3,B,2,1,C6,C6,-0.00434,N_5_20_F_A,N_5_20_F_A,F_A,N_5,N,Nitrate,5,20,F,A,O12Y2,3B,242,164,0
O12Y4_exp3B,23,09_05_22,3,B,2,0,C6,C6,-0.0023,N_5_20_F_S,N_5_20_F_S,F_S,N_5,N,Nitrate,5,20,F,S,O12Y4,3B,246,164,0
O12Y5_exp3B,24,09_05_22,3,B,2,1,D6,D6,NA,N_5_20_F_S,N_5_20_F_S,F_S,N_5,N,Nitrate,5,20,F,S,O12Y5,3B,256,164,0
O13Y10_exp3B,4,09_05_22,3,B,3,0,D1,D1,-0.00717,N_5_20_S_S,N_5_20_S_S,S_S,N_5,N,Nitrate,5,20,S,S,O13Y10,3B,249,165,0
O13Y11_exp3B,4,09_05_22,3,B,3,1,D1,D1,-0.00498,N_5_20_S_S,N_5_20_S_S,S_S,N_5,N,Nitrate,5,20,S,S,O13Y11,3B,252,165,0
O13Y7_exp3B,24,09_05_22,3,B,2,0,D6,D6,-0.00635,N_5_20_S_A,N_5_20_S_A,S_A,N_5,N,Nitrate,5,20,S,A,O13Y7,3B,238,165,0
O13Y8_exp3B,3,09_05_22,3,B,3,1,C1,C1,-0.0064,N_5_20_S_A,N_5_20_S_A,S_A,N_5,N,Nitrate,5,20,S,A,O13Y8,3B,244,165,0
W11O46_exp3B,5,09_05_22,3,B,3,0,A2,A2,-0.00666,N_5_30_F_A,N_5_30_F_A,F_A,N_5,N,Nitrate,5,30,F,A,W11O46,3B,238,179,0
W11O47_exp3B,5,09_05_22,3,B,3,1,A2,A2,-0.00402,N_5_30_F_A,N_5_30_F_A,F_A,N_5,N,Nitrate,5,30,F,A,W11O47,3B,242,179,0
W11O48_exp3B,6,09_05_22,3,B,3,0,B2,B2,-0.00421,N_5_30_F_S,N_5_30_F_S,F_S,N_5,N,Nitrate,5,30,F,S,W11O48,3B,251,179,0
W11O49_exp3B,6,09_05_22,3,B,3,1,B2,B2,-0.00472,N_5_30_F_S,N_5_30_F_S,F_S,N_5,N,Nitrate,5,30,F,S,W11O49,3B,246,179,0
W12O51_exp3B,7,09_05_22,3,B,3,0,C2,C2,-0.00768,N_5_30_S_A,N_5_30_S_A,S_A,N_5,N,Nitrate,5,30,S,A,W12O51,3B,241,180,0
W12O52_exp3B,7,09_05_22,3,B,3,1,C2,C2,-0.00794,N_5_30_S_A,N_5_30_S_A,S_A,N_5,N,Nitrate,5,30,S,A,W12O52,3B,244,180,0
W12O53_exp3B,8,09_05_22,3,B,3,0,D2,D2,-0.00552,N_5_30_S_S,N_5_30_S_S,S_S,N_5,N,Nitrate,5,30,S,S,W12O53,3B,247,180,0
W12O55_exp3B,8,09_05_22,3,B,3,1,D2,D2,-0.00402,N_5_30_S_S,N_5_30_S_S,S_S,N_5,N,Nitrate,5,30,S,S,W12O55,3B,243,180,0
O3B13_exp3B,3,09_05_22,3,B,1,0,C1,C1,-0.0044,"A_0_20_F_A
","CNTRL_0_20_F_A
",F_A,CNTRL_0,CNTRL,Control,0,20,F,A,O3B13,3B,242,173,0
B23G34_exp3A,3,09_01_22,3,A,1,0,C1,C1,-0.00535,"A_0_20_F_A
","CNTRL_0_20_F_A
",F_A,CNTRL_0,CNTRL,Control,0,20,F,A,B23G34,3A,237,131,0
B27G53_exp2B,3,08_20_22,2,B,1,0,C1,C1,-0.00593,"A_0_20_F_A
","CNTRL_0_20_F_A
",F_A,CNTRL_0,CNTRL,Control,0,20,F,A,B27G53,2B,170,99,0
O3B14_exp3B,4,09_05_22,3,B,1,1,D1,D1,-0.0051,"A_0_20_F_A
","CNTRL_0_20_F_A
",F_A,CNTRL_0,CNTRL,Control,0,20,F,A,O3B14,3B,244,173,0
B23G35_exp3A,4,09_01_22,3,A,1,1,D1,D1,-0.0038,"A_0_20_F_A
","CNTRL_0_20_F_A
",F_A,CNTRL_0,CNTRL,Control,0,20,F,A,B23G35,3A,237,131,0
B24G38_exp1A,4,7_26_22,1,A,1,1,D1,D1,-0.00499,"A_0_20_F_A
","CNTRL_0_20_F_A
",F_A,CNTRL_0,CNTRL,Control,0,20,F,A,B24G38,1A,152,3,0
B24G40_exp1A,4,7_26_22,1,A,1,0,D1,D1,-0.00184,A_0_20_F_S,CNTRL_0_20_F_S,F_S,CNTRL_0,CNTRL,Control,0,20,F,S,B24G40,1A,143,3,0
B27G56_exp2B,4,08_20_22,2,B,1,0,D1,D1,-0.00282,A_0_20_F_S,CNTRL_0_20_F_S,F_S,CNTRL_0,CNTRL,Control,0,20,F,S,B27G56,2B,211,99,0
B34G97_exp1A,5,7_26_22,1,A,1,0,A2,A2,-0.00265,A_0_20_S_A,CNTRL_0_20_S_A,S_A,CNTRL_0,CNTRL,Control,0,20,S,A,B34G97,1A,162,8,0
B26G52_exp1B,5,7_26_22,1,B,1,1,A2,A2,-0.00201,A_0_20_F_S,CNTRL_0_20_F_S,F_S,CNTRL_0,CNTRL,Control,0,20,F,S,B26G52,1B,173,37,0
B30G72_exp2B,5,08_20_22,2,B,1,0,A2,A2,-0.0042,A_0_20_S_A,CNTRL_0_20_S_A,S_A,CNTRL_0,CNTRL,Control,0,20,S,A,B30G72,2B,215,100,0
B24G42_exp1A,5,7_26_22,1,A,1,1,A2,A2,-0.00385,A_0_20_F_S,CNTRL_0_20_F_S,F_S,CNTRL_0,CNTRL,Control,0,20,F,S,B24G42,1A,155,3,0
B23G37_exp2A,5,08_15_22,2,A,1,1,A2,A2,-0.00696,A_0_20_F_S,CNTRL_0_20_F_S,F_S,CNTRL_0,CNTRL,Control,0,20,F,S,B23G37,2A,220,67,0
B23G37_exp3A,5,09_01_22,3,A,1,1,A2,A2,-0.00414,A_0_20_F_S,CNTRL_0_20_F_S,F_S,CNTRL_0,CNTRL,Control,0,20,F,S,B23G37,3A,241,131,0
B27G57_exp2B,5,08_20_22,2,B,1,1,A2,A2,-0.00425,A_0_20_F_S,CNTRL_0_20_F_S,F_S,CNTRL_0,CNTRL,Control,0,20,F,S,B27G57,2B,226,99,0
B24G41_exp3A,6,09_01_22,3,A,1,0,B2,B2,-0.00401,A_0_20_S_S,CNTRL_0_20_S_S,S_S,CNTRL_0,CNTRL,Control,0,20,S,S,B24G41,3A,240,132,0
B28G60_exp1B,6,7_26_22,1,B,1,1,B2,B2,-0.00107,A_0_20_S_A,CNTRL_0_20_S_A,S_A,CNTRL_0,CNTRL,Control,0,20,S,A,B28G60,1B,187,38,0
B34G3106_exp1A,6,7_26_22,1,A,1,0,B2,B2,-0.003,A_0_20_S_S,CNTRL_0_20_S_S,S_S,CNTRL_0,CNTRL,Control,0,20,S,S,B34G3106,1A,144,8,0
O4B24_exp3B,6,09_05_22,3,B,1,0,B2,B2,-0.00509,A_0_20_S_S,CNTRL_0_20_S_S,S_S,CNTRL_0,CNTRL,Control,0,20,S,S,O4B24,3B,254,174,0
B24G40_exp3A,6,09_01_22,3,A,1,1,B2,B2,-0.00095,A_0_20_S_A,CNTRL_0_20_S_A,S_A,CNTRL_0,CNTRL,Control,0,20,S,A,B24G40,3A,237,132,0
B34G100_exp1A,6,7_26_22,1,A,1,1,B2,B2,-0.00298,A_0_20_S_A,CNTRL_0_20_S_A,S_A,CNTRL_0,CNTRL,Control,0,20,S,A,B34G100,1A,146,8,0
B28G58_exp3A,7,09_01_22,3,A,1,0,C2,C2,-0.00265,A_0_30_F_A,CNTRL_0_30_F_A,F_A,CNTRL_0,CNTRL,Control,0,30,F,A,B28G58,3A,235,135,0
B34G3310_exp1A,7,7_26_22,1,A,1,1,C2,C2,-0.00378,A_0_20_S_S,CNTRL_0_20_S_S,S_S,CNTRL_0,CNTRL,Control,0,20,S,S,B34G3310,1A,153,8,0
B24G42_exp3A,7,09_01_22,3,A,1,1,C2,C2,-0.00472,A_0_20_S_S,CNTRL_0_20_S_S,S_S,CNTRL_0,CNTRL,Control,0,20,S,S,B24G42,3A,241,132,0
B28G59_exp2A,7,08_15_22,2,A,1,0,C2,C2,-0.00683,A_0_30_F_A,CNTRL_0_30_F_A,F_A,CNTRL_0,CNTRL,Control,0,30,F,A,B28G59,2A,210,71,0
B30G76_exp2B,7,08_20_22,2,B,1,1,C2,C2,-0.00376,A_0_20_S_S,CNTRL_0_20_S_S,S_S,CNTRL_0,CNTRL,Control,0,20,S,S,B30G76,2B,233,100,0
B28G62_exp3A,8,09_01_22,3,A,1,0,D2,D2,-0.00305,A_0_30_F_S,CNTRL_0_30_F_S,F_S,CNTRL_0,CNTRL,Control,0,30,F,S,B28G62,3A,240,135,0
B31G77_exp1A,8,7_26_22,1,A,1,1,D2,D2,-0.00448,A_0_30_F_A,CNTRL_0_30_F_A,F_A,CNTRL_0,CNTRL,Control,0,30,F,A,B31G77,1A,160,6,0
B13G10_exp1B,8,7_26_22,1,B,1,0,D2,D2,-0.00427,A_0_30_F_S,CNTRL_0_30_F_S,F_S,CNTRL_0,CNTRL,Control,0,30,F,S,B13G10,1B,167,33,0
B28G60_exp3A,8,09_01_22,3,A,1,1,D2,D2,-0.00402,A_0_30_F_A,CNTRL_0_30_F_A,F_A,CNTRL_0,CNTRL,Control,0,30,F,A,B28G60,3A,237,135,0
W3O15_exp3B,8,09_05_22,3,B,1,0,D2,D2,-0.00511,A_0_30_F_S,CNTRL_0_30_F_S,F_S,CNTRL_0,CNTRL,Control,0,30,F,S,W3O15,3B,248,188,0
B31G82_exp1A,9,7_26_22,1,A,1,1,A3,A3,-0.00579,A_0_30_F_S,CNTRL_0_30_F_S,F_S,CNTRL_0,CNTRL,Control,0,30,F,S,B31G82,1A,155,6,0
B33G95_exp2B,9,08_20_22,2,B,1,1,A3,A3,-0.00502,A_0_30_F_S,CNTRL_0_30_F_S,F_S,CNTRL_0,CNTRL,Control,0,30,F,S,B33G95,2B,226,103,0
B29G64_exp2A,9,08_15_22,2,A,1,0,A3,A3,-0.00312,A_0_30_S_A,CNTRL_0_30_S_A,S_A,CNTRL_0,CNTRL,Control,0,30,S,A,B29G64,2A,198,72,0
B13G13_exp1B,9,7_26_22,1,B,1,1,A3,A3,-0.00264,A_0_30_F_S,CNTRL_0_30_F_S,F_S,CNTRL_0,CNTRL,Control,0,30,F,S,B13G13,1B,178,33,0
W3O17_exp3B,9,09_05_22,3,B,1,1,A3,A3,-0.0032,A_0_30_F_S,CNTRL_0_30_F_S,F_S,CNTRL_0,CNTRL,Control,0,30,F,S,W3O17,3B,252,188,0
B33G95_exp1A,9,7_26_22,1,A,1,0,A3,A3,-0.00826,A_0_30_S_S,CNTRL_0_30_S_S,S_S,CNTRL_0,CNTRL,Control,0,30,S,S,B33G95,1A,157,7,0
W4O21_exp3B,9,09_05_22,3,B,1,0,A3,A3,-0.00431,A_0_30_S_A,CNTRL_0_30_S_A,S_A,CNTRL_0,CNTRL,Control,0,30,S,A,W4O21,3B,242,189,0
B29G65_exp3A,10,09_01_22,3,A,1,1,B3,B3,-0.00455,A_0_30_S_A,CNTRL_0_30_S_A,S_A,CNTRL_0,CNTRL,Control,0,30,S,A,B29G65,3A,237,136,0
B25G47_exp1B,10,7_26_22,1,B,1,1,B3,B3,-0.00439,A_0_30_S_S,CNTRL_0_30_S_S,S_S,CNTRL_0,CNTRL,Control,0,30,S,S,B25G47,1B,182,36,0
B29G65_exp2A,10,08_15_22,2,A,1,1,B3,B3,-0.00297,A_0_30_S_A,CNTRL_0_30_S_A,S_A,CNTRL_0,CNTRL,Control,0,30,S,A,B29G65,2A,221,72,0
B29G70_exp2A,10,08_15_22,2,A,1,0,B3,B3,-0.00815,A_0_30_S_S,CNTRL_0_30_S_S,S_S,CNTRL_0,CNTRL,Control,0,30,S,S,B29G70,2A,205,72,0
B29G70_exp3A,10,09_01_22,3,A,1,0,B3,B3,-0.00558,A_0_30_S_S,CNTRL_0_30_S_S,S_S,CNTRL_0,CNTRL,Control,0,30,S,S,B29G70,3A,240,136,0
W4O23_exp3B,10,09_05_22,3,B,1,0,B3,B3,-0.00352,A_0_30_S_S,CNTRL_0_30_S_S,S_S,CNTRL_0,CNTRL,Control,0,30,S,S,W4O23,3B,245,189,0
B33G93_exp1A,10,7_26_22,1,A,1,1,B3,B3,-0.00261,A_0_30_S_S,CNTRL_0_30_S_S,S_S,CNTRL_0,CNTRL,Control,0,30,S,S,B33G93,1A,144,7,0
B14G14_exp2B,11,08_20_22,2,B,1,0,C3,C3,-0.00625,N_0_20_F_A,CNTRL_0_20_F_A,F_A,CNTRL_0,CNTRL,Control,0,20,F,A,B14G14,2B,149,97,0
B14G14_exp1A,11,7_26_22,1,A,1,0,C3,C3,-0.00489,N_0_20_F_A,CNTRL_0_20_F_A,F_A,CNTRL_0,CNTRL,Control,0,20,F,A,B14G14,1A,168,1,0
B13G8_exp3A,11,09_01_22,3,A,1,0,C3,C3,-0.00252,N_0_20_F_A,CNTRL_0_20_F_A,F_A,CNTRL_0,CNTRL,Control,0,20,F,A,B13G8,3A,237,129,0
W4O24_exp3B,11,09_05_22,3,B,1,1,C3,C3,-0.00698,A_0_30_S_S,CNTRL_0_30_S_S,S_S,CNTRL_0,CNTRL,Control,0,30,S,S,W4O24,3B,255,189,0
B33G90_exp1A,11,7_26_22,1,A,1,1,C3,C3,-0.00384,A_0_30_S_A,CNTRL_0_30_S_A,S_A,CNTRL_0,CNTRL,Control,0,30,S,A,B33G90,1A,155,7,0
B29G71_exp3A,11,09_01_22,3,A,1,1,C3,C3,-0.00892,A_0_30_S_S,CNTRL_0_30_S_S,S_S,CNTRL_0,CNTRL,Control,0,30,S,S,B29G71,3A,241,136,0
O1B2_exp3B,12,09_05_22,3,B,1,1,D3,D3,-0.00659,N_0_20_F_A,CNTRL_0_20_F_A,F_A,CNTRL_0,CNTRL,Control,0,20,F,A,O1B2,3B,242,161,0
B13G13_exp3A,12,09_01_22,3,A,1,0,D3,D3,-0.00913,N_0_20_F_S,CNTRL_0_20_F_S,F_S,CNTRL_0,CNTRL,Control,0,20,F,S,B13G13,3A,240,129,0
B14G21_exp1A,12,7_26_22,1,A,1,0,D3,D3,-0.00293,N_0_20_F_S,CNTRL_0_20_F_S,F_S,CNTRL_0,CNTRL,Control,0,20,F,S,B14G21,1A,153,1,0
B22G29_exp1B,12,7_26_22,1,B,1,1,D3,D3,-0.00306,N_0_20_F_A,CNTRL_0_20_F_A,F_A,CNTRL_0,CNTRL,Control,0,20,F,A,B22G29,1B,183,34,0
O1B4_exp3B,12,09_05_22,3,B,1,0,D3,D3,-0.00475,N_0_20_F_S,CNTRL_0_20_F_S,F_S,CNTRL_0,CNTRL,Control,0,20,F,S,O1B4,3B,245,161,0
B13G10_exp2A,12,08_15_22,2,A,1,0,D3,D3,-0.0056,N_0_20_F_S,CNTRL_0_20_F_S,F_S,CNTRL_0,CNTRL,Control,0,20,F,S,B13G10,2A,175,65,0
B13G8_exp2A,12,08_15_22,2,A,1,1,D3,D3,-0.00394,N_0_20_F_A,CNTRL_0_20_F_A,F_A,CNTRL_0,CNTRL,Control,0,20,F,A,B13G8,2A,226,65,0
B13G13_exp2A,13,08_15_22,2,A,1,1,A4,A4,-0.00479,N_0_20_F_S,CNTRL_0_20_F_S,F_S,CNTRL_0,CNTRL,Control,0,20,F,S,B13G13,2A,206,65,0
B22G30_exp3A,13,09_01_22,3,A,1,0,A4,A4,-0.0067,N_0_20_S_A,CNTRL_0_20_S_A,S_A,CNTRL_0,CNTRL,Control,0,20,S,A,B22G30,3A,237,130,0
B14G20_exp1A,13,7_26_22,1,A,1,1,A4,A4,-0.00275,N_0_20_F_S,CNTRL_0_20_F_S,F_S,CNTRL_0,CNTRL,Control,0,20,F,S,B14G20,1A,145,1,0
B23G33_exp1B,13,7_26_22,1,B,1,0,A4,A4,-0.00281,N_0_20_S_A,CNTRL_0_20_S_A,S_A,CNTRL_0,CNTRL,Control,0,20,S,A,B23G33,1B,166,35,0
B13G10_exp3A,13,09_01_22,3,A,1,1,A4,A4,-0.00521,N_0_20_F_S,CNTRL_0_20_F_S,F_S,CNTRL_0,CNTRL,Control,0,20,F,S,B13G10,3A,239,129,0
O2B7_exp3B,13,09_05_22,3,B,1,0,A4,A4,-0.00536,N_0_20_S_A,CNTRL_0_20_S_A,S_A,CNTRL_0,CNTRL,Control,0,20,S,A,O2B7,3B,238,169,0
B22G31_exp1B,13,7_26_22,1,B,1,1,A4,A4,-0.0036,N_0_20_F_S,CNTRL_0_20_F_S,F_S,CNTRL_0,CNTRL,Control,0,20,F,S,B22G31,1B,171,34,0
B15G22_exp2B,13,08_20_22,2,B,1,0,A4,A4,-0.00207,N_0_20_S_A,CNTRL_0_20_S_A,S_A,CNTRL_0,CNTRL,Control,0,20,S,A,B15G22,2B,169,98,0
B22G31_exp3A,14,09_01_22,3,A,1,0,B4,B4,-0.00819,N_0_20_S_S,CNTRL_0_20_S_S,S_S,CNTRL_0,CNTRL,Control,0,20,S,S,B22G31,3A,239,130,0
B23G35_exp1B,14,7_26_22,1,B,1,1,B4,B4,-0.00228,N_0_20_S_A,CNTRL_0_20_S_A,S_A,CNTRL_0,CNTRL,Control,0,20,S,A,B23G35,1B,184,35,0
B22G27_exp2A,14,08_15_22,2,A,1,0,B4,B4,-0.00946,N_0_20_S_S,CNTRL_0_20_S_S,S_S,CNTRL_0,CNTRL,Control,0,20,S,S,B22G27,2A,207,66,0
B22G30_exp2A,14,08_15_22,2,A,1,1,B4,B4,-0.00715,N_0_20_S_A,CNTRL_0_20_S_A,S_A,CNTRL_0,CNTRL,Control,0,20,S,A,B22G30,2A,228,66,0
O2B8_exp3B,14,09_05_22,3,B,1,1,B4,B4,-0.00384,N_0_20_S_A,CNTRL_0_20_S_A,S_A,CNTRL_0,CNTRL,Control,0,20,S,A,O2B8,3B,242,169,0
B23G37_exp1B,15,7_26_22,1,B,1,1,C4,C4,-0.0026,N_0_20_S_S,CNTRL_0_20_S_S,S_S,CNTRL_0,CNTRL,Control,0,20,S,S,B23G37,1B,172,35,0
B22G27_exp3A,15,09_01_22,3,A,1,1,C4,C4,-0.00465,N_0_20_S_S,CNTRL_0_20_S_S,S_S,CNTRL_0,CNTRL,Control,0,20,S,S,B22G27,3A,241,130,0
B15G25_exp1A,15,7_26_22,1,A,1,1,C4,C4,-0.00514,N_0_20_S_S,CNTRL_0_20_S_S,S_S,CNTRL_0,CNTRL,Control,0,20,S,S,B15G25,1A,157,2,0
B25G44_exp3A,15,09_01_22,3,A,1,0,C4,C4,-0.00464,N_0_30_F_A,CNTRL_0_30_F_A,F_A,CNTRL_0,CNTRL,Control,0,30,F,A,B25G44,3A,237,133,0
B22G31_exp2A,15,08_15_22,2,A,1,1,C4,C4,-0.00675,N_0_20_S_S,CNTRL_0_20_S_S,S_S,CNTRL_0,CNTRL,Control,0,20,S,S,B22G31,2A,186,66,0
B27G54_exp1A,15,7_26_22,1,A,1,0,C4,C4,-0.0044,N_0_30_F_A,CNTRL_0_30_F_A,F_A,CNTRL_0,CNTRL,Control,0,30,F,A,B27G54,1A,150,4,0
B29G64_exp1B,15,7_26_22,1,B,1,0,C4,C4,-0.00138,N_0_30_F_A,CNTRL_0_30_F_A,F_A,CNTRL_0,CNTRL,Control,0,30,F,A,B29G64,1B,164,39,0
B25G47_exp3A,16,09_01_22,3,A,1,0,D4,D4,-0.00385,N_0_30_F_S,CNTRL_0_30_F_S,F_S,CNTRL_0,CNTRL,Control,0,30,F,S,B25G47,3A,240,133,0
B27G53_exp1A,16,7_26_22,1,A,1,1,D4,D4,-0.00303,N_0_30_F_A,CNTRL_0_30_F_A,F_A,CNTRL_0,CNTRL,Control,0,30,F,A,B27G53,1A,168,4,0
W1O3_exp3B,16,09_05_22,3,B,1,0,D4,D4,-0.00446,N_0_30_F_S,CNTRL_0_30_F_S,F_S,CNTRL_0,CNTRL,Control,0,30,F,S,W1O3,3B,251,177,0
B25G43_exp3A,16,09_01_22,3,A,1,1,D4,D4,-0.00355,N_0_30_F_A,CNTRL_0_30_F_A,F_A,CNTRL_0,CNTRL,Control,0,30,F,A,B25G43,3A,226,133,0
B29G70_exp1B,16,7_26_22,1,B,1,0,D4,D4,-0.00423,N_0_30_F_S,CNTRL_0_30_F_S,F_S,CNTRL_0,CNTRL,Control,0,30,F,S,B29G70,1B,161,39,0
B27G57_exp1A,16,7_26_22,1,A,1,0,D4,D4,-0.00437,N_0_30_F_S,CNTRL_0_30_F_S,F_S,CNTRL_0,CNTRL,Control,0,30,F,S,B27G57,1A,153,4,0
B25G47_exp2A,17,08_15_22,2,A,1,1,A5,A5,-0.00501,N_0_30_F_S,CNTRL_0_30_F_S,F_S,CNTRL_0,CNTRL,Control,0,30,F,S,B25G47,2A,206,69,0
B26G50_exp3A,17,09_01_22,3,A,1,0,A5,A5,-0.0078,N_0_30_S_A,CNTRL_0_30_S_A,S_A,CNTRL_0,CNTRL,Control,0,30,S,A,B26G50,3A,237,134,0
W2O7_exp3B,17,09_05_22,3,B,1,0,A5,A5,-0.00787,N_0_30_S_A,CNTRL_0_30_S_A,S_A,CNTRL_0,CNTRL,Control,0,30,S,A,W2O7,3B,238,186,0
B25G46_exp3A,17,09_01_22,3,A,1,1,A5,A5,-0.00517,N_0_30_F_S,CNTRL_0_30_F_S,F_S,CNTRL_0,CNTRL,Control,0,30,F,S,B25G46,3A,239,133,0
B32G83_exp2B,17,08_20_22,2,B,1,0,A5,A5,-0.00332,N_0_30_S_A,CNTRL_0_30_S_A,S_A,CNTRL_0,CNTRL,Control,0,30,S,A,B32G83,2B,170,102,0
B30G72_exp1A,18,7_26_22,1,A,1,1,B5,B5,-0.00244,N_0_30_S_A,CNTRL_0_30_S_A,S_A,CNTRL_0,CNTRL,Control,0,30,S,A,B30G72,1A,162,5,0
B26G49_exp2A,18,08_15_22,2,A,1,1,B5,B5,-0.00219,N_0_30_S_A,CNTRL_0_30_S_A,S_A,CNTRL_0,CNTRL,Control,0,30,S,A,B26G49,2A,206,70,0
B26G52_exp3A,18,09_01_22,3,A,1,0,B5,B5,-0.00534,N_0_30_S_S,CNTRL_0_30_S_S,S_S,CNTRL_0,CNTRL,Control,0,30,S,S,B26G52,3A,241,134,0
B30G75_exp1A,18,7_26_22,1,A,1,0,B5,B5,-0.00328,N_0_30_S_S,CNTRL_0_30_S_S,S_S,CNTRL_0,CNTRL,Control,0,30,S,S,B30G75,1A,154,5,0
B32G88_exp1B,19,7_26_22,1,B,1,1,C5,C5,-0.00274,N_0_30_S_S,CNTRL_0_30_S_S,S_S,CNTRL_0,CNTRL,Control,0,30,S,S,B32G88,1B,172,40,0
W2O11_exp3B,19,09_05_22,3,B,1,1,C5,C5,-0.00215,N_0_30_S_S,CNTRL_0_30_S_S,S_S,CNTRL_0,CNTRL,Control,0,30,S,S,W2O11,3B,252,186,0
B26G52_exp2A,19,08_15_22,2,A,1,1,C5,C5,-0.00346,N_0_30_S_S,CNTRL_0_30_S_S,S_S,CNTRL_0,CNTRL,Control,0,30,S,S,B26G52,2A,208,70,0
B30G76_exp1A,19,7_26_22,1,A,1,1,C5,C5,-0.00492,N_0_30_S_S,CNTRL_0_30_S_S,S_S,CNTRL_0,CNTRL,Control,0,30,S,S,B30G76,1A,157,5,0
