num,date,exp_num,exp_subrun,resp_run,e_coli_plate,vial_ID,vial_id_copy_pasted,resp_rate,resp_rate_SA_corr,abs_resp_rate_SA_corr,treat_ID_full,treat_ID_collapsed_controls,food_sym_state,N_species_dose,N_species,control_or_nutrient,N_dose,temp,food,sym_state,beetag,exp_run_full,beetag_exprun,col_num,jar_unique_ID,broken_or_damaged
11,7_26_22,1,A,1,0,C3,C3,-0.00489,-0.119251703,0.119251703,N_0_20_F_A,CNTRL_0_20_F_A,F_A,CNTRL_0,CNTRL,Control,0,20,F,A,B14G14,1A,B14G14_exp1A,168,1,0
12,7_26_22,1,A,1,1,D3,D3,-0.00422,-0.173322843,0.173322843,N_0_20_F_A,CNTRL_0_20_F_A,F_A,CNTRL_0,CNTRL,Control,0,20,F,A,B14G15,1A,B14G15_exp1A,150,1,0
11,7_26_22,1,B,1,0,C3,C3,-0.00123,-0.029779574,0.029779574,N_0_20_F_A,CNTRL_0_20_F_A,F_A,CNTRL_0,CNTRL,Control,0,20,F,A,B22G28,1B,B22G28_exp1B,169,34,0
12,7_26_22,1,B,1,1,D3,D3,-0.00306,-0.105677898,0.105677898,N_0_20_F_A,CNTRL_0_20_F_A,F_A,CNTRL_0,CNTRL,Control,0,20,F,A,B22G29,1B,B22G29_exp1B,183,34,0
11,08_15_22,2,A,1,0,C3,C3,-0.00707,-0.167448916,0.167448916,N_0_20_F_A,CNTRL_0_20_F_A,F_A,CNTRL_0,CNTRL,Control,0,20,F,A,B13G3,2A,B13G3_exp2A,174,65,0
12,08_15_22,2,A,1,1,D3,D3,-0.00394,-0.114374527,0.114374527,N_0_20_F_A,CNTRL_0_20_F_A,F_A,CNTRL_0,CNTRL,Control,0,20,F,A,B13G8,2A,B13G8_exp2A,226,65,0
11,08_20_22,2,B,1,0,C3,C3,-0.00625,-0.14343632,0.14343632,N_0_20_F_A,CNTRL_0_20_F_A,F_A,CNTRL_0,CNTRL,Control,0,20,F,A,B14G14,2B,B14G14_exp2B,149,97,0
12,08_20_22,2,B,1,1,D3,D3,-0.00476,-0.171108015,0.171108015,N_0_20_F_A,CNTRL_0_20_F_A,F_A,CNTRL_0,CNTRL,Control,0,20,F,A,B14G15,2B,B14G15_exp2B,184,97,0
12,09_01_22,3,A,1,1,D3,D3,-0.0041,-0.233825669,0.233825669,N_0_20_F_A,CNTRL_0_20_F_A,F_A,CNTRL_0,CNTRL,Control,0,20,F,A,B13G2,3A,B13G2_exp3A,223,129,0
11,09_01_22,3,A,1,0,C3,C3,-0.00252,-0.063596661,0.063596661,N_0_20_F_A,CNTRL_0_20_F_A,F_A,CNTRL_0,CNTRL,Control,0,20,F,A,B13G8,3A,B13G8_exp3A,237,129,0
11,09_05_22,3,B,1,0,C3,C3,-0.00456,-0.053992089,0.053992089,N_0_20_F_A,CNTRL_0_20_F_A,F_A,CNTRL_0,CNTRL,Control,0,20,F,A,O1B1,3B,O1B1_exp3B,238,161,0
12,09_05_22,3,B,1,1,D3,D3,-0.00659,-0.076250591,0.076250591,N_0_20_F_A,CNTRL_0_20_F_A,F_A,CNTRL_0,CNTRL,Control,0,20,F,A,O1B2,3B,O1B2_exp3B,242,161,0
13,7_26_22,1,A,1,1,A4,A4,-0.00275,-0.098087823,0.098087823,N_0_20_F_S,CNTRL_0_20_F_S,F_S,CNTRL_0,CNTRL,Control,0,20,F,S,B14G20,1A,B14G20_exp1A,145,1,0
12,7_26_22,1,A,1,0,D3,D3,-0.00293,-0.047530762,0.047530762,N_0_20_F_S,CNTRL_0_20_F_S,F_S,CNTRL_0,CNTRL,Control,0,20,F,S,B14G21,1A,B14G21_exp1A,153,1,0
13,7_26_22,1,B,1,1,A4,A4,-0.0036,-0.09258878,0.09258878,N_0_20_F_S,CNTRL_0_20_F_S,F_S,CNTRL_0,CNTRL,Control,0,20,F,S,B22G31,1B,B22G31_exp1B,171,34,0
12,08_15_22,2,A,1,0,D3,D3,-0.0056,-0.125491552,0.125491552,N_0_20_F_S,CNTRL_0_20_F_S,F_S,CNTRL_0,CNTRL,Control,0,20,F,S,B13G10,2A,B13G10_exp2A,175,65,0
13,08_15_22,2,A,1,1,A4,A4,-0.00479,-0.09637487,0.09637487,N_0_20_F_S,CNTRL_0_20_F_S,F_S,CNTRL_0,CNTRL,Control,0,20,F,S,B13G13,2A,B13G13_exp2A,206,65,0
12,08_20_22,2,B,1,0,D3,D3,-0.00323,-0.104599018,0.104599018,N_0_20_F_S,CNTRL_0_20_F_S,F_S,CNTRL_0,CNTRL,Control,0,20,F,S,B14G17,2B,B14G17_exp2B,159,97,0
13,08_20_22,2,B,1,1,A4,A4,-0.00339,-0.070189379,0.070189379,N_0_20_F_S,CNTRL_0_20_F_S,F_S,CNTRL_0,CNTRL,Control,0,20,F,S,B14G21,2B,B14G21_exp2B,223,97,0
13,09_01_22,3,A,1,1,A4,A4,-0.00521,-0.099494056,0.099494056,N_0_20_F_S,CNTRL_0_20_F_S,F_S,CNTRL_0,CNTRL,Control,0,20,F,S,B13G10,3A,B13G10_exp3A,239,129,0
12,09_01_22,3,A,1,0,D3,D3,-0.00913,-0.125660217,0.125660217,N_0_20_F_S,CNTRL_0_20_F_S,F_S,CNTRL_0,CNTRL,Control,0,20,F,S,B13G13,3A,B13G13_exp3A,240,129,0
12,09_05_22,3,B,1,0,D3,D3,-0.00475,-0.068002814,0.068002814,N_0_20_F_S,CNTRL_0_20_F_S,F_S,CNTRL_0,CNTRL,Control,0,20,F,S,O1B4,3B,O1B4_exp3B,245,161,0
13,09_05_22,3,B,1,1,A4,A4,-0.00328,-0.062743848,0.062743848,N_0_20_F_S,CNTRL_0_20_F_S,F_S,CNTRL_0,CNTRL,Control,0,20,F,S,O1B5,3B,O1B5_exp3B,256,161,0
13,7_26_22,1,A,1,0,A4,A4,-0.00296,-0.11931486,0.11931486,N_0_20_S_A,CNTRL_0_20_S_A,S_A,CNTRL_0,CNTRL,Control,0,20,S,A,B15G23,1A,B15G23_exp1A,150,2,0
13,7_26_22,1,B,1,0,A4,A4,-0.00281,-0.114291338,0.114291338,N_0_20_S_A,CNTRL_0_20_S_A,S_A,CNTRL_0,CNTRL,Control,0,20,S,A,B23G33,1B,B23G33_exp1B,166,35,0
14,7_26_22,1,B,1,1,B4,B4,-0.00228,-0.109507129,0.109507129,N_0_20_S_A,CNTRL_0_20_S_A,S_A,CNTRL_0,CNTRL,Control,0,20,S,A,B23G35,1B,B23G35_exp1B,184,35,0
14,08_15_22,2,A,1,1,B4,B4,-0.00715,-0.116935334,0.116935334,N_0_20_S_A,CNTRL_0_20_S_A,S_A,CNTRL_0,CNTRL,Control,0,20,S,A,B22G30,2A,B22G30_exp2A,228,66,0
13,08_20_22,2,B,1,0,A4,A4,-0.00207,-0.06793794,0.06793794,N_0_20_S_A,CNTRL_0_20_S_A,S_A,CNTRL_0,CNTRL,Control,0,20,S,A,B15G22,2B,B15G22_exp2B,169,98,0
14,08_20_22,2,B,1,1,B4,B4,-0.00794,-0.181184453,0.181184453,N_0_20_S_A,CNTRL_0_20_S_A,S_A,CNTRL_0,CNTRL,Control,0,20,S,A,B15G23,2B,B15G23_exp2B,203,98,0
14,09_01_22,3,A,1,1,B4,B4,-0.00347,-0.11142044,0.11142044,N_0_20_S_A,CNTRL_0_20_S_A,S_A,CNTRL_0,CNTRL,Control,0,20,S,A,B22G29,3A,B22G29_exp3A,237,130,0
13,09_01_22,3,A,1,0,A4,A4,-0.0067,-0.105758245,0.105758245,N_0_20_S_A,CNTRL_0_20_S_A,S_A,CNTRL_0,CNTRL,Control,0,20,S,A,B22G30,3A,B22G30_exp3A,237,130,0
13,09_05_22,3,B,1,0,A4,A4,-0.00536,-0.05076774,0.05076774,N_0_20_S_A,CNTRL_0_20_S_A,S_A,CNTRL_0,CNTRL,Control,0,20,S,A,O2B7,3B,O2B7_exp3B,238,169,0
14,09_05_22,3,B,1,1,B4,B4,-0.00384,-0.064425297,0.064425297,N_0_20_S_A,CNTRL_0_20_S_A,S_A,CNTRL_0,CNTRL,Control,0,20,S,A,O2B8,3B,O2B8_exp3B,242,169,0
14,7_26_22,1,A,1,0,B4,B4,-0.00224,-0.072682676,0.072682676,N_0_20_S_S,CNTRL_0_20_S_S,S_S,CNTRL_0,CNTRL,Control,0,20,S,S,B15G24,1A,B15G24_exp1A,149,2,0
15,7_26_22,1,A,1,1,C4,C4,-0.00514,-0.1082725,0.1082725,N_0_20_S_S,CNTRL_0_20_S_S,S_S,CNTRL_0,CNTRL,Control,0,20,S,S,B15G25,1A,B15G25_exp1A,157,2,0
14,7_26_22,1,B,1,0,B4,B4,-0.00201,-0.071908984,0.071908984,N_0_20_S_S,CNTRL_0_20_S_S,S_S,CNTRL_0,CNTRL,Control,0,20,S,S,B23G36,1B,B23G36_exp1B,164,35,0
15,7_26_22,1,B,1,1,C4,C4,-0.0026,-0.094563374,0.094563374,N_0_20_S_S,CNTRL_0_20_S_S,S_S,CNTRL_0,CNTRL,Control,0,20,S,S,B23G37,1B,B23G37_exp1B,172,35,0
14,08_15_22,2,A,1,0,B4,B4,-0.00946,-0.21608207,0.21608207,N_0_20_S_S,CNTRL_0_20_S_S,S_S,CNTRL_0,CNTRL,Control,0,20,S,S,B22G27,2A,B22G27_exp2A,207,66,0
15,08_15_22,2,A,1,1,C4,C4,-0.00675,-0.088015865,0.088015865,N_0_20_S_S,CNTRL_0_20_S_S,S_S,CNTRL_0,CNTRL,Control,0,20,S,S,B22G31,2A,B22G31_exp2A,186,66,0
14,08_20_22,2,B,1,0,B4,B4,-0.00173,-0.040495931,0.040495931,N_0_20_S_S,CNTRL_0_20_S_S,S_S,CNTRL_0,CNTRL,Control,0,20,S,S,B15G24,2B,B15G24_exp2B,180,98,0
15,08_20_22,2,B,1,1,C4,C4,-0.00487,-0.118783515,0.118783515,N_0_20_S_S,CNTRL_0_20_S_S,S_S,CNTRL_0,CNTRL,Control,0,20,S,S,B15G25,2B,B15G25_exp2B,208,98,0
15,09_01_22,3,A,1,1,C4,C4,-0.00465,-0.087499499,0.087499499,N_0_20_S_S,CNTRL_0_20_S_S,S_S,CNTRL_0,CNTRL,Control,0,20,S,S,B22G27,3A,B22G27_exp3A,241,130,0
14,09_01_22,3,A,1,0,B4,B4,-0.00819,-0.111617353,0.111617353,N_0_20_S_S,CNTRL_0_20_S_S,S_S,CNTRL_0,CNTRL,Control,0,20,S,S,B22G31,3A,B22G31_exp3A,239,130,0
14,09_05_22,3,B,1,0,B4,B4,-0.00442,-0.041616112,0.041616112,N_0_20_S_S,CNTRL_0_20_S_S,S_S,CNTRL_0,CNTRL,Control,0,20,S,S,O2B10,3B,O2B10_exp3B,249,169,0
15,09_05_22,3,B,1,1,C4,C4,-0.0052,-0.06259847,0.06259847,N_0_20_S_S,CNTRL_0_20_S_S,S_S,CNTRL_0,CNTRL,Control,0,20,S,S,O2B11,3B,O2B11_exp3B,252,169,0
16,7_26_22,1,A,1,1,D4,D4,-0.00303,-0.07143839,0.07143839,N_0_30_F_A,CNTRL_0_30_F_A,F_A,CNTRL_0,CNTRL,Control,0,30,F,A,B27G53,1A,B27G53_exp1A,168,4,0
15,7_26_22,1,A,1,0,C4,C4,-0.0044,-0.041588441,0.041588441,N_0_30_F_A,CNTRL_0_30_F_A,F_A,CNTRL_0,CNTRL,Control,0,30,F,A,B27G54,1A,B27G54_exp1A,150,4,0
15,7_26_22,1,B,1,0,C4,C4,-0.00138,-0.051749498,0.051749498,N_0_30_F_A,CNTRL_0_30_F_A,F_A,CNTRL_0,CNTRL,Control,0,30,F,A,B29G64,1B,B29G64_exp1B,164,39,0
16,7_26_22,1,B,1,1,D4,D4,-0.00445,-0.097586569,0.097586569,N_0_30_F_A,CNTRL_0_30_F_A,F_A,CNTRL_0,CNTRL,Control,0,30,F,A,B29G67,1B,B29G67_exp1B,183,39,0
15,08_15_22,2,A,1,0,C4,C4,-0.00362,-0.073999178,0.073999178,N_0_30_F_A,CNTRL_0_30_F_A,F_A,CNTRL_0,CNTRL,Control,0,30,F,A,B25G43,2A,B25G43_exp2A,174,69,0
16,08_15_22,2,A,1,1,D4,D4,-0.00347,-0.079647971,0.079647971,N_0_30_F_A,CNTRL_0_30_F_A,F_A,CNTRL_0,CNTRL,Control,0,30,F,A,B25G45,2A,B25G45_exp2A,226,69,0
15,08_20_22,2,B,1,0,C4,C4,-0.00387,-0.072618821,0.072618821,N_0_30_F_A,CNTRL_0_30_F_A,F_A,CNTRL_0,CNTRL,Control,0,30,F,A,B31G77,2B,B31G77_exp2B,167,101,0
16,08_20_22,2,B,1,1,D4,D4,-0.00401,-0.083731247,0.083731247,N_0_30_F_A,CNTRL_0_30_F_A,F_A,CNTRL_0,CNTRL,Control,0,30,F,A,B31G78,2B,B31G78_exp2B,195,101,0
16,09_01_22,3,A,1,1,D4,D4,-0.00355,-0.075639082,0.075639082,N_0_30_F_A,CNTRL_0_30_F_A,F_A,CNTRL_0,CNTRL,Control,0,30,F,A,B25G43,3A,B25G43_exp3A,226,133,0
15,09_01_22,3,A,1,0,C4,C4,-0.00464,-0.108061135,0.108061135,N_0_30_F_A,CNTRL_0_30_F_A,F_A,CNTRL_0,CNTRL,Control,0,30,F,A,B25G44,3A,B25G44_exp3A,237,133,0
15,09_05_22,3,B,1,0,C4,C4,-0.00372,-0.021598636,0.021598636,N_0_30_F_A,CNTRL_0_30_F_A,F_A,CNTRL_0,CNTRL,Control,0,30,F,A,W1O1,3B,W1O1_exp3B,238,177,0
16,09_05_22,3,B,1,1,D4,D4,-0.00329,-0.064516721,0.064516721,N_0_30_F_A,CNTRL_0_30_F_A,F_A,CNTRL_0,CNTRL,Control,0,30,F,A,W1O2,3B,W1O2_exp3B,242,177,0
17,7_26_22,1,A,1,1,A5,A5,-0.0052,-0.098439963,0.098439963,N_0_30_F_S,CNTRL_0_30_F_S,F_S,CNTRL_0,CNTRL,Control,0,30,F,S,B27G56,1A,B27G56_exp1A,147,4,0
16,7_26_22,1,A,1,0,D4,D4,-0.00437,-0.056036216,0.056036216,N_0_30_F_S,CNTRL_0_30_F_S,F_S,CNTRL_0,CNTRL,Control,0,30,F,S,B27G57,1A,B27G57_exp1A,153,4,0
16,7_26_22,1,B,1,0,D4,D4,-0.00423,-0.065222865,0.065222865,N_0_30_F_S,CNTRL_0_30_F_S,F_S,CNTRL_0,CNTRL,Control,0,30,F,S,B29G70,1B,B29G70_exp1B,161,39,0
17,7_26_22,1,B,1,1,A5,A5,-0.00298,-0.048432338,0.048432338,N_0_30_F_S,CNTRL_0_30_F_S,F_S,CNTRL_0,CNTRL,Control,0,30,F,S,B29G71,1B,B29G71_exp1B,171,39,0
16,08_15_22,2,A,1,0,D4,D4,-0.00865,-0.143536968,0.143536968,N_0_30_F_S,CNTRL_0_30_F_S,F_S,CNTRL_0,CNTRL,Control,0,30,F,S,B25G46,2A,B25G46_exp2A,185,69,0
17,08_15_22,2,A,1,1,A5,A5,-0.00501,-0.079231137,0.079231137,N_0_30_F_S,CNTRL_0_30_F_S,F_S,CNTRL_0,CNTRL,Control,0,30,F,S,B25G47,2A,B25G47_exp2A,206,69,0
16,08_20_22,2,B,1,0,D4,D4,-0.00223,-0.051867893,0.051867893,N_0_30_F_S,CNTRL_0_30_F_S,F_S,CNTRL_0,CNTRL,Control,0,30,F,S,B31G80,2B,B31G80_exp2B,206,101,0
17,08_20_22,2,B,1,1,A5,A5,-0.00467,-0.057669903,0.057669903,N_0_30_F_S,CNTRL_0_30_F_S,F_S,CNTRL_0,CNTRL,Control,0,30,F,S,B31G82,2B,B31G82_exp2B,223,101,0
17,09_01_22,3,A,1,1,A5,A5,-0.00517,-0.085989784,0.085989784,N_0_30_F_S,CNTRL_0_30_F_S,F_S,CNTRL_0,CNTRL,Control,0,30,F,S,B25G46,3A,B25G46_exp3A,239,133,0
16,09_01_22,3,A,1,0,D4,D4,-0.00385,-0.02334343,0.02334343,N_0_30_F_S,CNTRL_0_30_F_S,F_S,CNTRL_0,CNTRL,Control,0,30,F,S,B25G47,3A,B25G47_exp3A,240,133,0
16,09_05_22,3,B,1,0,D4,D4,-0.00446,-0.035351067,0.035351067,N_0_30_F_S,CNTRL_0_30_F_S,F_S,CNTRL_0,CNTRL,Control,0,30,F,S,W1O3,3B,W1O3_exp3B,251,177,0
17,09_05_22,3,B,1,1,A5,A5,-0.0051,NA,NA,N_0_30_F_S,CNTRL_0_30_F_S,F_S,CNTRL_0,CNTRL,Control,0,30,F,S,W1O4,3B,W1O4_exp3B,245,177,0
18,7_26_22,1,A,1,1,B5,B5,-0.00244,-0.053819186,0.053819186,N_0_30_S_A,CNTRL_0_30_S_A,S_A,CNTRL_0,CNTRL,Control,0,30,S,A,B30G72,1A,B30G72_exp1A,162,5,0
17,7_26_22,1,A,1,0,A5,A5,-0.00178,-0.035581522,0.035581522,N_0_30_S_A,CNTRL_0_30_S_A,S_A,CNTRL_0,CNTRL,Control,0,30,S,A,B30G73,1A,B30G73_exp1A,151,5,0
17,7_26_22,1,B,1,0,A5,A5,-0.00243,-0.107533066,0.107533066,N_0_30_S_A,CNTRL_0_30_S_A,S_A,CNTRL_0,CNTRL,Control,0,30,S,A,B32G83,1B,B32G83_exp1B,166,40,0
18,7_26_22,1,B,1,1,B5,B5,-0.00247,-0.06725436,0.06725436,N_0_30_S_A,CNTRL_0_30_S_A,S_A,CNTRL_0,CNTRL,Control,0,30,S,A,B32G84,1B,B32G84_exp1B,171,40,0
17,08_15_22,2,A,1,0,A5,A5,-0.00584,-0.140611189,0.140611189,N_0_30_S_A,CNTRL_0_30_S_A,S_A,CNTRL_0,CNTRL,Control,0,30,S,A,B26G48,2A,B26G48_exp2A,193,70,0
18,08_15_22,2,A,1,1,B5,B5,-0.00219,-0.057115553,0.057115553,N_0_30_S_A,CNTRL_0_30_S_A,S_A,CNTRL_0,CNTRL,Control,0,30,S,A,B26G49,2A,B26G49_exp2A,206,70,0
17,08_20_22,2,B,1,0,A5,A5,-0.00332,-0.044019645,0.044019645,N_0_30_S_A,CNTRL_0_30_S_A,S_A,CNTRL_0,CNTRL,Control,0,30,S,A,B32G83,2B,B32G83_exp2B,170,102,0
18,08_20_22,2,B,1,1,B5,B5,-0.00068,-0.021545761,0.021545761,N_0_30_S_A,CNTRL_0_30_S_A,S_A,CNTRL_0,CNTRL,Control,0,30,S,A,B32G84,2B,B32G84_exp2B,211,102,0
18,09_01_22,3,A,1,1,B5,B5,-0.00598,-0.087619858,0.087619858,N_0_30_S_A,CNTRL_0_30_S_A,S_A,CNTRL_0,CNTRL,Control,0,30,S,A,B26G48,3A,B26G48_exp3A,229,134,0
17,09_01_22,3,A,1,0,A5,A5,-0.0078,-0.146336596,0.146336596,N_0_30_S_A,CNTRL_0_30_S_A,S_A,CNTRL_0,CNTRL,Control,0,30,S,A,B26G50,3A,B26G50_exp3A,237,134,0
17,09_05_22,3,B,1,0,A5,A5,-0.00787,-0.069302893,0.069302893,N_0_30_S_A,CNTRL_0_30_S_A,S_A,CNTRL_0,CNTRL,Control,0,30,S,A,W2O7,3B,W2O7_exp3B,238,186,0
18,09_05_22,3,B,1,1,B5,B5,-0.00274,-0.03696839,0.03696839,N_0_30_S_A,CNTRL_0_30_S_A,S_A,CNTRL_0,CNTRL,Control,0,30,S,A,W2O8,3B,W2O8_exp3B,244,186,0
18,7_26_22,1,A,1,0,B5,B5,-0.00328,-0.064881032,0.064881032,N_0_30_S_S,CNTRL_0_30_S_S,S_S,CNTRL_0,CNTRL,Control,0,30,S,S,B30G75,1A,B30G75_exp1A,154,5,0
19,7_26_22,1,A,1,1,C5,C5,-0.00492,-0.117202826,0.117202826,N_0_30_S_S,CNTRL_0_30_S_S,S_S,CNTRL_0,CNTRL,Control,0,30,S,S,B30G76,1A,B30G76_exp1A,157,5,0
18,7_26_22,1,B,1,0,B5,B5,-0.00305,-0.071109843,0.071109843,N_0_30_S_S,CNTRL_0_30_S_S,S_S,CNTRL_0,CNTRL,Control,0,30,S,S,B32G87,1B,B32G87_exp1B,164,40,0
19,7_26_22,1,B,1,1,C5,C5,-0.00274,-0.073622419,0.073622419,N_0_30_S_S,CNTRL_0_30_S_S,S_S,CNTRL_0,CNTRL,Control,0,30,S,S,B32G88,1B,B32G88_exp1B,172,40,0
18,08_15_22,2,A,1,0,B5,B5,-0.00713,-0.107485748,0.107485748,N_0_30_S_S,CNTRL_0_30_S_S,S_S,CNTRL_0,CNTRL,Control,0,30,S,S,B26G51,2A,B26G51_exp2A,196,70,0
19,08_15_22,2,A,1,1,C5,C5,-0.00346,-0.147341026,0.147341026,N_0_30_S_S,CNTRL_0_30_S_S,S_S,CNTRL_0,CNTRL,Control,0,30,S,S,B26G52,2A,B26G52_exp2A,208,70,0
18,08_20_22,2,B,1,0,B5,B5,-0.00728,-0.080239079,0.080239079,N_0_30_S_S,CNTRL_0_30_S_S,S_S,CNTRL_0,CNTRL,Control,0,30,S,S,B32G87,2B,B32G87_exp2B,208,102,0
19,08_20_22,2,B,1,1,C5,C5,-0.0041,-0.079826683,0.079826683,N_0_30_S_S,CNTRL_0_30_S_S,S_S,CNTRL_0,CNTRL,Control,0,30,S,S,B32G88,2B,B32G88_exp2B,225,102,0
19,09_01_22,3,A,1,1,C5,C5,-0.00489,-0.105525172,0.105525172,N_0_30_S_S,CNTRL_0_30_S_S,S_S,CNTRL_0,CNTRL,Control,0,30,S,S,B26G51,3A,B26G51_exp3A,239,134,0
18,09_01_22,3,A,1,0,B5,B5,-0.00534,-0.094159604,0.094159604,N_0_30_S_S,CNTRL_0_30_S_S,S_S,CNTRL_0,CNTRL,Control,0,30,S,S,B26G52,3A,B26G52_exp3A,241,134,0
18,09_05_22,3,B,1,0,B5,B5,-0.00351,-0.035901292,0.035901292,N_0_30_S_S,CNTRL_0_30_S_S,S_S,CNTRL_0,CNTRL,Control,0,30,S,S,W2O10,3B,W2O10_exp3B,250,186,0
19,09_05_22,3,B,1,1,C5,C5,-0.00215,-0.07983327,0.07983327,N_0_30_S_S,CNTRL_0_30_S_S,S_S,CNTRL_0,CNTRL,Control,0,30,S,S,W2O11,3B,W2O11_exp3B,252,186,0
6,7_26_22,1,A,2,1,B2,B2,-0.0063,-0.083640201,0.083640201,N_1.5_20_F_A,N_1.5_20_F_A,F_A,N_1.5,N,Nitrate,1.5,20,F,A,G29Y70,1A,G29Y70_exp1A,168,12,0
6,7_26_22,1,A,2,0,B2,B2,-0.00469,-0.058067404,0.058067404,N_1.5_20_F_A,N_1.5_20_F_A,F_A,N_1.5,N,Nitrate,1.5,20,F,A,G29Y71,1A,G29Y71_exp1A,150,12,0
6,7_26_22,1,B,2,0,B2,B2,-0.00747,-0.068920315,0.068920315,N_1.5_20_F_A,N_1.5_20_F_A,F_A,N_1.5,N,Nitrate,1.5,20,F,A,G30Y75,1B,G30Y75_exp1B,163,43,0
6,7_26_22,1,B,2,1,B2,B2,-0.00245,-0.049727235,0.049727235,N_1.5_20_F_A,N_1.5_20_F_A,F_A,N_1.5,N,Nitrate,1.5,20,F,A,G30Y76,1B,G30Y76_exp1B,169,43,0
6,08_15_22,2,A,2,0,B2,B2,-0.0023,-0.027683694,0.027683694,N_1.5_20_F_A,N_1.5_20_F_A,F_A,N_1.5,N,Nitrate,1.5,20,F,A,G23Y1819,2A,G23Y1819_exp2A,199,73,0
7,08_15_22,2,A,2,1,C2,C2,-0.00293,-0.084661216,0.084661216,N_1.5_20_F_A,N_1.5_20_F_A,F_A,N_1.5,N,Nitrate,1.5,20,F,A,G23Y5017,2A,G23Y5017_exp2A,174,73,0
6,08_20_22,2,B,2,0,B2,B2,-0.00513,-0.062114904,0.062114904,N_1.5_20_F_A,N_1.5_20_F_A,F_A,N_1.5,N,Nitrate,1.5,20,F,A,G25Y45,2B,G25Y45_exp2B,157,105,0
7,08_20_22,2,B,2,1,C2,C2,-0.00364,-0.075849499,0.075849499,N_1.5_20_F_A,N_1.5_20_F_A,F_A,N_1.5,N,Nitrate,1.5,20,F,A,G25Y46,2B,G25Y46_exp2B,184,105,0
7,09_01_22,3,A,2,1,C2,C2,-0.00275,-0.074366219,0.074366219,N_1.5_20_F_A,N_1.5_20_F_A,F_A,N_1.5,N,Nitrate,1.5,20,F,A,G23Y1819,3A,G23Y1819_exp3A,223,137,0
6,09_01_22,3,A,2,0,B2,B2,-0.00138,-0.079101101,0.079101101,N_1.5_20_F_A,N_1.5_20_F_A,F_A,N_1.5,N,Nitrate,1.5,20,F,A,G23Y2820,3A,G23Y2820_exp3A,237,137,0
6,09_05_22,3,B,2,0,B2,B2,-0.0057,-0.050214155,0.050214155,N_1.5_20_F_A,N_1.5_20_F_A,F_A,N_1.5,N,Nitrate,1.5,20,F,A,O5G2,3B,O5G2_exp3B,238,175,0
7,09_05_22,3,B,2,1,C2,C2,-0.00482,-0.092744897,0.092744897,N_1.5_20_F_A,N_1.5_20_F_A,F_A,N_1.5,N,Nitrate,1.5,20,F,A,O5G3,3B,O5G3_exp3B,242,175,0
7,7_26_22,1,A,2,0,C2,C2,-0.00448,-0.060048299,0.060048299,N_1.5_20_F_S,N_1.5_20_F_S,F_S,N_1.5,N,Nitrate,1.5,20,F,S,G29Y73,1A,G29Y73_exp1A,147,12,0
7,7_26_22,1,A,2,1,C2,C2,-0.00507,-0.108990843,0.108990843,N_1.5_20_F_S,N_1.5_20_F_S,F_S,N_1.5,N,Nitrate,1.5,20,F,S,G29Y74,1A,G29Y74_exp1A,153,12,0
7,7_26_22,1,B,2,0,C2,C2,-0.00743,-0.065666701,0.065666701,N_1.5_20_F_S,N_1.5_20_F_S,F_S,N_1.5,N,Nitrate,1.5,20,F,S,G30Y78,1B,G30Y78_exp1B,160,43,0
7,7_26_22,1,B,2,1,C2,C2,-0.00527,-0.103453756,0.103453756,N_1.5_20_F_S,N_1.5_20_F_S,F_S,N_1.5,N,Nitrate,1.5,20,F,S,G30Y79,1B,G30Y79_exp1B,171,43,0
7,08_15_22,2,A,2,0,C2,C2,-0.00303,-0.069310918,0.069310918,N_1.5_20_F_S,N_1.5_20_F_S,F_S,N_1.5,N,Nitrate,1.5,20,F,S,G23Y2129,2A,G23Y2129_exp2A,185,73,0
8,08_15_22,2,A,2,1,D2,D2,-0.00378,-0.077192806,0.077192806,N_1.5_20_F_S,N_1.5_20_F_S,F_S,N_1.5,N,Nitrate,1.5,20,F,S,G23Y3130,2A,G23Y3130_exp2A,206,73,0
7,08_20_22,2,B,2,0,C2,C2,-0.00413,-0.050798893,0.050798893,N_1.5_20_F_S,N_1.5_20_F_S,F_S,N_1.5,N,Nitrate,1.5,20,F,S,G25Y47,2B,G25Y47_exp2B,171,105,0
8,08_20_22,2,B,2,1,D2,D2,-0.00367,-0.178145396,0.178145396,N_1.5_20_F_S,N_1.5_20_F_S,F_S,N_1.5,N,Nitrate,1.5,20,F,S,G25Y49,2B,G25Y49_exp2B,223,105,0
8,09_01_22,3,A,2,1,D2,D2,-0.00772,-0.13591809,0.13591809,N_1.5_20_F_S,N_1.5_20_F_S,F_S,N_1.5,N,Nitrate,1.5,20,F,S,G23Y3130,3A,G23Y3130_exp3A,239,137,0
7,09_01_22,3,A,2,0,C2,C2,-0.00419,-0.119272188,0.119272188,N_1.5_20_F_S,N_1.5_20_F_S,F_S,N_1.5,N,Nitrate,1.5,20,F,S,G23Y5017,3A,G23Y5017_exp3A,240,137,0
7,09_05_22,3,B,2,0,C2,C2,-0.00338,-0.062290549,0.062290549,N_1.5_20_F_S,N_1.5_20_F_S,F_S,N_1.5,N,Nitrate,1.5,20,F,S,O5G5,3B,O5G5_exp3B,245,175,0
8,09_05_22,3,B,2,1,D2,D2,-0.00607,-0.042992884,0.042992884,N_1.5_20_F_S,N_1.5_20_F_S,F_S,N_1.5,N,Nitrate,1.5,20,F,S,O5G7,3B,O5G7_exp3B,256,175,0
8,7_26_22,1,A,2,1,D2,D2,-0.00329,-0.105815259,0.105815259,N_1.5_20_S_A,N_1.5_20_S_A,S_A,N_1.5,N,Nitrate,1.5,20,S,A,G31Y80,1A,G31Y80_exp1A,168,13,0
8,7_26_22,1,A,2,0,D2,D2,-0.00222,-0.052184399,0.052184399,N_1.5_20_S_A,N_1.5_20_S_A,S_A,N_1.5,N,Nitrate,1.5,20,S,A,G31Y82,1A,G31Y82_exp1A,150,13,0
8,7_26_22,1,B,2,0,D2,D2,-0.00518,-0.096813203,0.096813203,N_1.5_20_S_A,N_1.5_20_S_A,S_A,N_1.5,N,Nitrate,1.5,20,S,A,G34Y3,1B,G34Y3_exp1B,166,45,0
8,7_26_22,1,B,2,1,D2,D2,-0.00292,-0.083989219,0.083989219,N_1.5_20_S_A,N_1.5_20_S_A,S_A,N_1.5,N,Nitrate,1.5,20,S,A,G34Y5,1B,G34Y5_exp1B,184,45,0
8,08_15_22,2,A,2,0,D2,D2,-0.0041,-0.041151782,0.041151782,N_1.5_20_S_A,N_1.5_20_S_A,S_A,N_1.5,N,Nitrate,1.5,20,S,A,G24Y41,2A,G24Y41_exp2A,203,74,0
9,08_15_22,2,A,2,1,A3,A3,-0.00604,-0.11382807,0.11382807,N_1.5_20_S_A,N_1.5_20_S_A,S_A,N_1.5,N,Nitrate,1.5,20,S,A,G24Y42,2A,G24Y42_exp2A,228,74,0
8,08_20_22,2,B,2,0,D2,D2,-0.00143,-0.045254641,0.045254641,N_1.5_20_S_A,N_1.5_20_S_A,S_A,N_1.5,N,Nitrate,1.5,20,S,A,G27Y55,2B,G27Y55_exp2B,169,107,0
9,08_20_22,2,B,2,1,A3,A3,-0.00225,-0.057497234,0.057497234,N_1.5_20_S_A,N_1.5_20_S_A,S_A,N_1.5,N,Nitrate,1.5,20,S,A,G27Y56,2B,G27Y56_exp2B,206,107,0
9,09_01_22,3,A,2,1,A3,A3,-0.00477,-0.394076958,0.394076958,N_1.5_20_S_A,N_1.5_20_S_A,S_A,N_1.5,N,Nitrate,1.5,20,S,A,G24Y40,3A,G24Y40_exp3A,227,138,0
8,09_01_22,3,A,2,0,D2,D2,-0.00254,-0.102398565,0.102398565,N_1.5_20_S_A,N_1.5_20_S_A,S_A,N_1.5,N,Nitrate,1.5,20,S,A,G24Y41,3A,G24Y41_exp3A,237,138,0
8,09_05_22,3,B,2,0,D2,D2,-0.00555,-0.101802735,0.101802735,N_1.5_20_S_A,N_1.5_20_S_A,S_A,N_1.5,N,Nitrate,1.5,20,S,A,O8G10,3B,O8G10_exp3B,244,176,0
9,09_05_22,3,B,2,1,A3,A3,-0.00286,-0.047774835,0.047774835,N_1.5_20_S_A,N_1.5_20_S_A,S_A,N_1.5,N,Nitrate,1.5,20,S,A,O8G8,3B,O8G8_exp3B,238,176,0
9,7_26_22,1,A,2,0,A3,A3,-0.00266,-0.046274552,0.046274552,N_1.5_20_S_S,N_1.5_20_S_S,S_S,N_1.5,N,Nitrate,1.5,20,S,S,G31Y83,1A,G31Y83_exp1A,150,13,0
9,7_26_22,1,A,2,1,A3,A3,-0.00738,-0.118352282,0.118352282,N_1.5_20_S_S,N_1.5_20_S_S,S_S,N_1.5,N,Nitrate,1.5,20,S,S,G31Y85,1A,G31Y85_exp1A,157,13,0
9,7_26_22,1,B,2,0,A3,A3,-0.00311,-0.080163387,0.080163387,N_1.5_20_S_S,N_1.5_20_S_S,S_S,N_1.5,N,Nitrate,1.5,20,S,S,G34Y10,1B,G34Y10_exp1B,164,45,0
9,7_26_22,1,B,2,1,A3,A3,-0.00507,-0.096420094,0.096420094,N_1.5_20_S_S,N_1.5_20_S_S,S_S,N_1.5,N,Nitrate,1.5,20,S,S,G34Y11,1B,G34Y11_exp1B,172,45,0
9,08_15_22,2,A,2,0,A3,A3,-0.00448,-0.088975806,0.088975806,N_1.5_20_S_S,N_1.5_20_S_S,S_S,N_1.5,N,Nitrate,1.5,20,S,S,G24Y43,2A,G24Y43_exp2A,186,74,0
10,08_15_22,2,A,2,1,B3,B3,-0.00635,-0.148187589,0.148187589,N_1.5_20_S_S,N_1.5_20_S_S,S_S,N_1.5,N,Nitrate,1.5,20,S,S,G24Y44,2A,G24Y44_exp2A,208,74,0
9,08_20_22,2,B,2,0,A3,A3,-0.00485,-0.068009724,0.068009724,N_1.5_20_S_S,N_1.5_20_S_S,S_S,N_1.5,N,Nitrate,1.5,20,S,S,G27Y58,2B,G27Y58_exp2B,208,107,0
10,08_20_22,2,B,2,1,B3,B3,-0.00465,-0.050002608,0.050002608,N_1.5_20_S_S,N_1.5_20_S_S,S_S,N_1.5,N,Nitrate,1.5,20,S,S,G27Y59,2B,G27Y59_exp2B,225,107,0
10,09_01_22,3,A,2,1,B3,B3,-0.00637,-0.110002581,0.110002581,N_1.5_20_S_S,N_1.5_20_S_S,S_S,N_1.5,N,Nitrate,1.5,20,S,S,G24Y43,3A,G24Y43_exp3A,239,138,0
9,09_01_22,3,A,2,0,A3,A3,-0.00401,-0.171212115,0.171212115,N_1.5_20_S_S,N_1.5_20_S_S,S_S,N_1.5,N,Nitrate,1.5,20,S,S,G24Y44,3A,G24Y44_exp3A,230,138,0
9,09_05_22,3,B,2,0,A3,A3,-0.00495,-0.072162873,0.072162873,N_1.5_20_S_S,N_1.5_20_S_S,S_S,N_1.5,N,Nitrate,1.5,20,S,S,O8G11,3B,O8G11_exp3B,249,176,0
10,7_26_22,1,A,2,1,B3,B3,-0.00382,-0.140474805,0.140474805,N_1.5_30_F_A,N_1.5_30_F_A,F_A,N_1.5,N,Nitrate,1.5,30,F,A,G28Y62,1A,G28Y62_exp1A,168,11,0
10,7_26_22,1,A,2,0,B3,B3,-0.00318,-0.076194771,0.076194771,N_1.5_30_F_A,N_1.5_30_F_A,F_A,N_1.5,N,Nitrate,1.5,30,F,A,G28Y63,1A,G28Y63_exp1A,150,11,0
10,7_26_22,1,B,2,0,B3,B3,-0.00348,-0.105224162,0.105224162,N_1.5_30_F_A,N_1.5_30_F_A,F_A,N_1.5,N,Nitrate,1.5,30,F,A,G23Y2820,1B,G23Y2820_exp1B,183,41,0
10,7_26_22,1,B,2,1,B3,B3,-0.00272,-0.04987734,0.04987734,N_1.5_30_F_A,N_1.5_30_F_A,F_A,N_1.5,N,Nitrate,1.5,30,F,A,G23Y5017,1B,G23Y5017_exp1B,165,41,0
10,08_15_22,2,A,2,0,B3,B3,-0.00304,-0.044307673,0.044307673,N_1.5_30_F_A,N_1.5_30_F_A,F_A,N_1.5,N,Nitrate,1.5,30,F,A,G33Y94,2A,G33Y94_exp2A,186,77,0
11,08_15_22,2,A,2,1,C3,C3,-0.00328,-0.232987475,0.232987475,N_1.5_30_F_A,N_1.5_30_F_A,F_A,N_1.5,N,Nitrate,1.5,30,F,A,G33Y97,2A,G33Y97_exp2A,227,77,0
10,08_20_22,2,B,2,0,B3,B3,-0.00154,-0.014759857,0.014759857,N_1.5_30_F_A,N_1.5_30_F_A,F_A,N_1.5,N,Nitrate,1.5,30,F,A,G26Y50,2B,G26Y50_exp2B,167,106,0
11,08_20_22,2,B,2,1,C3,C3,-0.00219,-0.055942573,0.055942573,N_1.5_30_F_A,N_1.5_30_F_A,F_A,N_1.5,N,Nitrate,1.5,30,F,A,G26Y51,2B,G26Y51_exp2B,196,106,0
11,09_01_22,3,A,2,1,C3,C3,-0.00407,-0.060803233,0.060803233,N_1.5_30_F_A,N_1.5_30_F_A,F_A,N_1.5,N,Nitrate,1.5,30,F,A,G33Y1,3A,G33Y1_exp3A,226,141,0
10,09_01_22,3,A,2,0,B3,B3,-0.00212,-0.063278597,0.063278597,N_1.5_30_F_A,N_1.5_30_F_A,F_A,N_1.5,N,Nitrate,1.5,30,F,A,G33Y94,3A,G33Y94_exp3A,237,141,0
10,09_05_22,3,B,2,0,B3,B3,-0.00292,-0.04699213,0.04699213,N_1.5_30_F_A,N_1.5_30_F_A,F_A,N_1.5,N,Nitrate,1.5,30,F,A,W5O29,3B,W5O29_exp3B,238,190,0
11,09_05_22,3,B,2,1,C3,C3,-0.00493,-0.099112804,0.099112804,N_1.5_30_F_A,N_1.5_30_F_A,F_A,N_1.5,N,Nitrate,1.5,30,F,A,W5O30,3B,W5O30_exp3B,242,190,0
11,7_26_22,1,A,2,0,C3,C3,-0.00282,-0.048507601,0.048507601,N_1.5_30_F_S,N_1.5_30_F_S,F_S,N_1.5,N,Nitrate,1.5,30,F,S,G28Y64,1A,G28Y64_exp1A,142,11,0
11,7_26_22,1,B,2,0,C3,C3,-0.00484,-0.090699283,0.090699283,N_1.5_30_F_S,N_1.5_30_F_S,F_S,N_1.5,N,Nitrate,1.5,30,F,S,G23Y2129,1B,G23Y2129_exp1B,161,41,0
11,7_26_22,1,B,2,1,C3,C3,-0.00385,-0.084072563,0.084072563,N_1.5_30_F_S,N_1.5_30_F_S,F_S,N_1.5,N,Nitrate,1.5,30,F,S,G23Y3130,1B,G23Y3130_exp1B,171,41,0
11,08_15_22,2,A,2,0,C3,C3,-0.00144,-0.018841429,0.018841429,N_1.5_30_F_S,N_1.5_30_F_S,F_S,N_1.5,N,Nitrate,1.5,30,F,S,G33Y1,2A,G33Y1_exp2A,206,77,0
12,08_15_22,2,A,2,1,D3,D3,-0.0038,-0.064213626,0.064213626,N_1.5_30_F_S,N_1.5_30_F_S,F_S,N_1.5,N,Nitrate,1.5,30,F,S,G33Y100,2A,G33Y100_exp2A,185,77,0
12,08_20_22,2,B,2,1,D3,D3,-0.00682,-0.076110669,0.076110669,N_1.5_30_F_S,N_1.5_30_F_S,F_S,N_1.5,N,Nitrate,1.5,30,F,S,G26Y52,2B,G26Y52_exp2B,175,106,0
11,08_20_22,2,B,2,0,C3,C3,-0.00222,-0.073191137,0.073191137,N_1.5_30_F_S,N_1.5_30_F_S,F_S,N_1.5,N,Nitrate,1.5,30,F,S,G26Y54,2B,G26Y54_exp2B,223,106,0
12,09_01_22,3,A,2,1,D3,D3,-0.00572,-0.069497877,0.069497877,N_1.5_30_F_S,N_1.5_30_F_S,F_S,N_1.5,N,Nitrate,1.5,30,F,S,G33Y100,3A,G33Y100_exp3A,240,141,0
11,09_01_22,3,A,2,0,C3,C3,-0.00521,-0.085099629,0.085099629,N_1.5_30_F_S,N_1.5_30_F_S,F_S,N_1.5,N,Nitrate,1.5,30,F,S,G33Y97,3A,G33Y97_exp3A,239,141,0
11,09_05_22,3,B,2,0,C3,C3,-0.00575,-0.088555597,0.088555597,N_1.5_30_F_S,N_1.5_30_F_S,F_S,N_1.5,N,Nitrate,1.5,30,F,S,W5O27,3B,W5O27_exp3B,246,190,0
12,09_05_22,3,B,2,1,D3,D3,-0.00266,-0.053923926,0.053923926,N_1.5_30_F_S,N_1.5_30_F_S,F_S,N_1.5,N,Nitrate,1.5,30,F,S,W5O28,3B,W5O28_exp3B,256,190,0
12,7_26_22,1,A,2,0,D3,D3,-0.00185,-0.034165025,0.034165025,N_1.5_30_S_A,N_1.5_30_S_A,S_A,N_1.5,N,Nitrate,1.5,30,S,A,G25Y45,1A,G25Y45_exp1A,162,9,0
12,7_26_22,1,A,2,1,D3,D3,-0.00276,-0.072751498,0.072751498,N_1.5_30_S_A,N_1.5_30_S_A,S_A,N_1.5,N,Nitrate,1.5,30,S,A,G25Y46,1A,G25Y46_exp1A,151,9,0
12,7_26_22,1,B,2,0,D3,D3,-0.00344,-0.109724891,0.109724891,N_1.5_30_S_A,N_1.5_30_S_A,S_A,N_1.5,N,Nitrate,1.5,30,S,A,G24Y40,1B,G24Y40_exp1B,166,42,0
12,7_26_22,1,B,2,1,D3,D3,-0.00251,-0.123071238,0.123071238,N_1.5_30_S_A,N_1.5_30_S_A,S_A,N_1.5,N,Nitrate,1.5,30,S,A,G24Y42,1B,G24Y42_exp1B,184,42,0
12,08_15_22,2,A,2,0,D3,D3,-0.00214,-0.059504617,0.059504617,N_1.5_30_S_A,N_1.5_30_S_A,S_A,N_1.5,N,Nitrate,1.5,30,S,A,G34Y3,2A,G34Y3_exp2A,193,78,0
13,08_15_22,2,A,2,1,A4,A4,-0.0055,-0.126035207,0.126035207,N_1.5_30_S_A,N_1.5_30_S_A,S_A,N_1.5,N,Nitrate,1.5,30,S,A,G34Y4,2A,G34Y4_exp2A,207,78,0
12,08_20_22,2,B,2,0,D3,D3,-0.00391,-0.044456675,0.044456675,N_1.5_30_S_A,N_1.5_30_S_A,S_A,N_1.5,N,Nitrate,1.5,30,S,A,G28Y62,2B,G28Y62_exp2B,170,108,0
13,08_20_22,2,B,2,1,A4,A4,-0.00272,-0.064711383,0.064711383,N_1.5_30_S_A,N_1.5_30_S_A,S_A,N_1.5,N,Nitrate,1.5,30,S,A,G28Y63,2B,G28Y63_exp2B,212,108,0
13,09_01_22,3,A,2,1,A4,A4,-0.006,-0.101599587,0.101599587,N_1.5_30_S_A,N_1.5_30_S_A,S_A,N_1.5,N,Nitrate,1.5,30,S,A,G34Y4,3A,G34Y4_exp3A,237,142,0
12,09_01_22,3,A,2,0,D3,D3,-0.00196,-0.058971408,0.058971408,N_1.5_30_S_A,N_1.5_30_S_A,S_A,N_1.5,N,Nitrate,1.5,30,S,A,G34Y5,3A,G34Y5_exp3A,237,142,0
13,09_05_22,3,B,2,1,A4,A4,-0.00446,-0.069346188,0.069346188,N_1.5_30_S_A,N_1.5_30_S_A,S_A,N_1.5,N,Nitrate,1.5,30,S,A,W7O32,3B,W7O32_exp3B,244,191,0
13,7_26_22,1,A,2,0,A4,A4,-0.00341,-0.045884647,0.045884647,N_1.5_30_S_S,N_1.5_30_S_S,S_S,N_1.5,N,Nitrate,1.5,30,S,S,G25Y47,1A,G25Y47_exp1A,152,9,0
13,7_26_22,1,A,2,1,A4,A4,-0.00327,-0.077264588,0.077264588,N_1.5_30_S_S,N_1.5_30_S_S,S_S,N_1.5,N,Nitrate,1.5,30,S,S,G25Y48,1A,G25Y48_exp1A,155,9,0
13,7_26_22,1,B,2,0,A4,A4,-0.00358,-0.088011716,0.088011716,N_1.5_30_S_S,N_1.5_30_S_S,S_S,N_1.5,N,Nitrate,1.5,30,S,S,G24Y43,1B,G24Y43_exp1B,165,42,0
13,08_15_22,2,A,2,0,A4,A4,-0.00206,-0.039887618,0.039887618,N_1.5_30_S_S,N_1.5_30_S_S,S_S,N_1.5,N,Nitrate,1.5,30,S,S,G34Y10,2A,G34Y10_exp2A,198,78,0
14,08_15_22,2,A,2,1,B4,B4,-0.00482,-0.109437249,0.109437249,N_1.5_30_S_S,N_1.5_30_S_S,S_S,N_1.5,N,Nitrate,1.5,30,S,S,G34Y11,2A,G34Y11_exp2A,211,78,0
13,08_20_22,2,B,2,0,A4,A4,-0.00289,-0.052383209,0.052383209,N_1.5_30_S_S,N_1.5_30_S_S,S_S,N_1.5,N,Nitrate,1.5,30,S,S,G28Y64,2B,G28Y64_exp2B,188,108,0
14,08_20_22,2,B,2,1,B4,B4,-0.0041,-0.073588375,0.073588375,N_1.5_30_S_S,N_1.5_30_S_S,S_S,N_1.5,N,Nitrate,1.5,30,S,S,G28Y67,2B,G28Y67_exp2B,225,108,0
13,09_01_22,3,A,2,0,A4,A4,-0.00452,-0.095941011,0.095941011,N_1.5_30_S_S,N_1.5_30_S_S,S_S,N_1.5,N,Nitrate,1.5,30,S,S,G34Y10,3A,G34Y10_exp3A,239,142,0
14,09_01_22,3,A,2,1,B4,B4,-0.00283,-0.040705417,0.040705417,N_1.5_30_S_S,N_1.5_30_S_S,S_S,N_1.5,N,Nitrate,1.5,30,S,S,G34Y11,3A,G34Y11_exp3A,241,142,0
13,09_05_22,3,B,2,0,A4,A4,-0.00196,-0.051208852,0.051208852,N_1.5_30_S_S,N_1.5_30_S_S,S_S,N_1.5,N,Nitrate,1.5,30,S,S,W7O34,3B,W7O34_exp3B,252,191,0
14,09_05_22,3,B,2,1,B4,B4,-0.00496,-0.059992101,0.059992101,N_1.5_30_S_S,N_1.5_30_S_S,S_S,N_1.5,N,Nitrate,1.5,30,S,S,W7O35,3B,W7O35_exp3B,243,191,0
17,7_26_22,1,A,3,0,A5,A5,-0.00265,-0.069492138,0.069492138,N_18_20_F_A,N_18_20_F_A,F_A,N_18,N,Nitrate,18,20,F,A,R3W10,1A,R3W10_exp1A,150,19,0
17,7_26_22,1,A,3,1,A5,A5,-0.00378,-0.111574921,0.111574921,N_18_20_F_A,N_18_20_F_A,F_A,N_18,N,Nitrate,18,20,F,A,R3W8,1A,R3W8_exp1A,168,19,0
17,7_26_22,1,B,3,0,A5,A5,-0.00568,-0.054043364,0.054043364,N_18_20_F_A,N_18_20_F_A,F_A,N_18,N,Nitrate,18,20,F,A,R10W45,1B,R10W45_exp1B,163,49,0
17,7_26_22,1,B,3,1,A5,A5,-0.00288,-0.753244282,0.753244282,N_18_20_F_A,N_18_20_F_A,F_A,N_18,N,Nitrate,18,20,F,A,R10W46,1B,R10W46_exp1B,169,49,0
17,08_15_22,2,A,3,0,A5,A5,-0.00261,-0.141121207,0.141121207,N_18_20_F_A,N_18_20_F_A,F_A,N_18,N,Nitrate,18,20,F,A,R1W3,2A,R1W3_exp2A,174,81,0
17,08_20_22,2,B,3,0,A5,A5,-0.00422,-0.080700117,0.080700117,N_18_20_F_A,N_18_20_F_A,F_A,N_18,N,Nitrate,18,20,F,A,R3W10,2B,R3W10_exp2B,194,115,0
17,08_20_22,2,B,3,1,A5,A5,-0.00971,-0.15671939,0.15671939,N_18_20_F_A,N_18_20_F_A,F_A,N_18,N,Nitrate,18,20,F,A,R3W8,2B,R3W8_exp2B,159,115,0
18,7_26_22,1,A,3,0,B5,B5,-0.00661,-0.095961684,0.095961684,N_18_20_F_S,N_18_20_F_S,F_S,N_18,N,Nitrate,18,20,F,S,R3W12,1A,R3W12_exp1A,147,19,0
18,7_26_22,1,A,3,1,B5,B5,-0.00492,-0.118008154,0.118008154,N_18_20_F_S,N_18_20_F_S,F_S,N_18,N,Nitrate,18,20,F,S,R3W13,1A,R3W13_exp1A,153,19,0
18,7_26_22,1,B,3,0,B5,B5,-0.00462,-0.103298259,0.103298259,N_18_20_F_S,N_18_20_F_S,F_S,N_18,N,Nitrate,18,20,F,S,R10W48,1B,R10W48_exp1B,161,49,0
18,7_26_22,1,B,3,1,B5,B5,-0.00652,-0.160237614,0.160237614,N_18_20_F_S,N_18_20_F_S,F_S,N_18,N,Nitrate,18,20,F,S,R10W49,1B,R10W49_exp1B,171,49,0
18,08_15_22,2,A,3,0,B5,B5,-0.00321,-0.12562473,0.12562473,N_18_20_F_S,N_18_20_F_S,F_S,N_18,N,Nitrate,18,20,F,S,R1W2,2A,R1W2_exp2A,206,81,0
18,08_15_22,2,A,3,1,B5,B5,-0.00384,-0.088364597,0.088364597,N_18_20_F_S,N_18_20_F_S,F_S,N_18,N,Nitrate,18,20,F,S,R1W7,2A,R1W7_exp2A,185,81,0
18,08_20_22,2,B,3,0,B5,B5,-0.00533,-0.120767422,0.120767422,N_18_20_F_S,N_18_20_F_S,F_S,N_18,N,Nitrate,18,20,F,S,R3W12,2B,R3W12_exp2B,205,115,0
18,08_20_22,2,B,3,1,B5,B5,-0.0046,-0.143934107,0.143934107,N_18_20_F_S,N_18_20_F_S,F_S,N_18,N,Nitrate,18,20,F,S,R3W13,2B,R3W13_exp2B,223,115,0
19,7_26_22,1,A,3,0,C5,C5,-0.00419,-0.163237547,0.163237547,N_18_20_S_A,N_18_20_S_A,S_A,N_18,N,Nitrate,18,20,S,A,R5W21,1A,R5W21_exp1A,162,21,0
19,7_26_22,1,A,3,1,C5,C5,-0.00533,-0.075586117,0.075586117,N_18_20_S_A,N_18_20_S_A,S_A,N_18,N,Nitrate,18,20,S,A,R5W22,1A,R5W22_exp1A,151,21,0
19,7_26_22,1,B,3,0,C5,C5,-0.00233,-0.054008466,0.054008466,N_18_20_S_A,N_18_20_S_A,S_A,N_18,N,Nitrate,18,20,S,A,R11W51,1B,R11W51_exp1B,171,50,0
19,7_26_22,1,B,3,1,C5,C5,-0.00439,-0.121060981,0.121060981,N_18_20_S_A,N_18_20_S_A,S_A,N_18,N,Nitrate,18,20,S,A,R11W52,1B,R11W52_exp1B,184,50,0
19,08_15_22,2,A,3,0,C5,C5,-0.00224,-0.077610932,0.077610932,N_18_20_S_A,N_18_20_S_A,S_A,N_18,N,Nitrate,18,20,S,A,R10W45,2A,R10W45_exp2A,192,82,0
19,08_15_22,2,A,3,1,C5,C5,-0.0036,-0.109767767,0.109767767,N_18_20_S_A,N_18_20_S_A,S_A,N_18,N,Nitrate,18,20,S,A,R10W47,2A,R10W47_exp2A,228,82,0
19,08_20_22,2,B,3,0,C5,C5,-0.00411,-0.079900531,0.079900531,N_18_20_S_A,N_18_20_S_A,S_A,N_18,N,Nitrate,18,20,S,A,R4W14,2B,R4W14_exp2B,170,116,0
19,08_20_22,2,B,3,1,C5,C5,-0.00752,-0.098503725,0.098503725,N_18_20_S_A,N_18_20_S_A,S_A,N_18,N,Nitrate,18,20,S,A,R4W15,2B,R4W15_exp2B,210,116,0
20,7_26_22,1,A,3,0,D5,D5,-0.00531,-0.110401615,0.110401615,N_18_20_S_S,N_18_20_S_S,S_S,N_18,N,Nitrate,18,20,S,S,R5W26,1A,R5W26_exp1A,154,21,0
20,7_26_22,1,A,3,1,D5,D5,-0.0065,-0.146789783,0.146789783,N_18_20_S_S,N_18_20_S_S,S_S,N_18,N,Nitrate,18,20,S,S,R5W27,1A,R5W27_exp1A,157,21,0
20,7_26_22,1,B,3,0,D5,D5,-0.00468,-0.241147624,0.241147624,N_18_20_S_S,N_18_20_S_S,S_S,N_18,N,Nitrate,18,20,S,S,R11W53,1B,R11W53_exp1B,164,50,0
20,7_26_22,1,B,3,1,D5,D5,-0.00564,-0.187674348,0.187674348,N_18_20_S_S,N_18_20_S_S,S_S,N_18,N,Nitrate,18,20,S,S,R11W54,1B,R11W54_exp1B,172,50,0
20,08_15_22,2,A,3,0,D5,D5,-0.00295,-0.095784986,0.095784986,N_18_20_S_S,N_18_20_S_S,S_S,N_18,N,Nitrate,18,20,S,S,R10W48,2A,R10W48_exp2A,193,82,0
20,08_15_22,2,A,3,1,D5,D5,-0.00205,-0.13233884,0.13233884,N_18_20_S_S,N_18_20_S_S,S_S,N_18,N,Nitrate,18,20,S,S,R10W49,2A,R10W49_exp2A,208,82,0
20,08_20_22,2,B,3,0,D5,D5,-0.00626,-0.103440903,0.103440903,N_18_20_S_S,N_18_20_S_S,S_S,N_18,N,Nitrate,18,20,S,S,R4W17,2B,R4W17_exp2B,188,116,0
20,08_20_22,2,B,3,1,D5,D5,-0.00797,-0.094002391,0.094002391,N_18_20_S_S,N_18_20_S_S,S_S,N_18,N,Nitrate,18,20,S,S,R4W34,2B,R4W34_exp2B,225,116,0
21,7_26_22,1,A,3,1,A6,A6,-0.00411,-0.101985363,0.101985363,N_18_30_F_A,N_18_30_F_A,F_A,N_18,N,Nitrate,18,30,F,A,R4W14,1A,R4W14_exp1A,168,20,0
21,7_26_22,1,A,3,0,A6,A6,-0.00183,-0.035350644,0.035350644,N_18_30_F_A,N_18_30_F_A,F_A,N_18,N,Nitrate,18,30,F,A,R4W15,1A,R4W15_exp1A,150,20,0
21,7_26_22,1,B,3,0,A6,A6,-0.00414,-0.126930459,0.126930459,N_18_30_F_A,N_18_30_F_A,F_A,N_18,N,Nitrate,18,30,F,A,R21W94,1B,R21W94_exp1B,166,55,0
21,7_26_22,1,B,3,1,A6,A6,-0.0043,-0.090555026,0.090555026,N_18_30_F_A,N_18_30_F_A,F_A,N_18,N,Nitrate,18,30,F,A,R21W97,1B,R21W97_exp1B,184,55,0
21,08_15_22,2,A,3,0,A6,A6,-0.00214,-0.128280083,0.128280083,N_18_30_F_A,N_18_30_F_A,F_A,N_18,N,Nitrate,18,30,F,A,R14W71,2A,R14W71_exp2A,202,85,0
21,08_15_22,2,A,3,1,A6,A6,-0.00454,-0.115291612,0.115291612,N_18_30_F_A,N_18_30_F_A,F_A,N_18,N,Nitrate,18,30,F,A,R14W72,2A,R14W72_exp2A,228,85,0
21,08_20_22,2,B,3,1,A6,A6,-0.0075,-0.135337255,0.135337255,N_18_30_F_A,N_18_30_F_A,F_A,N_18,N,Nitrate,18,30,F,A,R7W36,2B,R7W36_exp2B,201,119,0
21,09_01_22,3,A,3,0,A6,A6,-0.00326,-0.136482505,0.136482505,N_18_30_F_A,N_18_30_F_A,F_A,N_18,N,Nitrate,18,30,F,A,R14W70,3A,R14W70_exp3A,227,149,0
21,09_01_22,3,A,3,1,A6,A6,-0.00502,-0.140929432,0.140929432,N_18_30_F_A,N_18_30_F_A,F_A,N_18,N,Nitrate,18,30,F,A,R14W71,3A,R14W71_exp3A,237,149,0
21,09_05_22,3,B,3,0,A6,A6,-0.00938,-0.102711662,0.102711662,N_18_30_F_A,N_18_30_F_A,F_A,N_18,N,Nitrate,18,30,F,A,W15O67,3B,W15O67_exp3B,238,183,0
21,09_05_22,3,B,3,1,A6,A6,-0.00694,-0.109148269,0.109148269,N_18_30_F_A,N_18_30_F_A,F_A,N_18,N,Nitrate,18,30,F,A,W15O69,3B,W15O69_exp3B,242,183,0
22,7_26_22,1,A,3,0,B6,B6,-0.00539,-0.074607186,0.074607186,N_18_30_F_S,N_18_30_F_S,F_S,N_18,N,Nitrate,18,30,F,S,R4W17,1A,R4W17_exp1A,142,20,0
22,7_26_22,1,A,3,1,B6,B6,-0.00551,-0.067149643,0.067149643,N_18_30_F_S,N_18_30_F_S,F_S,N_18,N,Nitrate,18,30,F,S,R4W34,1A,R4W34_exp1A,153,20,0
22,7_26_22,1,B,3,0,B6,B6,-0.00329,-0.047322927,0.047322927,N_18_30_F_S,N_18_30_F_S,F_S,N_18,N,Nitrate,18,30,F,S,R21W100,1B,R21W100_exp1B,163,55,0
22,7_26_22,1,B,3,1,B6,B6,-0.00452,-0.100003909,0.100003909,N_18_30_F_S,N_18_30_F_S,F_S,N_18,N,Nitrate,18,30,F,S,R21W55,1B,R21W55_exp1B,171,55,0
22,08_15_22,2,A,3,0,B6,B6,-0.00155,-0.057006346,0.057006346,N_18_30_F_S,N_18_30_F_S,F_S,N_18,N,Nitrate,18,30,F,S,R14W73,2A,R14W73_exp2A,193,85,0
22,08_15_22,2,A,3,1,B6,B6,-0.00291,-0.072482852,0.072482852,N_18_30_F_S,N_18_30_F_S,F_S,N_18,N,Nitrate,18,30,F,S,R14W74,2A,R14W74_exp2A,207,85,0
22,08_20_22,2,B,3,0,B6,B6,-0.00662,-0.14051421,0.14051421,N_18_30_F_S,N_18_30_F_S,F_S,N_18,N,Nitrate,18,30,F,S,R7W37,2B,R7W37_exp2B,175,119,0
22,08_20_22,2,B,3,1,B6,B6,-0.00493,-0.102074821,0.102074821,N_18_30_F_S,N_18_30_F_S,F_S,N_18,N,Nitrate,18,30,F,S,R7W38,2B,R7W38_exp2B,207,119,0
22,09_01_22,3,A,3,0,B6,B6,-0.00229,-0.052111178,0.052111178,N_18_30_F_S,N_18_30_F_S,F_S,N_18,N,Nitrate,18,30,F,S,R14W73,3A,R14W73_exp3A,239,149,0
22,09_01_22,3,A,3,1,B6,B6,-0.00545,-0.125450958,0.125450958,N_18_30_F_S,N_18_30_F_S,F_S,N_18,N,Nitrate,18,30,F,S,R14W74,3A,R14W74_exp3A,240,149,0
22,09_05_22,3,B,3,1,B6,B6,-0.00587,-0.074061129,0.074061129,N_18_30_F_S,N_18_30_F_S,F_S,N_18,N,Nitrate,18,30,F,S,W15O71,3B,W15O71_exp3B,246,183,0
23,7_26_22,1,A,3,1,C6,C6,-0.00566,-0.087885845,0.087885845,N_18_30_S_A,N_18_30_S_A,S_A,N_18,N,Nitrate,18,30,S,A,R6W28,1A,R6W28_exp1A,163,22,0
23,7_26_22,1,A,3,0,C6,C6,-0.00434,-0.131075436,0.131075436,N_18_30_S_A,N_18_30_S_A,S_A,N_18,N,Nitrate,18,30,S,A,R6W29,1A,R6W29_exp1A,151,22,0
23,7_26_22,1,B,3,1,C6,C6,-0.00306,-0.107721772,0.107721772,N_18_30_S_A,N_18_30_S_A,S_A,N_18,N,Nitrate,18,30,S,A,R17W83,1B,R17W83_exp1B,184,54,0
23,08_15_22,2,A,3,0,C6,C6,-0.00328,-0.054394773,0.054394773,N_18_30_S_A,N_18_30_S_A,S_A,N_18,N,Nitrate,18,30,S,A,R15W75,2A,R15W75_exp2A,194,86,0
23,08_15_22,2,A,3,1,C6,C6,-0.00374,-0.573280227,0.573280227,N_18_30_S_A,N_18_30_S_A,S_A,N_18,N,Nitrate,18,30,S,A,R15W77,2A,R15W77_exp2A,231,86,0
23,08_20_22,2,B,3,0,C6,C6,-0.00519,-0.076772153,0.076772153,N_18_30_S_A,N_18_30_S_A,S_A,N_18,N,Nitrate,18,30,S,A,R8W40,2B,R8W40_exp2B,170,120,0
23,08_20_22,2,B,3,1,C6,C6,-0.00515,-0.127921561,0.127921561,N_18_30_S_A,N_18_30_S_A,S_A,N_18,N,Nitrate,18,30,S,A,R8W41,2B,R8W41_exp2B,212,120,0
23,09_01_22,3,A,3,0,C6,C6,-0.00268,-0.0748534,0.0748534,N_18_30_S_A,N_18_30_S_A,S_A,N_18,N,Nitrate,18,30,S,A,R15W76,3A,R15W76_exp3A,237,150,0
23,09_01_22,3,A,3,1,C6,C6,-0.00294,-0.095366977,0.095366977,N_18_30_S_A,N_18_30_S_A,S_A,N_18,N,Nitrate,18,30,S,A,R15W77,3A,R15W77_exp3A,237,150,0
23,09_05_22,3,B,3,0,C6,C6,-0.00668,-0.047758858,0.047758858,N_18_30_S_A,N_18_30_S_A,S_A,N_18,N,Nitrate,18,30,S,A,W16O73,3B,W16O73_exp3B,241,184,0
23,09_05_22,3,B,3,1,C6,C6,-0.00886,-0.093659017,0.093659017,N_18_30_S_A,N_18_30_S_A,S_A,N_18,N,Nitrate,18,30,S,A,W16O74,3B,W16O74_exp3B,244,184,0
24,7_26_22,1,A,3,0,D6,D6,-0.00423,-0.091924684,0.091924684,N_18_30_S_S,N_18_30_S_S,S_S,N_18,N,Nitrate,18,30,S,S,R6W30,1A,R6W30_exp1A,152,22,0
24,7_26_22,1,A,3,1,D6,D6,-0.00451,-0.093374609,0.093374609,N_18_30_S_S,N_18_30_S_S,S_S,N_18,N,Nitrate,18,30,S,S,R6W31,1A,R6W31_exp1A,155,22,0
24,7_26_22,1,B,3,0,D6,D6,NA,-0.08473897,0.08473897,N_18_30_S_S,N_18_30_S_S,S_S,N_18,N,Nitrate,18,30,S,S,R17W84,1B,R17W84_exp1B,166,54,0
24,7_26_22,1,B,3,1,D6,D6,-0.00277,-0.074098739,0.074098739,N_18_30_S_S,N_18_30_S_S,S_S,N_18,N,Nitrate,18,30,S,S,R17W85,1B,R17W85_exp1B,173,54,0
24,08_15_22,2,A,3,0,D6,D6,-0.00191,-0.05687305,0.05687305,N_18_30_S_S,N_18_30_S_S,S_S,N_18,N,Nitrate,18,30,S,S,R15W78,2A,R15W78_exp2A,193,86,0
24,08_15_22,2,A,3,1,D6,D6,-0.00338,-0.089381283,0.089381283,N_18_30_S_S,N_18_30_S_S,S_S,N_18,N,Nitrate,18,30,S,S,R15W79,2A,R15W79_exp2A,218,86,0
24,08_20_22,2,B,3,0,D6,D6,-0.0097,-0.141342801,0.141342801,N_18_30_S_S,N_18_30_S_S,S_S,N_18,N,Nitrate,18,30,S,S,R8W43,2B,R8W43_exp2B,209,120,0
24,08_20_22,2,B,3,1,D6,D6,-0.00322,-0.084310664,0.084310664,N_18_30_S_S,N_18_30_S_S,S_S,N_18,N,Nitrate,18,30,S,S,R8W44,2B,R8W44_exp2B,226,120,0
24,09_01_22,3,A,3,0,D6,D6,-0.00574,-0.092416536,0.092416536,N_18_30_S_S,N_18_30_S_S,S_S,N_18,N,Nitrate,18,30,S,S,R15W78,3A,R15W78_exp3A,239,150,0
24,09_01_22,3,A,3,1,D6,D6,-0.00414,-0.090770246,0.090770246,N_18_30_S_S,N_18_30_S_S,S_S,N_18,N,Nitrate,18,30,S,S,R15W79,3A,R15W79_exp3A,241,150,0
24,09_05_22,3,B,3,0,D6,D6,NA,-0.070736872,0.070736872,N_18_30_S_S,N_18_30_S_S,S_S,N_18,N,Nitrate,18,30,S,S,W16O75,3B,W16O75_exp3B,247,184,0
24,09_05_22,3,B,3,1,D6,D6,NA,-0.05378537,0.05378537,N_18_30_S_S,N_18_30_S_S,S_S,N_18,N,Nitrate,18,30,S,S,W16O77,3B,W16O77_exp3B,243,184,0
22,7_26_22,1,A,2,1,B6,B6,-0.00522,-0.224418394,0.224418394,N_5_20_F_A,N_5_20_F_A,F_A,N_5,N,Nitrate,5,20,F,A,Y1B5,1A,Y1B5_exp1A,168,25,0
22,7_26_22,1,A,2,0,B6,B6,-0.00573,-0.098241768,0.098241768,N_5_20_F_A,N_5_20_F_A,F_A,N_5,N,Nitrate,5,20,F,A,Y1B8,1A,Y1B8_exp1A,150,25,0
22,7_26_22,1,B,2,0,B6,B6,-0.00524,-0.155505099,0.155505099,N_5_20_F_A,N_5_20_F_A,F_A,N_5,N,Nitrate,5,20,F,A,Y5B35,1B,Y5B35_exp1B,160,62,0
22,7_26_22,1,B,2,1,B6,B6,-0.00243,-0.115825285,0.115825285,N_5_20_F_A,N_5_20_F_A,F_A,N_5,N,Nitrate,5,20,F,A,Y5B36,1B,Y5B36_exp1B,169,62,0
22,08_15_22,2,A,2,0,B6,B6,-0.00193,-0.041745521,0.041745521,N_5_20_F_A,N_5_20_F_A,F_A,N_5,N,Nitrate,5,20,F,A,Y3B26,2A,Y3B26_exp2A,199,93,0
23,08_15_22,2,A,2,1,C6,C6,-0.00416,-0.10596826,0.10596826,N_5_20_F_A,N_5_20_F_A,F_A,N_5,N,Nitrate,5,20,F,A,Y3B27,2A,Y3B27_exp2A,226,93,0
22,08_20_22,2,B,2,0,B6,B6,-0.00349,-0.069820017,0.069820017,N_5_20_F_A,N_5_20_F_A,F_A,N_5,N,Nitrate,5,20,F,A,Y1B5,2B,Y1B5_exp2B,159,121,0
23,08_20_22,2,B,2,1,C6,C6,-0.00154,-0.095944451,0.095944451,N_5_20_F_A,N_5_20_F_A,F_A,N_5,N,Nitrate,5,20,F,A,Y1B8,2B,Y1B8_exp2B,192,121,0
22,09_05_22,3,B,2,0,B6,B6,-0.00373,-0.138482351,0.138482351,N_5_20_F_A,N_5_20_F_A,F_A,N_5,N,Nitrate,5,20,F,A,O12Y1,3B,O12Y1_exp3B,238,164,0
23,09_05_22,3,B,2,1,C6,C6,-0.00434,-0.181786654,0.181786654,N_5_20_F_A,N_5_20_F_A,F_A,N_5,N,Nitrate,5,20,F,A,O12Y2,3B,O12Y2_exp3B,242,164,0
23,7_26_22,1,A,2,0,C6,C6,-0.00462,-0.06590733,0.06590733,N_5_20_F_S,N_5_20_F_S,F_S,N_5,N,Nitrate,5,20,F,S,Y1B10,1A,Y1B10_exp1A,142,25,0
23,7_26_22,1,A,2,1,C6,C6,-0.00391,-0.113456239,0.113456239,N_5_20_F_S,N_5_20_F_S,F_S,N_5,N,Nitrate,5,20,F,S,Y1B12,1A,Y1B12_exp1A,153,25,0
23,7_26_22,1,B,2,0,C6,C6,-0.00654,-0.116540883,0.116540883,N_5_20_F_S,N_5_20_F_S,F_S,N_5,N,Nitrate,5,20,F,S,Y5B38,1B,Y5B38_exp1B,161,62,0
23,7_26_22,1,B,2,1,C6,C6,-0.00484,-0.106636622,0.106636622,N_5_20_F_S,N_5_20_F_S,F_S,N_5,N,Nitrate,5,20,F,S,Y5B39,1B,Y5B39_exp1B,171,62,0
23,08_15_22,2,A,2,0,C6,C6,-0.00213,-0.067014246,0.067014246,N_5_20_F_S,N_5_20_F_S,F_S,N_5,N,Nitrate,5,20,F,S,Y3B28,2A,Y3B28_exp2A,185,93,0
24,08_15_22,2,A,2,1,D6,D6,-0.00519,-0.117590743,0.117590743,N_5_20_F_S,N_5_20_F_S,F_S,N_5,N,Nitrate,5,20,F,S,Y3B29,2A,Y3B29_exp2A,206,93,0
23,08_20_22,2,B,2,0,C6,C6,-0.00439,-0.080904839,0.080904839,N_5_20_F_S,N_5_20_F_S,F_S,N_5,N,Nitrate,5,20,F,S,Y1B10,2B,Y1B10_exp2B,171,121,0
24,08_20_22,2,B,2,1,D6,D6,-0.00248,-0.062798534,0.062798534,N_5_20_F_S,N_5_20_F_S,F_S,N_5,N,Nitrate,5,20,F,S,Y1B12,2B,Y1B12_exp2B,223,121,0
23,09_05_22,3,B,2,0,C6,C6,-0.0023,-0.107037611,0.107037611,N_5_20_F_S,N_5_20_F_S,F_S,N_5,N,Nitrate,5,20,F,S,O12Y4,3B,O12Y4_exp3B,246,164,0
24,09_05_22,3,B,2,1,D6,D6,NA,-0.17505085,0.17505085,N_5_20_F_S,N_5_20_F_S,F_S,N_5,N,Nitrate,5,20,F,S,O12Y5,3B,O12Y5_exp3B,256,164,0
24,7_26_22,1,A,2,1,D6,D6,NA,-0.060657881,0.060657881,N_5_20_S_A,N_5_20_S_A,S_A,N_5,N,Nitrate,5,20,S,A,Y10B50,1A,Y10B50_exp1A,168,26,0
24,7_26_22,1,A,2,0,D6,D6,-0.00585,-0.089304534,0.089304534,N_5_20_S_A,N_5_20_S_A,S_A,N_5,N,Nitrate,5,20,S,A,Y10B51,1A,Y10B51_exp1A,150,26,0
24,7_26_22,1,B,2,0,D6,D6,-0.00815,-0.121617168,0.121617168,N_5_20_S_A,N_5_20_S_A,S_A,N_5,N,Nitrate,5,20,S,A,Y13B70,1B,Y13B70_exp1B,166,57,0
24,7_26_22,1,B,2,1,D6,D6,-0.00572,-0.063307991,0.063307991,N_5_20_S_A,N_5_20_S_A,S_A,N_5,N,Nitrate,5,20,S,A,Y13B72,1B,Y13B72_exp1B,184,57,0
24,08_15_22,2,A,2,0,D6,D6,-0.0031,-0.078198138,0.078198138,N_5_20_S_A,N_5_20_S_A,S_A,N_5,N,Nitrate,5,20,S,A,Y4B30,2A,Y4B30_exp2A,187,94,0
3,08_15_22,2,A,3,1,C1,C1,-0.00308,-0.068218935,0.068218935,N_5_20_S_A,N_5_20_S_A,S_A,N_5,N,Nitrate,5,20,S,A,Y4B31,2A,Y4B31_exp2A,204,94,0
24,08_20_22,2,B,2,0,D6,D6,-0.00245,-0.073542425,0.073542425,N_5_20_S_A,N_5_20_S_A,S_A,N_5,N,Nitrate,5,20,S,A,Y5B35,2B,Y5B35_exp2B,169,128,0
3,08_20_22,2,B,3,1,C1,C1,-0.00664,-0.187278812,0.187278812,N_5_20_S_A,N_5_20_S_A,S_A,N_5,N,Nitrate,5,20,S,A,Y5B36,2B,Y5B36_exp2B,209,128,0
24,09_05_22,3,B,2,0,D6,D6,-0.00635,-0.19352848,0.19352848,N_5_20_S_A,N_5_20_S_A,S_A,N_5,N,Nitrate,5,20,S,A,O13Y7,3B,O13Y7_exp3B,238,165,0
3,09_05_22,3,B,3,1,C1,C1,-0.0064,-0.185821765,0.185821765,N_5_20_S_A,N_5_20_S_A,S_A,N_5,N,Nitrate,5,20,S,A,O13Y8,3B,O13Y8_exp3B,244,165,0
4,7_26_22,1,A,3,0,D1,D1,-0.00347,-0.1502114,0.1502114,N_5_20_S_S,N_5_20_S_S,S_S,N_5,N,Nitrate,5,20,S,S,Y10B53,1A,Y10B53_exp1A,154,26,0
4,7_26_22,1,A,3,1,D1,D1,-0.00616,-0.110184548,0.110184548,N_5_20_S_S,N_5_20_S_S,S_S,N_5,N,Nitrate,5,20,S,S,Y10B54,1A,Y10B54_exp1A,157,26,0
4,7_26_22,1,B,3,0,D1,D1,-0.00357,-0.085590869,0.085590869,N_5_20_S_S,N_5_20_S_S,S_S,N_5,N,Nitrate,5,20,S,S,Y13B73,1B,Y13B73_exp1B,164,57,0
4,7_26_22,1,B,3,1,D1,D1,-0.00353,-0.08451012,0.08451012,N_5_20_S_S,N_5_20_S_S,S_S,N_5,N,Nitrate,5,20,S,S,Y13B74,1B,Y13B74_exp1B,172,57,0
4,08_15_22,2,A,3,0,D1,D1,-0.00333,-0.059721938,0.059721938,N_5_20_S_S,N_5_20_S_S,S_S,N_5,N,Nitrate,5,20,S,S,Y4B33,2A,Y4B33_exp2A,186,94,0
4,08_15_22,2,A,3,1,D1,D1,-0.00551,-0.130090147,0.130090147,N_5_20_S_S,N_5_20_S_S,S_S,N_5,N,Nitrate,5,20,S,S,Y4B34,2A,Y4B34_exp2A,208,94,0
4,08_20_22,2,B,3,0,D1,D1,-0.0044,-0.079091389,0.079091389,N_5_20_S_S,N_5_20_S_S,S_S,N_5,N,Nitrate,5,20,S,S,Y5B37,2B,Y5B37_exp2B,186,128,0
4,08_20_22,2,B,3,1,D1,D1,-0.00634,-0.136182646,0.136182646,N_5_20_S_S,N_5_20_S_S,S_S,N_5,N,Nitrate,5,20,S,S,Y5B39,2B,Y5B39_exp2B,225,128,0
4,09_05_22,3,B,3,0,D1,D1,-0.00717,-0.193113892,0.193113892,N_5_20_S_S,N_5_20_S_S,S_S,N_5,N,Nitrate,5,20,S,S,O13Y10,3B,O13Y10_exp3B,249,165,0
4,09_05_22,3,B,3,1,D1,D1,-0.00498,-0.175831433,0.175831433,N_5_20_S_S,N_5_20_S_S,S_S,N_5,N,Nitrate,5,20,S,S,O13Y11,3B,O13Y11_exp3B,252,165,0
5,7_26_22,1,A,3,1,A2,A2,-0.00357,-0.079092129,0.079092129,N_5_30_F_A,N_5_30_F_A,F_A,N_5,N,Nitrate,5,30,F,A,Y2B13,1A,Y2B13_exp1A,168,31,0
5,7_26_22,1,A,3,0,A2,A2,-0.00332,-0.077549336,0.077549336,N_5_30_F_A,N_5_30_F_A,F_A,N_5,N,Nitrate,5,30,F,A,Y2B14,1A,Y2B14_exp1A,150,31,0
5,7_26_22,1,B,3,0,A2,A2,-0.00392,-0.06375248,0.06375248,N_5_30_F_A,N_5_30_F_A,F_A,N_5,N,Nitrate,5,30,F,A,Y7B40,1B,Y7B40_exp1B,165,63,0
5,7_26_22,1,B,3,1,A2,A2,-0.00584,-0.098982386,0.098982386,N_5_30_F_A,N_5_30_F_A,F_A,N_5,N,Nitrate,5,30,F,A,Y7B41,1B,Y7B41_exp1B,170,63,0
5,08_15_22,2,A,3,0,A2,A2,-0.00155,-0.027081657,0.027081657,N_5_30_F_A,N_5_30_F_A,F_A,N_5,N,Nitrate,5,30,F,A,Y12B62,2A,Y12B62_exp2A,186,89,0
5,08_20_22,2,B,3,0,A2,A2,-0.00284,-0.073018261,0.073018261,N_5_30_F_A,N_5_30_F_A,F_A,N_5,N,Nitrate,5,30,F,A,Y14B75,2B,Y14B75_exp2B,168,124,0
5,08_20_22,2,B,3,1,A2,A2,-0.00258,-0.066120004,0.066120004,N_5_30_F_A,N_5_30_F_A,F_A,N_5,N,Nitrate,5,30,F,A,Y14B76,2B,Y14B76_exp2B,197,124,0
5,09_01_22,3,A,3,0,A2,A2,-0.00402,-0.086255645,0.086255645,N_5_30_F_A,N_5_30_F_A,F_A,N_5,N,Nitrate,5,30,F,A,Y8B46,3A,Y8B46_exp3A,237,160,0
5,09_01_22,3,A,3,1,A2,A2,-0.00628,-0.13443722,0.13443722,N_5_30_F_A,N_5_30_F_A,F_A,N_5,N,Nitrate,5,30,F,A,Y8B47,3A,Y8B47_exp3A,237,160,0
5,09_05_22,3,B,3,0,A2,A2,-0.00666,-0.067227976,0.067227976,N_5_30_F_A,N_5_30_F_A,F_A,N_5,N,Nitrate,5,30,F,A,W11O46,3B,W11O46_exp3B,238,179,0
5,09_05_22,3,B,3,1,A2,A2,-0.00402,-0.14499058,0.14499058,N_5_30_F_A,N_5_30_F_A,F_A,N_5,N,Nitrate,5,30,F,A,W11O47,3B,W11O47_exp3B,242,179,0
6,7_26_22,1,A,3,0,B2,B2,-0.00354,-0.10531396,0.10531396,N_5_30_F_S,N_5_30_F_S,F_S,N_5,N,Nitrate,5,30,F,S,Y2B22,1A,Y2B22_exp1A,149,31,0
6,7_26_22,1,A,3,1,B2,B2,-0.00456,-0.063307962,0.063307962,N_5_30_F_S,N_5_30_F_S,F_S,N_5,N,Nitrate,5,30,F,S,Y2B24,1A,Y2B24_exp1A,153,31,0
6,7_26_22,1,B,3,0,B2,B2,-0.00401,-0.122391927,0.122391927,N_5_30_F_S,N_5_30_F_S,F_S,N_5,N,Nitrate,5,30,F,S,Y7B43,1B,Y7B43_exp1B,163,63,0
6,7_26_22,1,B,3,1,B2,B2,-0.00505,-0.085524744,0.085524744,N_5_30_F_S,N_5_30_F_S,F_S,N_5,N,Nitrate,5,30,F,S,Y7B44,1B,Y7B44_exp1B,171,63,0
6,08_15_22,2,A,3,0,B2,B2,-0.00139,-0.02115555,0.02115555,N_5_30_F_S,N_5_30_F_S,F_S,N_5,N,Nitrate,5,30,F,S,Y12B65,2A,Y12B65_exp2A,192,89,0
6,08_15_22,2,A,3,1,B2,B2,-0.00654,-0.096614298,0.096614298,N_5_30_F_S,N_5_30_F_S,F_S,N_5,N,Nitrate,5,30,F,S,Y12B67,2A,Y12B67_exp2A,207,89,0
6,08_20_22,2,B,3,0,B2,B2,-0.00621,-0.143578181,0.143578181,N_5_30_F_S,N_5_30_F_S,F_S,N_5,N,Nitrate,5,30,F,S,Y14B77,2B,Y14B77_exp2B,175,124,0
6,08_20_22,2,B,3,1,B2,B2,-0.003,-0.105087146,0.105087146,N_5_30_F_S,N_5_30_F_S,F_S,N_5,N,Nitrate,5,30,F,S,Y14B79,2B,Y14B79_exp2B,223,124,0
6,09_01_22,3,A,3,0,B2,B2,-0.00419,-0.08647684,0.08647684,N_5_30_F_S,N_5_30_F_S,F_S,N_5,N,Nitrate,5,30,F,S,Y8B48,3A,Y8B48_exp3A,239,160,0
6,09_01_22,3,A,3,1,B2,B2,-0.00435,-0.091068514,0.091068514,N_5_30_F_S,N_5_30_F_S,F_S,N_5,N,Nitrate,5,30,F,S,Y8B49,3A,Y8B49_exp3A,240,160,0
6,09_05_22,3,B,3,0,B2,B2,-0.00421,-0.033821418,0.033821418,N_5_30_F_S,N_5_30_F_S,F_S,N_5,N,Nitrate,5,30,F,S,W11O48,3B,W11O48_exp3B,251,179,0
6,09_05_22,3,B,3,1,B2,B2,-0.00472,-0.060314205,0.060314205,N_5_30_F_S,N_5_30_F_S,F_S,N_5,N,Nitrate,5,30,F,S,W11O49,3B,W11O49_exp3B,246,179,0
7,7_26_22,1,A,3,1,C2,C2,-0.00466,-0.08295419,0.08295419,N_5_30_S_A,N_5_30_S_A,S_A,N_5,N,Nitrate,5,30,S,A,Y14B75,1A,Y14B75_exp1A,162,28,0
7,7_26_22,1,A,3,0,C2,C2,-0.0058,-0.123180422,0.123180422,N_5_30_S_A,N_5_30_S_A,S_A,N_5,N,Nitrate,5,30,S,A,Y14B76,1A,Y14B76_exp1A,151,28,0
7,7_26_22,1,B,3,0,C2,C2,-0.00273,-0.065156361,0.065156361,N_5_30_S_A,N_5_30_S_A,S_A,N_5,N,Nitrate,5,30,S,A,Y8B46,1B,Y8B46_exp1B,171,64,0
7,7_26_22,1,B,3,1,C2,C2,-0.0041,-0.117364263,0.117364263,N_5_30_S_A,N_5_30_S_A,S_A,N_5,N,Nitrate,5,30,S,A,Y8B47,1B,Y8B47_exp1B,184,64,0
7,08_15_22,2,A,3,0,C2,C2,-0.00136,-0.035142002,0.035142002,N_5_30_S_A,N_5_30_S_A,S_A,N_5,N,Nitrate,5,30,S,A,Y13B70,2A,Y13B70_exp2A,194,90,0
7,08_15_22,2,A,3,1,C2,C2,-0.00229,-0.420508984,0.420508984,N_5_30_S_A,N_5_30_S_A,S_A,N_5,N,Nitrate,5,30,S,A,Y13B72,2A,Y13B72_exp2A,231,90,0
7,08_20_22,2,B,3,0,C2,C2,-0.00494,-0.066393135,0.066393135,N_5_30_S_A,N_5_30_S_A,S_A,N_5,N,Nitrate,5,30,S,A,Y15B80,2B,Y15B80_exp2B,170,125,0
7,08_20_22,2,B,3,1,C2,C2,-0.00394,-0.102384,0.102384,N_5_30_S_A,N_5_30_S_A,S_A,N_5,N,Nitrate,5,30,S,A,Y15B82,2B,Y15B82_exp2B,212,125,0
7,09_01_22,3,A,3,0,C2,C2,-0.00208,-0.034197184,0.034197184,N_5_30_S_A,N_5_30_S_A,S_A,N_5,N,Nitrate,5,30,S,A,Y12B62,3A,Y12B62_exp3A,232,153,0
7,09_01_22,3,A,3,1,C2,C2,-0.00357,-0.084422222,0.084422222,N_5_30_S_A,N_5_30_S_A,S_A,N_5,N,Nitrate,5,30,S,A,Y12B63,3A,Y12B63_exp3A,237,153,0
7,09_05_22,3,B,3,0,C2,C2,-0.00768,-0.089503877,0.089503877,N_5_30_S_A,N_5_30_S_A,S_A,N_5,N,Nitrate,5,30,S,A,W12O51,3B,W12O51_exp3B,241,180,0
7,09_05_22,3,B,3,1,C2,C2,-0.00794,-0.089673922,0.089673922,N_5_30_S_A,N_5_30_S_A,S_A,N_5,N,Nitrate,5,30,S,A,W12O52,3B,W12O52_exp3B,244,180,0
8,7_26_22,1,A,3,0,D2,D2,-0.00237,-0.050806969,0.050806969,N_5_30_S_S,N_5_30_S_S,S_S,N_5,N,Nitrate,5,30,S,S,Y14B77,1A,Y14B77_exp1A,152,28,0
8,7_26_22,1,A,3,1,D2,D2,-0.00367,-0.077830158,0.077830158,N_5_30_S_S,N_5_30_S_S,S_S,N_5,N,Nitrate,5,30,S,S,Y14B78,1A,Y14B78_exp1A,155,28,0
8,7_26_22,1,B,3,0,D2,D2,-0.00393,-0.086899968,0.086899968,N_5_30_S_S,N_5_30_S_S,S_S,N_5,N,Nitrate,5,30,S,S,Y8B48,1B,Y8B48_exp1B,166,64,0
8,7_26_22,1,B,3,1,D2,D2,-0.00425,-0.080459408,0.080459408,N_5_30_S_S,N_5_30_S_S,S_S,N_5,N,Nitrate,5,30,S,S,Y8B49,1B,Y8B49_exp1B,173,64,0
8,08_15_22,2,A,3,0,D2,D2,-0.00267,-0.072762572,0.072762572,N_5_30_S_S,N_5_30_S_S,S_S,N_5,N,Nitrate,5,30,S,S,Y13B73,2A,Y13B73_exp2A,193,90,0
8,08_15_22,2,A,3,1,D2,D2,-0.00496,-0.085889663,0.085889663,N_5_30_S_S,N_5_30_S_S,S_S,N_5,N,Nitrate,5,30,S,S,Y13B74,2A,Y13B74_exp2A,218,90,0
8,08_20_22,2,B,3,0,D2,D2,-0.00408,-0.075857754,0.075857754,N_5_30_S_S,N_5_30_S_S,S_S,N_5,N,Nitrate,5,30,S,S,Y15B83,2B,Y15B83_exp2B,189,125,0
8,09_01_22,3,A,3,0,D2,D2,-0.00512,-0.104691345,0.104691345,N_5_30_S_S,N_5_30_S_S,S_S,N_5,N,Nitrate,5,30,S,S,Y12B65,3A,Y12B65_exp3A,239,153,0
8,09_01_22,3,A,3,1,D2,D2,-0.00487,-0.079358232,0.079358232,N_5_30_S_S,N_5_30_S_S,S_S,N_5,N,Nitrate,5,30,S,S,Y12B67,3A,Y12B67_exp3A,241,153,0
8,09_05_22,3,B,3,0,D2,D2,-0.00552,-0.034388958,0.034388958,N_5_30_S_S,N_5_30_S_S,S_S,N_5,N,Nitrate,5,30,S,S,W12O53,3B,W12O53_exp3B,247,180,0
8,09_05_22,3,B,3,1,D2,D2,-0.00402,-0.062915585,0.062915585,N_5_30_S_S,N_5_30_S_S,S_S,N_5,N,Nitrate,5,30,S,S,W12O55,3B,W12O55_exp3B,243,180,0
