"","col_num","treat_ID_full","e_coli","abs_resp_rate_SA_corr","pollution","dose","temp","feed","symbiont","dose_level","new_treat_ID_full"
"1",168,"N_0_20_F_A",0,0.119251703,"Nitrate","0","20","Fed","Aposymbiotic","control-0","Nitrate_control-0_20_Fed_Aposymbiotic"
"2",150,"N_0_20_F_A",1,0.173322843,"Nitrate","0","20","Fed","Aposymbiotic","control-0","Nitrate_control-0_20_Fed_Aposymbiotic"
"3",145,"N_0_20_F_S",1,0.098087823,"Nitrate","0","20","Fed","Symbiotic","control-0","Nitrate_control-0_20_Fed_Symbiotic"
"4",153,"N_0_20_F_S",0,0.047530762,"Nitrate","0","20","Fed","Symbiotic","control-0","Nitrate_control-0_20_Fed_Symbiotic"
"5",150,"N_0_20_S_A",0,0.11931486,"Nitrate","0","20","Starved","Aposymbiotic","control-0","Nitrate_control-0_20_Starved_Aposymbiotic"
"6",149,"N_0_20_S_S",0,0.072682676,"Nitrate","0","20","Starved","Symbiotic","control-0","Nitrate_control-0_20_Starved_Symbiotic"
"7",157,"N_0_20_S_S",1,0.1082725,"Nitrate","0","20","Starved","Symbiotic","control-0","Nitrate_control-0_20_Starved_Symbiotic"
"8",152,"A_0_20_F_A
",1,0.081947941,"Ammonium","0","20","Fed","Aposymbiotic","control-0","Ammonium_control-0_20_Fed_Aposymbiotic"
"9",152,"A_0_20_F_A
",0,0.084220357,"Ammonium","0","20","Fed","Aposymbiotic","control-0","Ammonium_control-0_20_Fed_Aposymbiotic"
"10",143,"A_0_20_F_S",0,0.03001097,"Ammonium","0","20","Fed","Symbiotic","control-0","Ammonium_control-0_20_Fed_Symbiotic"
"11",155,"A_0_20_F_S",1,0.053697984,"Ammonium","0","20","Fed","Symbiotic","control-0","Ammonium_control-0_20_Fed_Symbiotic"
"12",168,"N_0_30_F_A",1,0.07143839,"Nitrate","0","30","Fed","Aposymbiotic","control-0","Nitrate_control-0_30_Fed_Aposymbiotic"
"13",150,"N_0_30_F_A",0,0.041588441,"Nitrate","0","30","Fed","Aposymbiotic","control-0","Nitrate_control-0_30_Fed_Aposymbiotic"
"14",147,"N_0_30_F_S",1,0.098439963,"Nitrate","0","30","Fed","Symbiotic","control-0","Nitrate_control-0_30_Fed_Symbiotic"
"15",153,"N_0_30_F_S",0,0.056036216,"Nitrate","0","30","Fed","Symbiotic","control-0","Nitrate_control-0_30_Fed_Symbiotic"
"16",162,"N_0_30_S_A",1,0.053819186,"Nitrate","0","30","Starved","Aposymbiotic","control-0","Nitrate_control-0_30_Starved_Aposymbiotic"
"17",151,"N_0_30_S_A",0,0.035581522,"Nitrate","0","30","Starved","Aposymbiotic","control-0","Nitrate_control-0_30_Starved_Aposymbiotic"
"18",154,"N_0_30_S_S",0,0.064881032,"Nitrate","0","30","Starved","Symbiotic","control-0","Nitrate_control-0_30_Starved_Symbiotic"
"19",157,"N_0_30_S_S",1,0.117202826,"Nitrate","0","30","Starved","Symbiotic","control-0","Nitrate_control-0_30_Starved_Symbiotic"
"20",160,"A_0_30_F_A",1,0.112395863,"Ammonium","0","30","Fed","Aposymbiotic","control-0","Ammonium_control-0_30_Fed_Aposymbiotic"
"21",144,"A_0_30_F_A",0,0.028637709,"Ammonium","0","30","Fed","Aposymbiotic","control-0","Ammonium_control-0_30_Fed_Aposymbiotic"
"22",144,"A_0_30_F_S",0,0.036414468,"Ammonium","0","30","Fed","Symbiotic","control-0","Ammonium_control-0_30_Fed_Symbiotic"
"23",155,"A_0_30_F_S",1,0.036166859,"Ammonium","0","30","Fed","Symbiotic","control-0","Ammonium_control-0_30_Fed_Symbiotic"
"24",155,"A_0_30_S_A",1,0.082548858,"Ammonium","0","30","Starved","Aposymbiotic","control-0","Ammonium_control-0_30_Starved_Aposymbiotic"
"25",154,"A_0_30_S_A",0,0.040639849,"Ammonium","0","30","Starved","Aposymbiotic","control-0","Ammonium_control-0_30_Starved_Aposymbiotic"
"26",144,"A_0_30_S_S",1,0.046742469,"Ammonium","0","30","Starved","Symbiotic","control-0","Ammonium_control-0_30_Starved_Symbiotic"
"27",157,"A_0_30_S_S",0,0.09676817,"Ammonium","0","30","Starved","Symbiotic","control-0","Ammonium_control-0_30_Starved_Symbiotic"
"28",146,"A_0_20_S_A",1,0.069207506,"Ammonium","0","20","Starved","Aposymbiotic","control-0","Ammonium_control-0_20_Starved_Aposymbiotic"
"29",144,"A_0_20_S_S",0,0.044037176,"Ammonium","0","20","Starved","Symbiotic","control-0","Ammonium_control-0_20_Starved_Symbiotic"
"30",153,"A_0_20_S_S",1,0.061849482,"Ammonium","0","20","Starved","Symbiotic","control-0","Ammonium_control-0_20_Starved_Symbiotic"
"31",162,"A_0_20_S_A",0,0.044656868,"Ammonium","0","20","Starved","Aposymbiotic","control-0","Ammonium_control-0_20_Starved_Aposymbiotic"
"32",162,"N_1.5_30_S_A",0,0.034165025,"Nitrate","1.5","30","Starved","Aposymbiotic","Low","Nitrate_Low_30_Starved_Aposymbiotic"
"33",151,"N_1.5_30_S_A",1,0.072751498,"Nitrate","1.5","30","Starved","Aposymbiotic","Low","Nitrate_Low_30_Starved_Aposymbiotic"
"34",152,"N_1.5_30_S_S",0,0.045884647,"Nitrate","1.5","30","Starved","Symbiotic","Low","Nitrate_Low_30_Starved_Symbiotic"
"35",155,"N_1.5_30_S_S",1,0.077264588,"Nitrate","1.5","30","Starved","Symbiotic","Low","Nitrate_Low_30_Starved_Symbiotic"
"36",162,"A_5_20_S_A",1,0.118819361,"Ammonium","5","20","Starved","Aposymbiotic","Low","Ammonium_Low_20_Starved_Aposymbiotic"
"37",146,"A_5_20_S_A",0,0.086572476,"Ammonium","5","20","Starved","Aposymbiotic","Low","Ammonium_Low_20_Starved_Aposymbiotic"
"38",144,"A_5_20_S_S",0,0.092086202,"Ammonium","5","20","Starved","Symbiotic","Low","Ammonium_Low_20_Starved_Symbiotic"
"39",157,"A_5_20_S_S",1,0.088101673,"Ammonium","5","20","Starved","Symbiotic","Low","Ammonium_Low_20_Starved_Symbiotic"
"40",168,"N_1.5_30_F_A",1,0.140474805,"Nitrate","1.5","30","Fed","Aposymbiotic","Low","Nitrate_Low_30_Fed_Aposymbiotic"
"41",150,"N_1.5_30_F_A",0,0.076194771,"Nitrate","1.5","30","Fed","Aposymbiotic","Low","Nitrate_Low_30_Fed_Aposymbiotic"
"42",142,"N_1.5_30_F_S",0,0.048507601,"Nitrate","1.5","30","Fed","Symbiotic","Low","Nitrate_Low_30_Fed_Symbiotic"
"43",168,"N_1.5_20_F_A",1,0.083640201,"Nitrate","1.5","20","Fed","Aposymbiotic","Low","Nitrate_Low_20_Fed_Aposymbiotic"
"44",150,"N_1.5_20_F_A",0,0.058067404,"Nitrate","1.5","20","Fed","Aposymbiotic","Low","Nitrate_Low_20_Fed_Aposymbiotic"
"45",147,"N_1.5_20_F_S",0,0.060048299,"Nitrate","1.5","20","Fed","Symbiotic","Low","Nitrate_Low_20_Fed_Symbiotic"
"46",153,"N_1.5_20_F_S",1,0.108990843,"Nitrate","1.5","20","Fed","Symbiotic","Low","Nitrate_Low_20_Fed_Symbiotic"
"47",168,"N_1.5_20_S_A",1,0.105815259,"Nitrate","1.5","20","Starved","Aposymbiotic","Low","Nitrate_Low_20_Starved_Aposymbiotic"
"48",150,"N_1.5_20_S_A",0,0.052184399,"Nitrate","1.5","20","Starved","Aposymbiotic","Low","Nitrate_Low_20_Starved_Aposymbiotic"
"49",150,"N_1.5_20_S_S",0,0.046274552,"Nitrate","1.5","20","Starved","Symbiotic","Low","Nitrate_Low_20_Starved_Symbiotic"
"50",157,"N_1.5_20_S_S",1,0.118352282,"Nitrate","1.5","20","Starved","Symbiotic","Low","Nitrate_Low_20_Starved_Symbiotic"
"51",160,"A_5_30_F_A",1,0.059277214,"Ammonium","5","30","Fed","Aposymbiotic","Low","Ammonium_Low_30_Fed_Aposymbiotic"
"52",145,"A_5_30_F_A",0,0.054986563,"Ammonium","5","30","Fed","Aposymbiotic","Low","Ammonium_Low_30_Fed_Aposymbiotic"
"53",152,"A_5_30_F_S",0,0.028636209,"Ammonium","5","30","Fed","Symbiotic","Low","Ammonium_Low_30_Fed_Symbiotic"
"54",157,"A_5_30_F_S",0,0.105430925,"Ammonium","5","30","Fed","Symbiotic","Low","Ammonium_Low_30_Fed_Symbiotic"
"55",152,"A_5_20_F_A",0,0.098170838,"Ammonium","5","20","Fed","Aposymbiotic","Low","Ammonium_Low_20_Fed_Aposymbiotic"
"56",151,"A_5_20_F_S",0,0.065268728,"Ammonium","5","20","Fed","Symbiotic","Low","Ammonium_Low_20_Fed_Symbiotic"
"57",155,"A_5_20_F_S",1,0.051504402,"Ammonium","5","20","Fed","Symbiotic","Low","Ammonium_Low_20_Fed_Symbiotic"
"58",155,"A_5_30_S_A",0,0.055828538,"Ammonium","5","30","Starved","Aposymbiotic","Low","Ammonium_Low_30_Starved_Aposymbiotic"
"59",157,"A_5_30_S_A",1,0.080641366,"Ammonium","5","30","Starved","Aposymbiotic","Low","Ammonium_Low_30_Starved_Aposymbiotic"
"60",153,"A_5_30_S_S",0,0.075480834,"Ammonium","5","30","Starved","Symbiotic","Low","Ammonium_Low_30_Starved_Symbiotic"
"61",157,"A_5_30_S_S",1,0.092303003,"Ammonium","5","30","Starved","Symbiotic","Low","Ammonium_Low_30_Starved_Symbiotic"
"62",162,"A_10_30_F_A",1,0.1197012,"Ammonium","10","30","Fed","Aposymbiotic","High","Ammonium_High_30_Fed_Aposymbiotic"
"63",146,"A_10_30_F_A",0,0.055268065,"Ammonium","10","30","Fed","Aposymbiotic","High","Ammonium_High_30_Fed_Aposymbiotic"
"64",153,"A_10_30_F_S",1,0.158389381,"Ammonium","10","30","Fed","Symbiotic","High","Ammonium_High_30_Fed_Symbiotic"
"65",157,"A_10_30_F_S",0,0.120136586,"Ammonium","10","30","Fed","Symbiotic","High","Ammonium_High_30_Fed_Symbiotic"
"66",150,"A_10_30_S_A",1,0.207948106,"Ammonium","10","30","Starved","Aposymbiotic","High","Ammonium_High_30_Starved_Aposymbiotic"
"67",165,"A_10_30_S_A",0,0.147606728,"Ammonium","10","30","Starved","Aposymbiotic","High","Ammonium_High_30_Starved_Aposymbiotic"
"68",153,"A_10_30_S_S",0,0.083708928,"Ammonium","10","30","Starved","Symbiotic","High","Ammonium_High_30_Starved_Symbiotic"
"69",157,"A_10_30_S_S",1,0.126613527,"Ammonium","10","30","Starved","Symbiotic","High","Ammonium_High_30_Starved_Symbiotic"
"70",150,"N_18_20_F_A",0,0.069492138,"Nitrate","18","20","Fed","Aposymbiotic","High","Nitrate_High_20_Fed_Aposymbiotic"
"71",147,"N_18_20_F_S",0,0.095961684,"Nitrate","18","20","Fed","Symbiotic","High","Nitrate_High_20_Fed_Symbiotic"
"72",153,"N_18_20_F_S",1,0.118008154,"Nitrate","18","20","Fed","Symbiotic","High","Nitrate_High_20_Fed_Symbiotic"
"73",168,"N_18_20_F_A",1,0.111574921,"Nitrate","18","20","Fed","Aposymbiotic","High","Nitrate_High_20_Fed_Aposymbiotic"
"74",168,"N_18_30_F_A",1,0.101985363,"Nitrate","18","30","Fed","Aposymbiotic","High","Nitrate_High_30_Fed_Aposymbiotic"
"75",150,"N_18_30_F_A",0,0.035350644,"Nitrate","18","30","Fed","Aposymbiotic","High","Nitrate_High_30_Fed_Aposymbiotic"
"76",142,"N_18_30_F_S",0,0.074607186,"Nitrate","18","30","Fed","Symbiotic","High","Nitrate_High_30_Fed_Symbiotic"
"77",153,"N_18_30_F_S",1,0.067149643,"Nitrate","18","30","Fed","Symbiotic","High","Nitrate_High_30_Fed_Symbiotic"
"78",162,"N_18_20_S_A",0,0.163237547,"Nitrate","18","20","Starved","Aposymbiotic","High","Nitrate_High_20_Starved_Aposymbiotic"
"79",151,"N_18_20_S_A",1,0.075586117,"Nitrate","18","20","Starved","Aposymbiotic","High","Nitrate_High_20_Starved_Aposymbiotic"
"80",154,"N_18_20_S_S",0,0.110401615,"Nitrate","18","20","Starved","Symbiotic","High","Nitrate_High_20_Starved_Symbiotic"
"81",157,"N_18_20_S_S",1,0.146789783,"Nitrate","18","20","Starved","Symbiotic","High","Nitrate_High_20_Starved_Symbiotic"
"82",163,"N_18_30_S_A",1,0.087885845,"Nitrate","18","30","Starved","Aposymbiotic","High","Nitrate_High_30_Starved_Aposymbiotic"
"83",151,"N_18_30_S_A",0,0.131075436,"Nitrate","18","30","Starved","Aposymbiotic","High","Nitrate_High_30_Starved_Aposymbiotic"
"84",152,"N_18_30_S_S",0,0.091924684,"Nitrate","18","30","Starved","Symbiotic","High","Nitrate_High_30_Starved_Symbiotic"
"85",155,"N_18_30_S_S",1,0.093374609,"Nitrate","18","30","Starved","Symbiotic","High","Nitrate_High_30_Starved_Symbiotic"
"86",153,"A_10_20_F_A",1,0.153604196,"Ammonium","10","20","Fed","Aposymbiotic","High","Ammonium_High_20_Fed_Aposymbiotic"
"87",144,"A_10_20_F_A",0,0.09646691,"Ammonium","10","20","Fed","Aposymbiotic","High","Ammonium_High_20_Fed_Aposymbiotic"
"88",143,"A_10_20_F_S",0,0.141685101,"Ammonium","10","20","Fed","Symbiotic","High","Ammonium_High_20_Fed_Symbiotic"
"89",152,"A_10_20_F_S",1,0.064021807,"Ammonium","10","20","Fed","Symbiotic","High","Ammonium_High_20_Fed_Symbiotic"
"90",154,"A_10_20_S_A",0,0.137531772,"Ammonium","10","20","Starved","Aposymbiotic","High","Ammonium_High_20_Starved_Aposymbiotic"
"91",154,"A_10_20_S_A",1,0.150336838,"Ammonium","10","20","Starved","Aposymbiotic","High","Ammonium_High_20_Starved_Aposymbiotic"
"92",144,"A_10_20_S_S",0,0.124644067,"Ammonium","10","20","Starved","Symbiotic","High","Ammonium_High_20_Starved_Symbiotic"
"93",153,"A_10_20_S_S",1,0.201623781,"Ammonium","10","20","Starved","Symbiotic","High","Ammonium_High_20_Starved_Symbiotic"
"94",168,"N_5_20_S_A",1,0.060657881,"Nitrate","5","20","Starved","Aposymbiotic","Medium","Nitrate_Medium_20_Starved_Aposymbiotic"
"95",150,"N_5_20_S_A",0,0.089304534,"Nitrate","5","20","Starved","Aposymbiotic","Medium","Nitrate_Medium_20_Starved_Aposymbiotic"
"96",154,"N_5_20_S_S",0,0.1502114,"Nitrate","5","20","Starved","Symbiotic","Medium","Nitrate_Medium_20_Starved_Symbiotic"
"97",157,"N_5_20_S_S",1,0.110184548,"Nitrate","5","20","Starved","Symbiotic","Medium","Nitrate_Medium_20_Starved_Symbiotic"
"98",153,"A_7.5_20_F_A",1,0.062696415,"Ammonium","7.5","20","Fed","Aposymbiotic","Medium","Ammonium_Medium_20_Fed_Aposymbiotic"
"99",143,"A_7.5_20_F_A",0,0.039049428,"Ammonium","7.5","20","Fed","Aposymbiotic","Medium","Ammonium_Medium_20_Fed_Aposymbiotic"
"100",152,"A_7.5_20_F_S",1,0.143683304,"Ammonium","7.5","20","Fed","Symbiotic","Medium","Ammonium_Medium_20_Fed_Symbiotic"
"101",155,"A_7.5_20_F_S",0,0.109400745,"Ammonium","7.5","20","Fed","Symbiotic","Medium","Ammonium_Medium_20_Fed_Symbiotic"
"102",162,"N_5_30_S_A",1,0.08295419,"Nitrate","5","30","Starved","Aposymbiotic","Medium","Nitrate_Medium_30_Starved_Aposymbiotic"
"103",151,"N_5_30_S_A",0,0.123180422,"Nitrate","5","30","Starved","Aposymbiotic","Medium","Nitrate_Medium_30_Starved_Aposymbiotic"
"104",152,"N_5_30_S_S",0,0.050806969,"Nitrate","5","30","Starved","Symbiotic","Medium","Nitrate_Medium_30_Starved_Symbiotic"
"105",155,"N_5_30_S_S",1,0.077830158,"Nitrate","5","30","Starved","Symbiotic","Medium","Nitrate_Medium_30_Starved_Symbiotic"
"106",161,"A_7.5_30_F_A",1,0.1530478,"Ammonium","7.5","30","Fed","Aposymbiotic","Medium","Ammonium_Medium_30_Fed_Aposymbiotic"
"107",145,"A_7.5_30_F_A",0,0.054938458,"Ammonium","7.5","30","Fed","Aposymbiotic","Medium","Ammonium_Medium_30_Fed_Aposymbiotic"
"108",144,"A_7.5_30_F_S",1,0.06843175,"Ammonium","7.5","30","Fed","Symbiotic","Medium","Ammonium_Medium_30_Fed_Symbiotic"
"109",157,"A_7.5_30_F_S",0,0.08307346,"Ammonium","7.5","30","Fed","Symbiotic","Medium","Ammonium_Medium_30_Fed_Symbiotic"
"110",162,"A_7.5_20_S_A",0,0.088052864,"Ammonium","7.5","20","Starved","Aposymbiotic","Medium","Ammonium_Medium_20_Starved_Aposymbiotic"
"111",154,"A_7.5_20_S_A",1,0.14476369,"Ammonium","7.5","20","Starved","Aposymbiotic","Medium","Ammonium_Medium_20_Starved_Aposymbiotic"
"112",144,"A_7.5_20_S_S",1,0.112740043,"Ammonium","7.5","20","Starved","Symbiotic","Medium","Ammonium_Medium_20_Starved_Symbiotic"
"113",157,"A_7.5_20_S_S",0,0.087918457,"Ammonium","7.5","20","Starved","Symbiotic","Medium","Ammonium_Medium_20_Starved_Symbiotic"
"114",142,"N_5_20_F_S",0,0.06590733,"Nitrate","5","20","Fed","Symbiotic","Medium","Nitrate_Medium_20_Fed_Symbiotic"
"115",153,"N_5_20_F_S",1,0.113456239,"Nitrate","5","20","Fed","Symbiotic","Medium","Nitrate_Medium_20_Fed_Symbiotic"
"116",168,"N_5_20_F_A",1,0.224418394,"Nitrate","5","20","Fed","Aposymbiotic","Medium","Nitrate_Medium_20_Fed_Aposymbiotic"
"117",150,"N_5_20_F_A",0,0.098241768,"Nitrate","5","20","Fed","Aposymbiotic","Medium","Nitrate_Medium_20_Fed_Aposymbiotic"
"118",157,"A_7.5_30_S_S",1,0.092539161,"Ammonium","7.5","30","Starved","Symbiotic","Medium","Ammonium_Medium_30_Starved_Symbiotic"
"119",156,"A_7.5_30_S_A",1,0.111078813,"Ammonium","7.5","30","Starved","Aposymbiotic","Medium","Ammonium_Medium_30_Starved_Aposymbiotic"
"120",153,"A_7.5_30_S_S",0,0.058912672,"Ammonium","7.5","30","Starved","Symbiotic","Medium","Ammonium_Medium_30_Starved_Symbiotic"
"121",158,"A_7.5_30_S_A",0,0.058328524,"Ammonium","7.5","30","Starved","Aposymbiotic","Medium","Ammonium_Medium_30_Starved_Aposymbiotic"
"122",168,"N_5_30_F_A",1,0.079092129,"Nitrate","5","30","Fed","Aposymbiotic","Medium","Nitrate_Medium_30_Fed_Aposymbiotic"
"123",150,"N_5_30_F_A",0,0.077549336,"Nitrate","5","30","Fed","Aposymbiotic","Medium","Nitrate_Medium_30_Fed_Aposymbiotic"
"124",149,"N_5_30_F_S",0,0.10531396,"Nitrate","5","30","Fed","Symbiotic","Medium","Nitrate_Medium_30_Fed_Symbiotic"
"125",153,"N_5_30_F_S",1,0.063307962,"Nitrate","5","30","Fed","Symbiotic","Medium","Nitrate_Medium_30_Fed_Symbiotic"
"126",167,"A_0_30_F_S",0,0.106007159,"Ammonium","0","30","Fed","Symbiotic","control-0","Ammonium_control-0_30_Fed_Symbiotic"
"127",178,"A_0_30_F_S",1,0.129313748,"Ammonium","0","30","Fed","Symbiotic","control-0","Ammonium_control-0_30_Fed_Symbiotic"
"128",167,"A_0_30_F_A",0,0.053979666,"Ammonium","0","30","Fed","Aposymbiotic","control-0","Ammonium_control-0_30_Fed_Aposymbiotic"
"129",184,"A_0_30_F_A",1,0.054029232,"Ammonium","0","30","Fed","Aposymbiotic","control-0","Ammonium_control-0_30_Fed_Aposymbiotic"
"130",169,"N_0_20_F_A",0,0.029779574,"Nitrate","0","20","Fed","Aposymbiotic","control-0","Nitrate_control-0_20_Fed_Aposymbiotic"
"131",183,"N_0_20_F_A",1,0.105677898,"Nitrate","0","20","Fed","Aposymbiotic","control-0","Nitrate_control-0_20_Fed_Aposymbiotic"
"132",171,"N_0_20_F_S",1,0.09258878,"Nitrate","0","20","Fed","Symbiotic","control-0","Nitrate_control-0_20_Fed_Symbiotic"
"133",166,"N_0_20_S_A",0,0.114291338,"Nitrate","0","20","Starved","Aposymbiotic","control-0","Nitrate_control-0_20_Starved_Aposymbiotic"
"134",184,"N_0_20_S_A",1,0.109507129,"Nitrate","0","20","Starved","Aposymbiotic","control-0","Nitrate_control-0_20_Starved_Aposymbiotic"
"135",164,"N_0_20_S_S",0,0.071908984,"Nitrate","0","20","Starved","Symbiotic","control-0","Nitrate_control-0_20_Starved_Symbiotic"
"136",172,"N_0_20_S_S",1,0.094563374,"Nitrate","0","20","Starved","Symbiotic","control-0","Nitrate_control-0_20_Starved_Symbiotic"
"137",181,"A_0_30_S_A",0,0.076755363,"Ammonium","0","30","Starved","Aposymbiotic","control-0","Ammonium_control-0_30_Starved_Aposymbiotic"
"138",187,"A_0_30_S_A",1,0.056790744,"Ammonium","0","30","Starved","Aposymbiotic","control-0","Ammonium_control-0_30_Starved_Aposymbiotic"
"139",167,"A_0_30_S_S",0,0.035602754,"Ammonium","0","30","Starved","Symbiotic","control-0","Ammonium_control-0_30_Starved_Symbiotic"
"140",182,"A_0_30_S_S",1,0.060279868,"Ammonium","0","30","Starved","Symbiotic","control-0","Ammonium_control-0_30_Starved_Symbiotic"
"141",178,"A_0_20_F_A
",0,0.076521051,"Ammonium","0","20","Fed","Aposymbiotic","control-0","Ammonium_control-0_20_Fed_Aposymbiotic"
"142",184,"A_0_20_F_A
",1,0.032269747,"Ammonium","0","20","Fed","Aposymbiotic","control-0","Ammonium_control-0_20_Fed_Aposymbiotic"
"143",166,"A_0_20_F_S",0,0.049704348,"Ammonium","0","20","Fed","Symbiotic","control-0","Ammonium_control-0_20_Fed_Symbiotic"
"144",173,"A_0_20_F_S",1,0.059218376,"Ammonium","0","20","Fed","Symbiotic","control-0","Ammonium_control-0_20_Fed_Symbiotic"
"145",168,"A_0_20_S_A",0,0.080115779,"Ammonium","0","20","Starved","Aposymbiotic","control-0","Ammonium_control-0_20_Starved_Aposymbiotic"
"146",187,"A_0_20_S_A",1,0.043754215,"Ammonium","0","20","Starved","Aposymbiotic","control-0","Ammonium_control-0_20_Starved_Aposymbiotic"
"147",167,"A_0_20_S_S",0,0.080367823,"Ammonium","0","20","Starved","Symbiotic","control-0","Ammonium_control-0_20_Starved_Symbiotic"
"148",182,"A_0_20_S_S",1,0.083088636,"Ammonium","0","20","Starved","Symbiotic","control-0","Ammonium_control-0_20_Starved_Symbiotic"
"149",164,"N_0_30_F_A",0,0.051749498,"Nitrate","0","30","Fed","Aposymbiotic","control-0","Nitrate_control-0_30_Fed_Aposymbiotic"
"150",183,"N_0_30_F_A",1,0.097586569,"Nitrate","0","30","Fed","Aposymbiotic","control-0","Nitrate_control-0_30_Fed_Aposymbiotic"
"151",161,"N_0_30_F_S",0,0.065222865,"Nitrate","0","30","Fed","Symbiotic","control-0","Nitrate_control-0_30_Fed_Symbiotic"
"152",171,"N_0_30_F_S",1,0.048432338,"Nitrate","0","30","Fed","Symbiotic","control-0","Nitrate_control-0_30_Fed_Symbiotic"
"153",166,"N_0_30_S_A",0,0.107533066,"Nitrate","0","30","Starved","Aposymbiotic","control-0","Nitrate_control-0_30_Starved_Aposymbiotic"
"154",171,"N_0_30_S_A",1,0.06725436,"Nitrate","0","30","Starved","Aposymbiotic","control-0","Nitrate_control-0_30_Starved_Aposymbiotic"
"155",164,"N_0_30_S_S",0,0.071109843,"Nitrate","0","30","Starved","Symbiotic","control-0","Nitrate_control-0_30_Starved_Symbiotic"
"156",172,"N_0_30_S_S",1,0.073622419,"Nitrate","0","30","Starved","Symbiotic","control-0","Nitrate_control-0_30_Starved_Symbiotic"
"157",161,"N_1.5_30_F_S",0,0.090699283,"Nitrate","1.5","30","Fed","Symbiotic","Low","Nitrate_Low_30_Fed_Symbiotic"
"158",183,"N_1.5_30_F_A",0,0.105224162,"Nitrate","1.5","30","Fed","Aposymbiotic","Low","Nitrate_Low_30_Fed_Aposymbiotic"
"159",171,"N_1.5_30_F_S",1,0.084072563,"Nitrate","1.5","30","Fed","Symbiotic","Low","Nitrate_Low_30_Fed_Symbiotic"
"160",165,"N_1.5_30_F_A",1,0.04987734,"Nitrate","1.5","30","Fed","Aposymbiotic","Low","Nitrate_Low_30_Fed_Aposymbiotic"
"161",166,"N_1.5_30_S_A",0,0.109724891,"Nitrate","1.5","30","Starved","Aposymbiotic","Low","Nitrate_Low_30_Starved_Aposymbiotic"
"162",184,"N_1.5_30_S_A",1,0.123071238,"Nitrate","1.5","30","Starved","Aposymbiotic","Low","Nitrate_Low_30_Starved_Aposymbiotic"
"163",165,"N_1.5_30_S_S",0,0.088011716,"Nitrate","1.5","30","Starved","Symbiotic","Low","Nitrate_Low_30_Starved_Symbiotic"
"164",163,"N_1.5_20_F_A",0,0.068920315,"Nitrate","1.5","20","Fed","Aposymbiotic","Low","Nitrate_Low_20_Fed_Aposymbiotic"
"165",169,"N_1.5_20_F_A",1,0.049727235,"Nitrate","1.5","20","Fed","Aposymbiotic","Low","Nitrate_Low_20_Fed_Aposymbiotic"
"166",160,"N_1.5_20_F_S",0,0.065666701,"Nitrate","1.5","20","Fed","Symbiotic","Low","Nitrate_Low_20_Fed_Symbiotic"
"167",171,"N_1.5_20_F_S",1,0.103453756,"Nitrate","1.5","20","Fed","Symbiotic","Low","Nitrate_Low_20_Fed_Symbiotic"
"168",181,"A_5_30_F_S",0,0.043698219,"Ammonium","5","30","Fed","Symbiotic","Low","Ammonium_Low_30_Fed_Symbiotic"
"169",167,"A_5_30_F_S",0,0.304995179,"Ammonium","5","30","Fed","Symbiotic","Low","Ammonium_Low_30_Fed_Symbiotic"
"170",167,"A_5_30_F_A",0,0.047048562,"Ammonium","5","30","Fed","Aposymbiotic","Low","Ammonium_Low_30_Fed_Aposymbiotic"
"171",178,"A_5_30_F_A",1,0.129643105,"Ammonium","5","30","Fed","Aposymbiotic","Low","Ammonium_Low_30_Fed_Aposymbiotic"
"172",164,"N_1.5_20_S_S",0,0.080163387,"Nitrate","1.5","20","Starved","Symbiotic","Low","Nitrate_Low_20_Starved_Symbiotic"
"173",172,"N_1.5_20_S_S",1,0.096420094,"Nitrate","1.5","20","Starved","Symbiotic","Low","Nitrate_Low_20_Starved_Symbiotic"
"174",166,"N_1.5_20_S_A",0,0.096813203,"Nitrate","1.5","20","Starved","Aposymbiotic","Low","Nitrate_Low_20_Starved_Aposymbiotic"
"175",184,"N_1.5_20_S_A",1,0.083989219,"Nitrate","1.5","20","Starved","Aposymbiotic","Low","Nitrate_Low_20_Starved_Aposymbiotic"
"176",167,"A_5_20_F_A",0,0.064424359,"Ammonium","5","20","Fed","Aposymbiotic","Low","Ammonium_Low_20_Fed_Aposymbiotic"
"177",178,"A_5_20_F_A",1,0.051365621,"Ammonium","5","20","Fed","Aposymbiotic","Low","Ammonium_Low_20_Fed_Aposymbiotic"
"178",166,"A_5_20_F_S",0,0.049490708,"Ammonium","5","20","Fed","Symbiotic","Low","Ammonium_Low_20_Fed_Symbiotic"
"179",173,"A_5_20_F_S",1,0.072101057,"Ammonium","5","20","Fed","Symbiotic","Low","Ammonium_Low_20_Fed_Symbiotic"
"180",168,"A_5_20_S_A",0,0.038047354,"Ammonium","5","20","Starved","Aposymbiotic","Low","Ammonium_Low_20_Starved_Aposymbiotic"
"181",187,"A_5_20_S_A",1,0.07946249,"Ammonium","5","20","Starved","Aposymbiotic","Low","Ammonium_Low_20_Starved_Aposymbiotic"
"182",167,"A_5_20_S_S",0,0.0942092,"Ammonium","5","20","Starved","Symbiotic","Low","Ammonium_Low_20_Starved_Symbiotic"
"183",182,"A_5_20_S_S",1,0.064998533,"Ammonium","5","20","Starved","Symbiotic","Low","Ammonium_Low_20_Starved_Symbiotic"
"184",163,"N_18_20_F_A",0,0.054043364,"Nitrate","18","20","Fed","Aposymbiotic","High","Nitrate_High_20_Fed_Aposymbiotic"
"185",169,"N_18_20_F_A",1,0.753244282,"Nitrate","18","20","Fed","Aposymbiotic","High","Nitrate_High_20_Fed_Aposymbiotic"
"186",161,"N_18_20_F_S",0,0.103298259,"Nitrate","18","20","Fed","Symbiotic","High","Nitrate_High_20_Fed_Symbiotic"
"187",171,"N_18_20_F_S",1,0.160237614,"Nitrate","18","20","Fed","Symbiotic","High","Nitrate_High_20_Fed_Symbiotic"
"188",171,"N_18_20_S_A",0,0.054008466,"Nitrate","18","20","Starved","Aposymbiotic","High","Nitrate_High_20_Starved_Aposymbiotic"
"189",184,"N_18_20_S_A",1,0.121060981,"Nitrate","18","20","Starved","Aposymbiotic","High","Nitrate_High_20_Starved_Aposymbiotic"
"190",164,"N_18_20_S_S",0,0.241147624,"Nitrate","18","20","Starved","Symbiotic","High","Nitrate_High_20_Starved_Symbiotic"
"191",172,"N_18_20_S_S",1,0.187674348,"Nitrate","18","20","Starved","Symbiotic","High","Nitrate_High_20_Starved_Symbiotic"
"192",178,"A_10_20_F_A",0,0.101928816,"Ammonium","10","20","Fed","Aposymbiotic","High","Ammonium_High_20_Fed_Aposymbiotic"
"193",184,"A_10_20_F_A",1,0.11440956,"Ammonium","10","20","Fed","Aposymbiotic","High","Ammonium_High_20_Fed_Aposymbiotic"
"194",167,"A_10_20_F_S",0,0.122457266,"Ammonium","10","20","Fed","Symbiotic","High","Ammonium_High_20_Fed_Symbiotic"
"195",176,"A_10_20_F_S",1,0.051573327,"Ammonium","10","20","Fed","Symbiotic","High","Ammonium_High_20_Fed_Symbiotic"
"196",180,"A_10_20_S_A",0,0.071571663,"Ammonium","10","20","Starved","Aposymbiotic","High","Ammonium_High_20_Starved_Aposymbiotic"
"197",187,"A_10_20_S_A",1,0.117113322,"Ammonium","10","20","Starved","Aposymbiotic","High","Ammonium_High_20_Starved_Aposymbiotic"
"198",167,"A_10_20_S_S",0,0.132756195,"Ammonium","10","20","Starved","Symbiotic","High","Ammonium_High_20_Starved_Symbiotic"
"199",182,"A_10_20_S_S",1,0.110647829,"Ammonium","10","20","Starved","Symbiotic","High","Ammonium_High_20_Starved_Symbiotic"
"200",169,"A_10_30_S_A",0,0.061659438,"Ammonium","10","30","Starved","Aposymbiotic","High","Ammonium_High_30_Starved_Aposymbiotic"
"201",190,"A_10_30_S_A",1,0.124533295,"Ammonium","10","30","Starved","Aposymbiotic","High","Ammonium_High_30_Starved_Aposymbiotic"
"202",171,"A_10_30_S_S",0,0.087780193,"Ammonium","10","30","Starved","Symbiotic","High","Ammonium_High_30_Starved_Symbiotic"
"203",185,"A_10_30_S_S",1,0.087273531,"Ammonium","10","30","Starved","Symbiotic","High","Ammonium_High_30_Starved_Symbiotic"
"204",184,"N_18_30_S_A",1,0.107721772,"Nitrate","18","30","Starved","Aposymbiotic","High","Nitrate_High_30_Starved_Aposymbiotic"
"205",166,"N_18_30_S_S",0,0.08473897,"Nitrate","18","30","Starved","Symbiotic","High","Nitrate_High_30_Starved_Symbiotic"
"206",173,"N_18_30_S_S",1,0.074098739,"Nitrate","18","30","Starved","Symbiotic","High","Nitrate_High_30_Starved_Symbiotic"
"207",178,"A_10_30_F_A",0,0.093881521,"Ammonium","10","30","Fed","Aposymbiotic","High","Ammonium_High_30_Fed_Aposymbiotic"
"208",187,"A_10_30_F_A",1,0.069974251,"Ammonium","10","30","Fed","Aposymbiotic","High","Ammonium_High_30_Fed_Aposymbiotic"
"209",167,"A_10_30_F_S",0,0.062342832,"Ammonium","10","30","Fed","Symbiotic","High","Ammonium_High_30_Fed_Symbiotic"
"210",182,"A_10_30_F_S",1,0.085761973,"Ammonium","10","30","Fed","Symbiotic","High","Ammonium_High_30_Fed_Symbiotic"
"211",163,"N_18_30_F_S",0,0.047322927,"Nitrate","18","30","Fed","Symbiotic","High","Nitrate_High_30_Fed_Symbiotic"
"212",171,"N_18_30_F_S",1,0.100003909,"Nitrate","18","30","Fed","Symbiotic","High","Nitrate_High_30_Fed_Symbiotic"
"213",166,"N_18_30_F_A",0,0.126930459,"Nitrate","18","30","Fed","Aposymbiotic","High","Nitrate_High_30_Fed_Aposymbiotic"
"214",184,"N_18_30_F_A",1,0.090555026,"Nitrate","18","30","Fed","Aposymbiotic","High","Nitrate_High_30_Fed_Aposymbiotic"
"215",169,"A_5_30_S_A",0,0.025687992,"Ammonium","5","30","Starved","Aposymbiotic","Low","Ammonium_Low_30_Starved_Aposymbiotic"
"216",187,"A_5_30_S_A",1,0.050957932,"Ammonium","5","30","Starved","Aposymbiotic","Low","Ammonium_Low_30_Starved_Aposymbiotic"
"217",167,"A_5_30_S_S",0,0.060021205,"Ammonium","5","30","Starved","Symbiotic","Low","Ammonium_Low_30_Starved_Symbiotic"
"218",182,"A_5_30_S_S",1,0.086852766,"Ammonium","5","30","Starved","Symbiotic","Low","Ammonium_Low_30_Starved_Symbiotic"
"219",166,"N_5_20_S_A",0,0.121617168,"Nitrate","5","20","Starved","Aposymbiotic","Medium","Nitrate_Medium_20_Starved_Aposymbiotic"
"220",184,"N_5_20_S_A",1,0.063307991,"Nitrate","5","20","Starved","Aposymbiotic","Medium","Nitrate_Medium_20_Starved_Aposymbiotic"
"221",164,"N_5_20_S_S",0,0.085590869,"Nitrate","5","20","Starved","Symbiotic","Medium","Nitrate_Medium_20_Starved_Symbiotic"
"222",172,"N_5_20_S_S",1,0.08451012,"Nitrate","5","20","Starved","Symbiotic","Medium","Nitrate_Medium_20_Starved_Symbiotic"
"223",166,"A_7.5_20_F_S",0,0.125016874,"Ammonium","7.5","20","Fed","Symbiotic","Medium","Ammonium_Medium_20_Fed_Symbiotic"
"224",175,"A_7.5_20_F_S",1,0.111943937,"Ammonium","7.5","20","Fed","Symbiotic","Medium","Ammonium_Medium_20_Fed_Symbiotic"
"225",178,"A_7.5_20_F_A",0,0.110660737,"Ammonium","7.5","20","Fed","Aposymbiotic","Medium","Ammonium_Medium_20_Fed_Aposymbiotic"
"226",184,"A_7.5_20_F_A",1,0.075829081,"Ammonium","7.5","20","Fed","Aposymbiotic","Medium","Ammonium_Medium_20_Fed_Aposymbiotic"
"227",187,"A_7.5_20_S_A",0,0.111494448,"Ammonium","7.5","20","Starved","Aposymbiotic","Medium","Ammonium_Medium_20_Starved_Aposymbiotic"
"228",167,"A_7.5_20_S_S",0,0.028406337,"Ammonium","7.5","20","Starved","Symbiotic","Medium","Ammonium_Medium_20_Starved_Symbiotic"
"229",169,"A_7.5_20_S_A",1,0.079567353,"Ammonium","7.5","20","Starved","Aposymbiotic","Medium","Ammonium_Medium_20_Starved_Aposymbiotic"
"230",182,"A_7.5_20_S_S",1,0.02985483,"Ammonium","7.5","20","Starved","Symbiotic","Medium","Ammonium_Medium_20_Starved_Symbiotic"
"231",167,"A_7.5_30_F_A",0,0.078201708,"Ammonium","7.5","30","Fed","Aposymbiotic","Medium","Ammonium_Medium_30_Fed_Aposymbiotic"
"232",178,"A_7.5_30_F_A",1,0.12445589,"Ammonium","7.5","30","Fed","Aposymbiotic","Medium","Ammonium_Medium_30_Fed_Aposymbiotic"
"233",167,"A_7.5_30_F_S",0,0.064860262,"Ammonium","7.5","30","Fed","Symbiotic","Medium","Ammonium_Medium_30_Fed_Symbiotic"
"234",181,"A_7.5_30_F_S",1,0.056825857,"Ammonium","7.5","30","Fed","Symbiotic","Medium","Ammonium_Medium_30_Fed_Symbiotic"
"235",181,"A_7.5_30_S_A",0,0.078468394,"Ammonium","7.5","30","Starved","Aposymbiotic","Medium","Ammonium_Medium_30_Starved_Aposymbiotic"
"236",188,"A_7.5_30_S_A",1,0.077327017,"Ammonium","7.5","30","Starved","Aposymbiotic","Medium","Ammonium_Medium_30_Starved_Aposymbiotic"
"237",171,"A_7.5_30_S_S",0,0.082515827,"Ammonium","7.5","30","Starved","Symbiotic","Medium","Ammonium_Medium_30_Starved_Symbiotic"
"238",171,"A_7.5_30_S_S",1,0.082515827,"Ammonium","7.5","30","Starved","Symbiotic","Medium","Ammonium_Medium_30_Starved_Symbiotic"
"239",160,"N_5_20_F_A",0,0.155505099,"Nitrate","5","20","Fed","Aposymbiotic","Medium","Nitrate_Medium_20_Fed_Aposymbiotic"
"240",169,"N_5_20_F_A",1,0.115825285,"Nitrate","5","20","Fed","Aposymbiotic","Medium","Nitrate_Medium_20_Fed_Aposymbiotic"
"241",161,"N_5_20_F_S",0,0.116540883,"Nitrate","5","20","Fed","Symbiotic","Medium","Nitrate_Medium_20_Fed_Symbiotic"
"242",171,"N_5_20_F_S",1,0.106636622,"Nitrate","5","20","Fed","Symbiotic","Medium","Nitrate_Medium_20_Fed_Symbiotic"
"243",165,"N_5_30_F_A",0,0.06375248,"Nitrate","5","30","Fed","Aposymbiotic","Medium","Nitrate_Medium_30_Fed_Aposymbiotic"
"244",170,"N_5_30_F_A",1,0.098982386,"Nitrate","5","30","Fed","Aposymbiotic","Medium","Nitrate_Medium_30_Fed_Aposymbiotic"
"245",163,"N_5_30_F_S",0,0.122391927,"Nitrate","5","30","Fed","Symbiotic","Medium","Nitrate_Medium_30_Fed_Symbiotic"
"246",171,"N_5_30_F_S",1,0.085524744,"Nitrate","5","30","Fed","Symbiotic","Medium","Nitrate_Medium_30_Fed_Symbiotic"
"247",171,"N_5_30_S_A",0,0.065156361,"Nitrate","5","30","Starved","Aposymbiotic","Medium","Nitrate_Medium_30_Starved_Aposymbiotic"
"248",184,"N_5_30_S_A",1,0.117364263,"Nitrate","5","30","Starved","Aposymbiotic","Medium","Nitrate_Medium_30_Starved_Aposymbiotic"
"249",166,"N_5_30_S_S",0,0.086899968,"Nitrate","5","30","Starved","Symbiotic","Medium","Nitrate_Medium_30_Starved_Symbiotic"
"250",173,"N_5_30_S_S",1,0.080459408,"Nitrate","5","30","Starved","Symbiotic","Medium","Nitrate_Medium_30_Starved_Symbiotic"
"251",175,"N_0_20_F_S",0,0.125491552,"Nitrate","0","20","Fed","Symbiotic","control-0","Nitrate_control-0_20_Fed_Symbiotic"
"252",206,"N_0_20_F_S",1,0.09637487,"Nitrate","0","20","Fed","Symbiotic","control-0","Nitrate_control-0_20_Fed_Symbiotic"
"253",174,"N_0_20_F_A",0,0.167448916,"Nitrate","0","20","Fed","Aposymbiotic","control-0","Nitrate_control-0_20_Fed_Aposymbiotic"
"254",226,"N_0_20_F_A",1,0.114374527,"Nitrate","0","20","Fed","Aposymbiotic","control-0","Nitrate_control-0_20_Fed_Aposymbiotic"
"255",207,"N_0_20_S_S",0,0.21608207,"Nitrate","0","20","Starved","Symbiotic","control-0","Nitrate_control-0_20_Starved_Symbiotic"
"256",228,"N_0_20_S_A",1,0.116935334,"Nitrate","0","20","Starved","Aposymbiotic","control-0","Nitrate_control-0_20_Starved_Aposymbiotic"
"257",186,"N_0_20_S_S",1,0.088015865,"Nitrate","0","20","Starved","Symbiotic","control-0","Nitrate_control-0_20_Starved_Symbiotic"
"258",194,"A_0_20_F_A
",0,0.119535514,"Ammonium","0","20","Fed","Aposymbiotic","control-0","Ammonium_control-0_20_Fed_Aposymbiotic"
"259",231,"A_0_20_F_A
",1,0.085719309,"Ammonium","0","20","Fed","Aposymbiotic","control-0","Ammonium_control-0_20_Fed_Aposymbiotic"
"260",193,"A_0_20_F_S",0,0.119035998,"Ammonium","0","20","Fed","Symbiotic","control-0","Ammonium_control-0_20_Fed_Symbiotic"
"261",220,"A_0_20_F_S",1,0.160821358,"Ammonium","0","20","Fed","Symbiotic","control-0","Ammonium_control-0_20_Fed_Symbiotic"
"262",210,"A_0_20_S_A",1,0.156722651,"Ammonium","0","20","Starved","Aposymbiotic","control-0","Ammonium_control-0_20_Starved_Aposymbiotic"
"263",201,"A_0_20_S_S",0,0.148060515,"Ammonium","0","20","Starved","Symbiotic","control-0","Ammonium_control-0_20_Starved_Symbiotic"
"264",222,"A_0_20_S_S",1,0.170416375,"Ammonium","0","20","Starved","Symbiotic","control-0","Ammonium_control-0_20_Starved_Symbiotic"
"265",174,"N_0_30_F_A",0,0.073999178,"Nitrate","0","30","Fed","Aposymbiotic","control-0","Nitrate_control-0_30_Fed_Aposymbiotic"
"266",226,"N_0_30_F_A",1,0.079647971,"Nitrate","0","30","Fed","Aposymbiotic","control-0","Nitrate_control-0_30_Fed_Aposymbiotic"
"267",185,"N_0_30_F_S",0,0.143536968,"Nitrate","0","30","Fed","Symbiotic","control-0","Nitrate_control-0_30_Fed_Symbiotic"
"268",206,"N_0_30_F_S",1,0.079231137,"Nitrate","0","30","Fed","Symbiotic","control-0","Nitrate_control-0_30_Fed_Symbiotic"
"269",193,"N_0_30_S_A",0,0.140611189,"Nitrate","0","30","Starved","Aposymbiotic","control-0","Nitrate_control-0_30_Starved_Aposymbiotic"
"270",206,"N_0_30_S_A",1,0.057115553,"Nitrate","0","30","Starved","Aposymbiotic","control-0","Nitrate_control-0_30_Starved_Aposymbiotic"
"271",196,"N_0_30_S_S",0,0.107485748,"Nitrate","0","30","Starved","Symbiotic","control-0","Nitrate_control-0_30_Starved_Symbiotic"
"272",208,"N_0_30_S_S",1,0.147341026,"Nitrate","0","30","Starved","Symbiotic","control-0","Nitrate_control-0_30_Starved_Symbiotic"
"273",210,"A_0_30_F_A",0,0.167931045,"Ammonium","0","30","Fed","Aposymbiotic","control-0","Ammonium_control-0_30_Fed_Aposymbiotic"
"274",232,"A_0_30_F_A",1,0.083913466,"Ammonium","0","30","Fed","Aposymbiotic","control-0","Ammonium_control-0_30_Fed_Aposymbiotic"
"275",198,"A_0_30_F_S",0,0.10791498,"Ammonium","0","30","Fed","Symbiotic","control-0","Ammonium_control-0_30_Fed_Symbiotic"
"276",220,"A_0_30_F_S",1,0.09451913,"Ammonium","0","30","Fed","Symbiotic","control-0","Ammonium_control-0_30_Fed_Symbiotic"
"277",198,"A_0_30_S_A",0,0.095361292,"Ammonium","0","30","Starved","Aposymbiotic","control-0","Ammonium_control-0_30_Starved_Aposymbiotic"
"278",221,"A_0_30_S_A",1,0.052223721,"Ammonium","0","30","Starved","Aposymbiotic","control-0","Ammonium_control-0_30_Starved_Aposymbiotic"
"279",205,"A_0_30_S_S",0,0.13496355,"Ammonium","0","30","Starved","Symbiotic","control-0","Ammonium_control-0_30_Starved_Symbiotic"
"280",199,"N_1.5_20_F_A",0,0.027683694,"Nitrate","1.5","20","Fed","Aposymbiotic","Low","Nitrate_Low_20_Fed_Aposymbiotic"
"281",185,"N_1.5_20_F_S",0,0.069310918,"Nitrate","1.5","20","Fed","Symbiotic","Low","Nitrate_Low_20_Fed_Symbiotic"
"282",206,"N_1.5_20_F_S",1,0.077192806,"Nitrate","1.5","20","Fed","Symbiotic","Low","Nitrate_Low_20_Fed_Symbiotic"
"283",174,"N_1.5_20_F_A",1,0.084661216,"Nitrate","1.5","20","Fed","Aposymbiotic","Low","Nitrate_Low_20_Fed_Aposymbiotic"
"284",203,"N_1.5_20_S_A",0,0.041151782,"Nitrate","1.5","20","Starved","Aposymbiotic","Low","Nitrate_Low_20_Starved_Aposymbiotic"
"285",228,"N_1.5_20_S_A",1,0.11382807,"Nitrate","1.5","20","Starved","Aposymbiotic","Low","Nitrate_Low_20_Starved_Aposymbiotic"
"286",186,"N_1.5_20_S_S",0,0.088975806,"Nitrate","1.5","20","Starved","Symbiotic","Low","Nitrate_Low_20_Starved_Symbiotic"
"287",208,"N_1.5_20_S_S",1,0.148187589,"Nitrate","1.5","20","Starved","Symbiotic","Low","Nitrate_Low_20_Starved_Symbiotic"
"288",209,"A_5_20_F_A",0,0.091867015,"Ammonium","5","20","Fed","Aposymbiotic","Low","Ammonium_Low_20_Fed_Aposymbiotic"
"289",232,"A_5_20_F_A",1,0.047011818,"Ammonium","5","20","Fed","Aposymbiotic","Low","Ammonium_Low_20_Fed_Aposymbiotic"
"290",198,"A_5_20_F_S",1,0.124287558,"Ammonium","5","20","Fed","Symbiotic","Low","Ammonium_Low_20_Fed_Symbiotic"
"291",220,"A_5_20_F_S",0,0.115699124,"Ammonium","5","20","Fed","Symbiotic","Low","Ammonium_Low_20_Fed_Symbiotic"
"292",197,"A_5_20_S_A",0,0.247304439,"Ammonium","5","20","Starved","Aposymbiotic","Low","Ammonium_Low_20_Starved_Aposymbiotic"
"293",218,"A_5_20_S_A",1,0.101862281,"Ammonium","5","20","Starved","Aposymbiotic","Low","Ammonium_Low_20_Starved_Aposymbiotic"
"294",201,"A_5_20_S_S",0,0.082265278,"Ammonium","5","20","Starved","Symbiotic","Low","Ammonium_Low_20_Starved_Symbiotic"
"295",222,"A_5_20_S_S",1,0.098164151,"Ammonium","5","20","Starved","Symbiotic","Low","Ammonium_Low_20_Starved_Symbiotic"
"296",206,"N_1.5_30_F_S",0,0.018841429,"Nitrate","1.5","30","Fed","Symbiotic","Low","Nitrate_Low_30_Fed_Symbiotic"
"297",185,"N_1.5_30_F_S",1,0.064213626,"Nitrate","1.5","30","Fed","Symbiotic","Low","Nitrate_Low_30_Fed_Symbiotic"
"298",186,"N_1.5_30_F_A",0,0.044307673,"Nitrate","1.5","30","Fed","Aposymbiotic","Low","Nitrate_Low_30_Fed_Aposymbiotic"
"299",227,"N_1.5_30_F_A",1,0.232987475,"Nitrate","1.5","30","Fed","Aposymbiotic","Low","Nitrate_Low_30_Fed_Aposymbiotic"
"300",198,"N_1.5_30_S_S",0,0.039887618,"Nitrate","1.5","30","Starved","Symbiotic","Low","Nitrate_Low_30_Starved_Symbiotic"
"301",211,"N_1.5_30_S_S",1,0.109437249,"Nitrate","1.5","30","Starved","Symbiotic","Low","Nitrate_Low_30_Starved_Symbiotic"
"302",193,"N_1.5_30_S_A",0,0.059504617,"Nitrate","1.5","30","Starved","Aposymbiotic","Low","Nitrate_Low_30_Starved_Aposymbiotic"
"303",207,"N_1.5_30_S_A",1,0.126035207,"Nitrate","1.5","30","Starved","Aposymbiotic","Low","Nitrate_Low_30_Starved_Aposymbiotic"
"304",210,"A_5_30_F_A",0,0.073635237,"Ammonium","5","30","Fed","Aposymbiotic","Low","Ammonium_Low_30_Fed_Aposymbiotic"
"305",232,"A_5_30_F_A",1,0.037576644,"Ammonium","5","30","Fed","Aposymbiotic","Low","Ammonium_Low_30_Fed_Aposymbiotic"
"306",198,"A_5_30_F_S",0,0.067492114,"Ammonium","5","30","Fed","Symbiotic","Low","Ammonium_Low_30_Fed_Symbiotic"
"307",221,"A_5_30_S_A",0,0.049422545,"Ammonium","5","30","Starved","Aposymbiotic","Low","Ammonium_Low_30_Starved_Aposymbiotic"
"308",175,"A_5_30_S_A",1,0.047941039,"Ammonium","5","30","Starved","Aposymbiotic","Low","Ammonium_Low_30_Starved_Aposymbiotic"
"309",205,"A_5_30_S_S",0,0.031862701,"Ammonium","5","30","Starved","Symbiotic","Low","Ammonium_Low_30_Starved_Symbiotic"
"310",192,"N_18_20_S_A",0,0.077610932,"Nitrate","18","20","Starved","Aposymbiotic","High","Nitrate_High_20_Starved_Aposymbiotic"
"311",228,"N_18_20_S_A",1,0.109767767,"Nitrate","18","20","Starved","Aposymbiotic","High","Nitrate_High_20_Starved_Aposymbiotic"
"312",193,"N_18_20_S_S",0,0.095784986,"Nitrate","18","20","Starved","Symbiotic","High","Nitrate_High_20_Starved_Symbiotic"
"313",208,"N_18_20_S_S",1,0.13233884,"Nitrate","18","20","Starved","Symbiotic","High","Nitrate_High_20_Starved_Symbiotic"
"314",196,"A_10_20_F_A",0,0.075772303,"Ammonium","10","20","Fed","Aposymbiotic","High","Ammonium_High_20_Fed_Aposymbiotic"
"315",210,"A_10_20_F_A",1,0.138786975,"Ammonium","10","20","Fed","Aposymbiotic","High","Ammonium_High_20_Fed_Aposymbiotic"
"316",198,"A_10_20_F_S",0,0.072064874,"Ammonium","10","20","Fed","Symbiotic","High","Ammonium_High_20_Fed_Symbiotic"
"317",220,"A_10_20_F_S",1,0.13131533,"Ammonium","10","20","Fed","Symbiotic","High","Ammonium_High_20_Fed_Symbiotic"
"318",233,"A_10_20_S_A",1,0.112870716,"Ammonium","10","20","Starved","Aposymbiotic","High","Ammonium_High_20_Starved_Aposymbiotic"
"319",205,"A_10_20_S_S",0,0.117959849,"Ammonium","10","20","Starved","Symbiotic","High","Ammonium_High_20_Starved_Symbiotic"
"320",222,"A_10_20_S_S",1,0.079533301,"Ammonium","10","20","Starved","Symbiotic","High","Ammonium_High_20_Starved_Symbiotic"
"321",202,"N_18_30_F_A",0,0.128280083,"Nitrate","18","30","Fed","Aposymbiotic","High","Nitrate_High_30_Fed_Aposymbiotic"
"322",228,"N_18_30_F_A",1,0.115291612,"Nitrate","18","30","Fed","Aposymbiotic","High","Nitrate_High_30_Fed_Aposymbiotic"
"323",193,"N_18_30_F_S",0,0.057006346,"Nitrate","18","30","Fed","Symbiotic","High","Nitrate_High_30_Fed_Symbiotic"
"324",207,"N_18_30_F_S",1,0.072482852,"Nitrate","18","30","Fed","Symbiotic","High","Nitrate_High_30_Fed_Symbiotic"
"325",194,"N_18_30_S_A",0,0.054394773,"Nitrate","18","30","Starved","Aposymbiotic","High","Nitrate_High_30_Starved_Aposymbiotic"
"326",231,"N_18_30_S_A",1,0.573280227,"Nitrate","18","30","Starved","Aposymbiotic","High","Nitrate_High_30_Starved_Aposymbiotic"
"327",193,"N_18_30_S_S",0,0.05687305,"Nitrate","18","30","Starved","Symbiotic","High","Nitrate_High_30_Starved_Symbiotic"
"328",218,"N_18_30_S_S",1,0.089381283,"Nitrate","18","30","Starved","Symbiotic","High","Nitrate_High_30_Starved_Symbiotic"
"329",210,"A_10_30_F_A",0,0.038535167,"Ammonium","10","30","Fed","Aposymbiotic","High","Ammonium_High_30_Fed_Aposymbiotic"
"330",232,"A_10_30_F_A",1,0.089959943,"Ammonium","10","30","Fed","Aposymbiotic","High","Ammonium_High_30_Fed_Aposymbiotic"
"331",200,"A_10_30_F_S",0,0.075937168,"Ammonium","10","30","Fed","Symbiotic","High","Ammonium_High_30_Fed_Symbiotic"
"332",222,"A_10_30_F_S",1,0.075942626,"Ammonium","10","30","Fed","Symbiotic","High","Ammonium_High_30_Fed_Symbiotic"
"333",206,"N_18_20_F_S",0,0.12562473,"Nitrate","18","20","Fed","Symbiotic","High","Nitrate_High_20_Fed_Symbiotic"
"334",174,"N_18_20_F_A",0,0.141121207,"Nitrate","18","20","Fed","Aposymbiotic","High","Nitrate_High_20_Fed_Aposymbiotic"
"335",185,"N_18_20_F_S",1,0.088364597,"Nitrate","18","20","Fed","Symbiotic","High","Nitrate_High_20_Fed_Symbiotic"
"336",206,"A_10_30_S_S",0,0.041430632,"Ammonium","10","30","Starved","Symbiotic","High","Ammonium_High_30_Starved_Symbiotic"
"337",233,"A_10_30_S_S",1,0.113263849,"Ammonium","10","30","Starved","Symbiotic","High","Ammonium_High_30_Starved_Symbiotic"
"338",198,"A_10_30_S_A",1,0.046014825,"Ammonium","10","30","Starved","Aposymbiotic","High","Ammonium_High_30_Starved_Aposymbiotic"
"339",226,"A_10_30_S_A",0,0.050408161,"Ammonium","10","30","Starved","Aposymbiotic","High","Ammonium_High_30_Starved_Aposymbiotic"
"340",186,"N_5_30_F_A",0,0.027081657,"Nitrate","5","30","Fed","Aposymbiotic","Medium","Nitrate_Medium_30_Fed_Aposymbiotic"
"341",192,"N_5_30_F_S",0,0.02115555,"Nitrate","5","30","Fed","Symbiotic","Medium","Nitrate_Medium_30_Fed_Symbiotic"
"342",207,"N_5_30_F_S",1,0.096614298,"Nitrate","5","30","Fed","Symbiotic","Medium","Nitrate_Medium_30_Fed_Symbiotic"
"343",194,"N_5_30_S_A",0,0.035142002,"Nitrate","5","30","Starved","Aposymbiotic","Medium","Nitrate_Medium_30_Starved_Aposymbiotic"
"344",231,"N_5_30_S_A",1,0.420508984,"Nitrate","5","30","Starved","Aposymbiotic","Medium","Nitrate_Medium_30_Starved_Aposymbiotic"
"345",193,"N_5_30_S_S",0,0.072762572,"Nitrate","5","30","Starved","Symbiotic","Medium","Nitrate_Medium_30_Starved_Symbiotic"
"346",218,"N_5_30_S_S",1,0.085889663,"Nitrate","5","30","Starved","Symbiotic","Medium","Nitrate_Medium_30_Starved_Symbiotic"
"347",232,"A_7.5_30_F_A",0,0.054060883,"Ammonium","7.5","30","Fed","Aposymbiotic","Medium","Ammonium_Medium_30_Fed_Aposymbiotic"
"348",198,"A_7.5_30_F_S",0,0.050092879,"Ammonium","7.5","30","Fed","Symbiotic","Medium","Ammonium_Medium_30_Fed_Symbiotic"
"349",221,"A_7.5_30_F_S",1,0.050275385,"Ammonium","7.5","30","Fed","Symbiotic","Medium","Ammonium_Medium_30_Fed_Symbiotic"
"350",210,"A_7.5_30_F_A",1,0.074222978,"Ammonium","7.5","30","Fed","Aposymbiotic","Medium","Ammonium_Medium_30_Fed_Aposymbiotic"
"351",206,"A_7.5_30_S_S",0,0.039157093,"Ammonium","7.5","30","Starved","Symbiotic","Medium","Ammonium_Medium_30_Starved_Symbiotic"
"352",233,"A_7.5_30_S_S",1,0.061492714,"Ammonium","7.5","30","Starved","Symbiotic","Medium","Ammonium_Medium_30_Starved_Symbiotic"
"353",226,"A_7.5_30_S_A",0,0.049460207,"Ammonium","7.5","30","Starved","Aposymbiotic","Medium","Ammonium_Medium_30_Starved_Aposymbiotic"
"354",198,"A_7.5_30_S_A",1,0.090009276,"Ammonium","7.5","30","Starved","Aposymbiotic","Medium","Ammonium_Medium_30_Starved_Aposymbiotic"
"355",199,"N_5_20_F_A",0,0.041745521,"Nitrate","5","20","Fed","Aposymbiotic","Medium","Nitrate_Medium_20_Fed_Aposymbiotic"
"356",226,"N_5_20_F_A",1,0.10596826,"Nitrate","5","20","Fed","Aposymbiotic","Medium","Nitrate_Medium_20_Fed_Aposymbiotic"
"357",185,"N_5_20_F_S",0,0.067014246,"Nitrate","5","20","Fed","Symbiotic","Medium","Nitrate_Medium_20_Fed_Symbiotic"
"358",206,"N_5_20_F_S",1,0.117590743,"Nitrate","5","20","Fed","Symbiotic","Medium","Nitrate_Medium_20_Fed_Symbiotic"
"359",187,"N_5_20_S_A",0,0.078198138,"Nitrate","5","20","Starved","Aposymbiotic","Medium","Nitrate_Medium_20_Starved_Aposymbiotic"
"360",204,"N_5_20_S_A",1,0.068218935,"Nitrate","5","20","Starved","Aposymbiotic","Medium","Nitrate_Medium_20_Starved_Aposymbiotic"
"361",186,"N_5_20_S_S",0,0.059721938,"Nitrate","5","20","Starved","Symbiotic","Medium","Nitrate_Medium_20_Starved_Symbiotic"
"362",208,"N_5_20_S_S",1,0.130090147,"Nitrate","5","20","Starved","Symbiotic","Medium","Nitrate_Medium_20_Starved_Symbiotic"
"363",195,"A_7.5_20_F_A",0,0.049037021,"Ammonium","7.5","20","Fed","Aposymbiotic","Medium","Ammonium_Medium_20_Fed_Aposymbiotic"
"364",232,"A_7.5_20_F_A",1,0.094291373,"Ammonium","7.5","20","Fed","Aposymbiotic","Medium","Ammonium_Medium_20_Fed_Aposymbiotic"
"365",198,"A_7.5_20_F_S",0,0.052395757,"Ammonium","7.5","20","Fed","Symbiotic","Medium","Ammonium_Medium_20_Fed_Symbiotic"
"366",220,"A_7.5_20_F_S",1,0.18434537,"Ammonium","7.5","20","Fed","Symbiotic","Medium","Ammonium_Medium_20_Fed_Symbiotic"
"367",197,"A_7.5_20_S_A",0,0.124782775,"Ammonium","7.5","20","Starved","Aposymbiotic","Medium","Ammonium_Medium_20_Starved_Aposymbiotic"
"368",233,"A_7.5_20_S_A",1,0.04859749,"Ammonium","7.5","20","Starved","Aposymbiotic","Medium","Ammonium_Medium_20_Starved_Aposymbiotic"
"369",201,"A_7.5_20_S_S",0,0.105747002,"Ammonium","7.5","20","Starved","Symbiotic","Medium","Ammonium_Medium_20_Starved_Symbiotic"
"370",222,"A_7.5_20_S_S",1,0.098215003,"Ammonium","7.5","20","Starved","Symbiotic","Medium","Ammonium_Medium_20_Starved_Symbiotic"
"371",149,"N_0_20_F_A",0,0.14343632,"Nitrate","0","20","Fed","Aposymbiotic","control-0","Nitrate_control-0_20_Fed_Aposymbiotic"
"372",184,"N_0_20_F_A",1,0.171108015,"Nitrate","0","20","Fed","Aposymbiotic","control-0","Nitrate_control-0_20_Fed_Aposymbiotic"
"373",159,"N_0_20_F_S",0,0.104599018,"Nitrate","0","20","Fed","Symbiotic","control-0","Nitrate_control-0_20_Fed_Symbiotic"
"374",223,"N_0_20_F_S",1,0.070189379,"Nitrate","0","20","Fed","Symbiotic","control-0","Nitrate_control-0_20_Fed_Symbiotic"
"375",169,"N_0_20_S_A",0,0.06793794,"Nitrate","0","20","Starved","Aposymbiotic","control-0","Nitrate_control-0_20_Starved_Aposymbiotic"
"376",203,"N_0_20_S_A",1,0.181184453,"Nitrate","0","20","Starved","Aposymbiotic","control-0","Nitrate_control-0_20_Starved_Aposymbiotic"
"377",180,"N_0_20_S_S",0,0.040495931,"Nitrate","0","20","Starved","Symbiotic","control-0","Nitrate_control-0_20_Starved_Symbiotic"
"378",208,"N_0_20_S_S",1,0.118783515,"Nitrate","0","20","Starved","Symbiotic","control-0","Nitrate_control-0_20_Starved_Symbiotic"
"379",170,"A_0_20_F_A
",0,0.095456951,"Ammonium","0","20","Fed","Aposymbiotic","control-0","Ammonium_control-0_20_Fed_Aposymbiotic"
"380",212,"A_0_20_F_A
",1,0.06976092,"Ammonium","0","20","Fed","Aposymbiotic","control-0","Ammonium_control-0_20_Fed_Aposymbiotic"
"381",211,"A_0_20_F_S",0,0.131669433,"Ammonium","0","20","Fed","Symbiotic","control-0","Ammonium_control-0_20_Fed_Symbiotic"
"382",226,"A_0_20_F_S",1,0.146050989,"Ammonium","0","20","Fed","Symbiotic","control-0","Ammonium_control-0_20_Fed_Symbiotic"
"383",215,"A_0_20_S_A",0,0.080429356,"Ammonium","0","20","Starved","Aposymbiotic","control-0","Ammonium_control-0_20_Starved_Aposymbiotic"
"384",171,"A_0_20_S_A",1,0.086258968,"Ammonium","0","20","Starved","Aposymbiotic","control-0","Ammonium_control-0_20_Starved_Aposymbiotic"
"385",217,"A_0_20_S_S",0,0.074392503,"Ammonium","0","20","Starved","Symbiotic","control-0","Ammonium_control-0_20_Starved_Symbiotic"
"386",233,"A_0_20_S_S",1,0.11439849,"Ammonium","0","20","Starved","Symbiotic","control-0","Ammonium_control-0_20_Starved_Symbiotic"
"387",167,"N_0_30_F_A",0,0.072618821,"Nitrate","0","30","Fed","Aposymbiotic","control-0","Nitrate_control-0_30_Fed_Aposymbiotic"
"388",195,"N_0_30_F_A",1,0.083731247,"Nitrate","0","30","Fed","Aposymbiotic","control-0","Nitrate_control-0_30_Fed_Aposymbiotic"
"389",206,"N_0_30_F_S",0,0.051867893,"Nitrate","0","30","Fed","Symbiotic","control-0","Nitrate_control-0_30_Fed_Symbiotic"
"390",223,"N_0_30_F_S",1,0.057669903,"Nitrate","0","30","Fed","Symbiotic","control-0","Nitrate_control-0_30_Fed_Symbiotic"
"391",170,"N_0_30_S_A",0,0.044019645,"Nitrate","0","30","Starved","Aposymbiotic","control-0","Nitrate_control-0_30_Starved_Aposymbiotic"
"392",211,"N_0_30_S_A",1,0.021545761,"Nitrate","0","30","Starved","Aposymbiotic","control-0","Nitrate_control-0_30_Starved_Aposymbiotic"
"393",208,"N_0_30_S_S",0,0.080239079,"Nitrate","0","30","Starved","Symbiotic","control-0","Nitrate_control-0_30_Starved_Symbiotic"
"394",225,"N_0_30_S_S",1,0.079826683,"Nitrate","0","30","Starved","Symbiotic","control-0","Nitrate_control-0_30_Starved_Symbiotic"
"395",170,"A_0_30_F_A",0,0.03680397,"Ammonium","0","30","Fed","Aposymbiotic","control-0","Ammonium_control-0_30_Fed_Aposymbiotic"
"396",213,"A_0_30_F_A",1,0.04025387,"Ammonium","0","30","Fed","Aposymbiotic","control-0","Ammonium_control-0_30_Fed_Aposymbiotic"
"397",196,"A_0_30_F_S",0,0.065238671,"Ammonium","0","30","Fed","Symbiotic","control-0","Ammonium_control-0_30_Fed_Symbiotic"
"398",226,"A_0_30_F_S",1,0.060145569,"Ammonium","0","30","Fed","Symbiotic","control-0","Ammonium_control-0_30_Fed_Symbiotic"
"399",224,"A_0_30_S_A",0,0.030655281,"Ammonium","0","30","Starved","Aposymbiotic","control-0","Ammonium_control-0_30_Starved_Aposymbiotic"
"400",198,"A_0_30_S_S",0,0.044756812,"Ammonium","0","30","Starved","Symbiotic","control-0","Ammonium_control-0_30_Starved_Symbiotic"
"401",233,"A_0_30_S_S",1,0.057410265,"Ammonium","0","30","Starved","Symbiotic","control-0","Ammonium_control-0_30_Starved_Symbiotic"
"402",178,"A_0_30_S_A",1,0.087078377,"Ammonium","0","30","Starved","Aposymbiotic","control-0","Ammonium_control-0_30_Starved_Aposymbiotic"
"403",157,"N_1.5_20_F_A",0,0.062114904,"Nitrate","1.5","20","Fed","Aposymbiotic","Low","Nitrate_Low_20_Fed_Aposymbiotic"
"404",184,"N_1.5_20_F_A",1,0.075849499,"Nitrate","1.5","20","Fed","Aposymbiotic","Low","Nitrate_Low_20_Fed_Aposymbiotic"
"405",171,"N_1.5_20_F_S",0,0.050798893,"Nitrate","1.5","20","Fed","Symbiotic","Low","Nitrate_Low_20_Fed_Symbiotic"
"406",223,"N_1.5_20_F_S",1,0.178145396,"Nitrate","1.5","20","Fed","Symbiotic","Low","Nitrate_Low_20_Fed_Symbiotic"
"407",167,"N_1.5_30_F_A",0,0.014759857,"Nitrate","1.5","30","Fed","Aposymbiotic","Low","Nitrate_Low_30_Fed_Aposymbiotic"
"408",196,"N_1.5_30_F_A",1,0.055942573,"Nitrate","1.5","30","Fed","Aposymbiotic","Low","Nitrate_Low_30_Fed_Aposymbiotic"
"409",175,"N_1.5_30_F_S",1,0.076110669,"Nitrate","1.5","30","Fed","Symbiotic","Low","Nitrate_Low_30_Fed_Symbiotic"
"410",223,"N_1.5_30_F_S",0,0.073191137,"Nitrate","1.5","30","Fed","Symbiotic","Low","Nitrate_Low_30_Fed_Symbiotic"
"411",169,"N_1.5_20_S_A",0,0.045254641,"Nitrate","1.5","20","Starved","Aposymbiotic","Low","Nitrate_Low_20_Starved_Aposymbiotic"
"412",206,"N_1.5_20_S_A",1,0.057497234,"Nitrate","1.5","20","Starved","Aposymbiotic","Low","Nitrate_Low_20_Starved_Aposymbiotic"
"413",208,"N_1.5_20_S_S",0,0.068009724,"Nitrate","1.5","20","Starved","Symbiotic","Low","Nitrate_Low_20_Starved_Symbiotic"
"414",225,"N_1.5_20_S_S",1,0.050002608,"Nitrate","1.5","20","Starved","Symbiotic","Low","Nitrate_Low_20_Starved_Symbiotic"
"415",170,"N_1.5_30_S_A",0,0.044456675,"Nitrate","1.5","30","Starved","Aposymbiotic","Low","Nitrate_Low_30_Starved_Aposymbiotic"
"416",212,"N_1.5_30_S_A",1,0.064711383,"Nitrate","1.5","30","Starved","Aposymbiotic","Low","Nitrate_Low_30_Starved_Aposymbiotic"
"417",188,"N_1.5_30_S_S",0,0.052383209,"Nitrate","1.5","30","Starved","Symbiotic","Low","Nitrate_Low_30_Starved_Symbiotic"
"418",225,"N_1.5_30_S_S",1,0.073588375,"Nitrate","1.5","30","Starved","Symbiotic","Low","Nitrate_Low_30_Starved_Symbiotic"
"419",170,"A_5_30_F_A",0,0.047174971,"Ammonium","5","30","Fed","Aposymbiotic","Low","Ammonium_Low_30_Fed_Aposymbiotic"
"420",213,"A_5_30_F_A",1,0.117255949,"Ammonium","5","30","Fed","Aposymbiotic","Low","Ammonium_Low_30_Fed_Aposymbiotic"
"421",196,"A_5_30_F_S",0,0.040067399,"Ammonium","5","30","Fed","Symbiotic","Low","Ammonium_Low_30_Fed_Symbiotic"
"422",178,"A_5_30_S_A",0,0.158342226,"Ammonium","5","30","Starved","Aposymbiotic","Low","Ammonium_Low_30_Starved_Aposymbiotic"
"423",225,"A_5_30_S_A",1,0.177273056,"Ammonium","5","30","Starved","Aposymbiotic","Low","Ammonium_Low_30_Starved_Aposymbiotic"
"424",198,"A_5_30_S_S",0,0.039156444,"Ammonium","5","30","Starved","Symbiotic","Low","Ammonium_Low_30_Starved_Symbiotic"
"425",218,"A_5_30_S_S",1,0.06505312,"Ammonium","5","30","Starved","Symbiotic","Low","Ammonium_Low_30_Starved_Symbiotic"
"426",170,"A_5_20_F_A",0,0.10152209,"Ammonium","5","20","Fed","Aposymbiotic","Low","Ammonium_Low_20_Fed_Aposymbiotic"
"427",212,"A_5_20_F_A",1,0.074558675,"Ammonium","5","20","Fed","Aposymbiotic","Low","Ammonium_Low_20_Fed_Aposymbiotic"
"428",191,"A_5_20_F_S",0,0.059562156,"Ammonium","5","20","Fed","Symbiotic","Low","Ammonium_Low_20_Fed_Symbiotic"
"429",171,"A_5_20_F_S",1,0.120301961,"Ammonium","5","20","Fed","Symbiotic","Low","Ammonium_Low_20_Fed_Symbiotic"
"430",171,"A_5_20_S_A",0,0.052814245,"Ammonium","5","20","Starved","Aposymbiotic","Low","Ammonium_Low_20_Starved_Aposymbiotic"
"431",216,"A_5_20_S_A",1,0.089939198,"Ammonium","5","20","Starved","Aposymbiotic","Low","Ammonium_Low_20_Starved_Aposymbiotic"
"432",217,"A_5_20_S_S",0,0.103860755,"Ammonium","5","20","Starved","Symbiotic","Low","Ammonium_Low_20_Starved_Symbiotic"
"433",233,"A_5_20_S_S",1,0.105679478,"Ammonium","5","20","Starved","Symbiotic","Low","Ammonium_Low_20_Starved_Symbiotic"
"434",171,"A_10_30_F_A",0,0.079512339,"Ammonium","10","30","Fed","Aposymbiotic","High","Ammonium_High_30_Fed_Aposymbiotic"
"435",215,"A_10_30_F_A",1,0.153436797,"Ammonium","10","30","Fed","Aposymbiotic","High","Ammonium_High_30_Fed_Aposymbiotic"
"436",217,"A_10_30_F_S",0,0.121276914,"Ammonium","10","30","Fed","Symbiotic","High","Ammonium_High_30_Fed_Symbiotic"
"437",233,"A_10_30_F_S",1,0.148172607,"Ammonium","10","30","Fed","Symbiotic","High","Ammonium_High_30_Fed_Symbiotic"
"438",184,"A_10_30_S_A",0,0.109594191,"Ammonium","10","30","Starved","Aposymbiotic","High","Ammonium_High_30_Starved_Aposymbiotic"
"439",225,"A_10_30_S_A",1,0.104985586,"Ammonium","10","30","Starved","Aposymbiotic","High","Ammonium_High_30_Starved_Aposymbiotic"
"440",200,"A_10_30_S_S",0,0.103546586,"Ammonium","10","30","Starved","Symbiotic","High","Ammonium_High_30_Starved_Symbiotic"
"441",223,"A_10_30_S_S",1,0.110576094,"Ammonium","10","30","Starved","Symbiotic","High","Ammonium_High_30_Starved_Symbiotic"
"442",194,"N_18_20_F_A",0,0.080700117,"Nitrate","18","20","Fed","Aposymbiotic","High","Nitrate_High_20_Fed_Aposymbiotic"
"443",205,"N_18_20_F_S",0,0.120767422,"Nitrate","18","20","Fed","Symbiotic","High","Nitrate_High_20_Fed_Symbiotic"
"444",223,"N_18_20_F_S",1,0.143934107,"Nitrate","18","20","Fed","Symbiotic","High","Nitrate_High_20_Fed_Symbiotic"
"445",159,"N_18_20_F_A",1,0.15671939,"Nitrate","18","20","Fed","Aposymbiotic","High","Nitrate_High_20_Fed_Aposymbiotic"
"446",170,"N_18_20_S_A",0,0.079900531,"Nitrate","18","20","Starved","Aposymbiotic","High","Nitrate_High_20_Starved_Aposymbiotic"
"447",210,"N_18_20_S_A",1,0.098503725,"Nitrate","18","20","Starved","Aposymbiotic","High","Nitrate_High_20_Starved_Aposymbiotic"
"448",188,"N_18_20_S_S",0,0.103440903,"Nitrate","18","20","Starved","Symbiotic","High","Nitrate_High_20_Starved_Symbiotic"
"449",225,"N_18_20_S_S",1,0.094002391,"Nitrate","18","20","Starved","Symbiotic","High","Nitrate_High_20_Starved_Symbiotic"
"450",170,"A_10_20_F_A",0,0.095655223,"Ammonium","10","20","Fed","Aposymbiotic","High","Ammonium_High_20_Fed_Aposymbiotic"
"451",213,"A_10_20_F_A",1,0.11994229,"Ammonium","10","20","Fed","Aposymbiotic","High","Ammonium_High_20_Fed_Aposymbiotic"
"452",196,"A_10_20_F_S",0,0.090328546,"Ammonium","10","20","Fed","Symbiotic","High","Ammonium_High_20_Fed_Symbiotic"
"453",182,"A_10_20_F_S",1,0.117873806,"Ammonium","10","20","Fed","Symbiotic","High","Ammonium_High_20_Fed_Symbiotic"
"454",224,"A_10_20_S_A",1,0.143895625,"Ammonium","10","20","Starved","Aposymbiotic","High","Ammonium_High_20_Starved_Aposymbiotic"
"455",217,"A_10_20_S_S",0,0.12521427,"Ammonium","10","20","Starved","Symbiotic","High","Ammonium_High_20_Starved_Symbiotic"
"456",233,"A_10_20_S_S",1,0.157000526,"Ammonium","10","20","Starved","Symbiotic","High","Ammonium_High_20_Starved_Symbiotic"
"457",201,"N_18_30_F_A",1,0.135337255,"Nitrate","18","30","Fed","Aposymbiotic","High","Nitrate_High_30_Fed_Aposymbiotic"
"458",175,"N_18_30_F_S",0,0.14051421,"Nitrate","18","30","Fed","Symbiotic","High","Nitrate_High_30_Fed_Symbiotic"
"459",207,"N_18_30_F_S",1,0.102074821,"Nitrate","18","30","Fed","Symbiotic","High","Nitrate_High_30_Fed_Symbiotic"
"460",170,"N_18_30_S_A",0,0.076772153,"Nitrate","18","30","Starved","Aposymbiotic","High","Nitrate_High_30_Starved_Aposymbiotic"
"461",212,"N_18_30_S_A",1,0.127921561,"Nitrate","18","30","Starved","Aposymbiotic","High","Nitrate_High_30_Starved_Aposymbiotic"
"462",209,"N_18_30_S_S",0,0.141342801,"Nitrate","18","30","Starved","Symbiotic","High","Nitrate_High_30_Starved_Symbiotic"
"463",226,"N_18_30_S_S",1,0.084310664,"Nitrate","18","30","Starved","Symbiotic","High","Nitrate_High_30_Starved_Symbiotic"
"464",170,"A_7.5_20_F_A",0,0.215172137,"Ammonium","7.5","20","Fed","Aposymbiotic","Medium","Ammonium_Medium_20_Fed_Aposymbiotic"
"465",213,"A_7.5_20_F_A",1,0.156278457,"Ammonium","7.5","20","Fed","Aposymbiotic","Medium","Ammonium_Medium_20_Fed_Aposymbiotic"
"466",211,"A_7.5_20_F_S",0,0.038862393,"Ammonium","7.5","20","Fed","Symbiotic","Medium","Ammonium_Medium_20_Fed_Symbiotic"
"467",185,"A_7.5_20_F_S",1,0.076132605,"Ammonium","7.5","20","Fed","Symbiotic","Medium","Ammonium_Medium_20_Fed_Symbiotic"
"468",190,"A_7.5_20_S_A",0,0.097327146,"Ammonium","7.5","20","Starved","Aposymbiotic","Medium","Ammonium_Medium_20_Starved_Aposymbiotic"
"469",216,"A_7.5_20_S_A",1,0.203945882,"Ammonium","7.5","20","Starved","Aposymbiotic","Medium","Ammonium_Medium_20_Starved_Aposymbiotic"
"470",217,"A_7.5_20_S_S",0,0.092787646,"Ammonium","7.5","20","Starved","Symbiotic","Medium","Ammonium_Medium_20_Starved_Symbiotic"
"471",233,"A_7.5_20_S_S",1,0.220198414,"Ammonium","7.5","20","Starved","Symbiotic","Medium","Ammonium_Medium_20_Starved_Symbiotic"
"472",168,"N_5_30_F_A",0,0.073018261,"Nitrate","5","30","Fed","Aposymbiotic","Medium","Nitrate_Medium_30_Fed_Aposymbiotic"
"473",197,"N_5_30_F_A",1,0.066120004,"Nitrate","5","30","Fed","Aposymbiotic","Medium","Nitrate_Medium_30_Fed_Aposymbiotic"
"474",175,"N_5_30_F_S",0,0.143578181,"Nitrate","5","30","Fed","Symbiotic","Medium","Nitrate_Medium_30_Fed_Symbiotic"
"475",223,"N_5_30_F_S",1,0.105087146,"Nitrate","5","30","Fed","Symbiotic","Medium","Nitrate_Medium_30_Fed_Symbiotic"
"476",170,"N_5_30_S_A",0,0.066393135,"Nitrate","5","30","Starved","Aposymbiotic","Medium","Nitrate_Medium_30_Starved_Aposymbiotic"
"477",212,"N_5_30_S_A",1,0.102384,"Nitrate","5","30","Starved","Aposymbiotic","Medium","Nitrate_Medium_30_Starved_Aposymbiotic"
"478",189,"N_5_30_S_S",0,0.075857754,"Nitrate","5","30","Starved","Symbiotic","Medium","Nitrate_Medium_30_Starved_Symbiotic"
"479",171,"A_7.5_30_F_A",0,0.050182969,"Ammonium","7.5","30","Fed","Aposymbiotic","Medium","Ammonium_Medium_30_Fed_Aposymbiotic"
"480",196,"A_7.5_30_F_S",0,0.078841582,"Ammonium","7.5","30","Fed","Symbiotic","Medium","Ammonium_Medium_30_Fed_Symbiotic"
"481",233,"A_7.5_30_F_S",1,0.076799296,"Ammonium","7.5","30","Fed","Symbiotic","Medium","Ammonium_Medium_30_Fed_Symbiotic"
"482",171,"N_5_20_F_S",0,0.080904839,"Nitrate","5","20","Fed","Symbiotic","Medium","Nitrate_Medium_20_Fed_Symbiotic"
"483",223,"N_5_20_F_S",1,0.062798534,"Nitrate","5","20","Fed","Symbiotic","Medium","Nitrate_Medium_20_Fed_Symbiotic"
"484",159,"N_5_20_F_A",0,0.069820017,"Nitrate","5","20","Fed","Aposymbiotic","Medium","Nitrate_Medium_20_Fed_Aposymbiotic"
"485",192,"N_5_20_F_A",1,0.095944451,"Nitrate","5","20","Fed","Aposymbiotic","Medium","Nitrate_Medium_20_Fed_Aposymbiotic"
"486",200,"A_7.5_30_S_S",0,0.056703251,"Ammonium","7.5","30","Starved","Symbiotic","Medium","Ammonium_Medium_30_Starved_Symbiotic"
"487",234,"A_7.5_30_S_S",1,0.059867696,"Ammonium","7.5","30","Starved","Symbiotic","Medium","Ammonium_Medium_30_Starved_Symbiotic"
"488",178,"A_7.5_30_S_A",0,0.102573519,"Ammonium","7.5","30","Starved","Aposymbiotic","Medium","Ammonium_Medium_30_Starved_Aposymbiotic"
"489",225,"A_7.5_30_S_A",1,0.037322174,"Ammonium","7.5","30","Starved","Aposymbiotic","Medium","Ammonium_Medium_30_Starved_Aposymbiotic"
"490",169,"N_5_20_S_A",0,0.073542425,"Nitrate","5","20","Starved","Aposymbiotic","Medium","Nitrate_Medium_20_Starved_Aposymbiotic"
"491",209,"N_5_20_S_A",1,0.187278812,"Nitrate","5","20","Starved","Aposymbiotic","Medium","Nitrate_Medium_20_Starved_Aposymbiotic"
"492",186,"N_5_20_S_S",0,0.079091389,"Nitrate","5","20","Starved","Symbiotic","Medium","Nitrate_Medium_20_Starved_Symbiotic"
"493",225,"N_5_20_S_S",1,0.136182646,"Nitrate","5","20","Starved","Symbiotic","Medium","Nitrate_Medium_20_Starved_Symbiotic"
"494",239,"N_0_20_F_S",1,0.099494056,"Nitrate","0","20","Fed","Symbiotic","control-0","Nitrate_control-0_20_Fed_Symbiotic"
"495",240,"N_0_20_F_S",0,0.125660217,"Nitrate","0","20","Fed","Symbiotic","control-0","Nitrate_control-0_20_Fed_Symbiotic"
"496",223,"N_0_20_F_A",1,0.233825669,"Nitrate","0","20","Fed","Aposymbiotic","control-0","Nitrate_control-0_20_Fed_Aposymbiotic"
"497",237,"N_0_20_F_A",0,0.063596661,"Nitrate","0","20","Fed","Aposymbiotic","control-0","Nitrate_control-0_20_Fed_Aposymbiotic"
"498",241,"N_0_20_S_S",1,0.087499499,"Nitrate","0","20","Starved","Symbiotic","control-0","Nitrate_control-0_20_Starved_Symbiotic"
"499",237,"N_0_20_S_A",1,0.11142044,"Nitrate","0","20","Starved","Aposymbiotic","control-0","Nitrate_control-0_20_Starved_Aposymbiotic"
"500",237,"N_0_20_S_A",0,0.105758245,"Nitrate","0","20","Starved","Aposymbiotic","control-0","Nitrate_control-0_20_Starved_Aposymbiotic"
"501",239,"N_0_20_S_S",0,0.111617353,"Nitrate","0","20","Starved","Symbiotic","control-0","Nitrate_control-0_20_Starved_Symbiotic"
"502",237,"A_0_20_F_A
",0,0.099212535,"Ammonium","0","20","Fed","Aposymbiotic","control-0","Ammonium_control-0_20_Fed_Aposymbiotic"
"503",237,"A_0_20_F_A
",1,0.103630518,"Ammonium","0","20","Fed","Aposymbiotic","control-0","Ammonium_control-0_20_Fed_Aposymbiotic"
"504",241,"A_0_20_F_S",1,0.089653481,"Ammonium","0","20","Fed","Symbiotic","control-0","Ammonium_control-0_20_Fed_Symbiotic"
"505",235,"A_0_20_S_A",0,0.059052104,"Ammonium","0","20","Starved","Aposymbiotic","control-0","Ammonium_control-0_20_Starved_Aposymbiotic"
"506",237,"A_0_20_S_A",1,0.039160314,"Ammonium","0","20","Starved","Aposymbiotic","control-0","Ammonium_control-0_20_Starved_Aposymbiotic"
"507",240,"A_0_20_S_S",0,0.087414988,"Ammonium","0","20","Starved","Symbiotic","control-0","Ammonium_control-0_20_Starved_Symbiotic"
"508",241,"A_0_20_S_S",1,0.067488558,"Ammonium","0","20","Starved","Symbiotic","control-0","Ammonium_control-0_20_Starved_Symbiotic"
"509",226,"N_0_30_F_A",1,0.075639082,"Nitrate","0","30","Fed","Aposymbiotic","control-0","Nitrate_control-0_30_Fed_Aposymbiotic"
"510",237,"N_0_30_F_A",0,0.108061135,"Nitrate","0","30","Fed","Aposymbiotic","control-0","Nitrate_control-0_30_Fed_Aposymbiotic"
"511",239,"N_0_30_F_S",1,0.085989784,"Nitrate","0","30","Fed","Symbiotic","control-0","Nitrate_control-0_30_Fed_Symbiotic"
"512",240,"N_0_30_F_S",0,0.02334343,"Nitrate","0","30","Fed","Symbiotic","control-0","Nitrate_control-0_30_Fed_Symbiotic"
"513",229,"N_0_30_S_A",1,0.087619858,"Nitrate","0","30","Starved","Aposymbiotic","control-0","Nitrate_control-0_30_Starved_Aposymbiotic"
"514",237,"N_0_30_S_A",0,0.146336596,"Nitrate","0","30","Starved","Aposymbiotic","control-0","Nitrate_control-0_30_Starved_Aposymbiotic"
"515",239,"N_0_30_S_S",1,0.105525172,"Nitrate","0","30","Starved","Symbiotic","control-0","Nitrate_control-0_30_Starved_Symbiotic"
"516",241,"N_0_30_S_S",0,0.094159604,"Nitrate","0","30","Starved","Symbiotic","control-0","Nitrate_control-0_30_Starved_Symbiotic"
"517",235,"A_0_30_F_A",0,0.043768181,"Ammonium","0","30","Fed","Aposymbiotic","control-0","Ammonium_control-0_30_Fed_Aposymbiotic"
"518",237,"A_0_30_F_A",1,0.165903042,"Ammonium","0","30","Fed","Aposymbiotic","control-0","Ammonium_control-0_30_Fed_Aposymbiotic"
"519",240,"A_0_30_F_S",0,0.052846542,"Ammonium","0","30","Fed","Symbiotic","control-0","Ammonium_control-0_30_Fed_Symbiotic"
"520",241,"A_0_30_F_S",1,0.071623512,"Ammonium","0","30","Fed","Symbiotic","control-0","Ammonium_control-0_30_Fed_Symbiotic"
"521",237,"A_0_30_S_A",0,0.094375365,"Ammonium","0","30","Starved","Aposymbiotic","control-0","Ammonium_control-0_30_Starved_Aposymbiotic"
"522",237,"A_0_30_S_A",1,0.132038698,"Ammonium","0","30","Starved","Aposymbiotic","control-0","Ammonium_control-0_30_Starved_Aposymbiotic"
"523",240,"A_0_30_S_S",0,0.076530534,"Ammonium","0","30","Starved","Symbiotic","control-0","Ammonium_control-0_30_Starved_Symbiotic"
"524",241,"A_0_30_S_S",1,0.07640834,"Ammonium","0","30","Starved","Symbiotic","control-0","Ammonium_control-0_30_Starved_Symbiotic"
"525",223,"N_1.5_20_F_A",1,0.074366219,"Nitrate","1.5","20","Fed","Aposymbiotic","Low","Nitrate_Low_20_Fed_Aposymbiotic"
"526",237,"N_1.5_20_F_A",0,0.079101101,"Nitrate","1.5","20","Fed","Aposymbiotic","Low","Nitrate_Low_20_Fed_Aposymbiotic"
"527",239,"N_1.5_20_F_S",1,0.13591809,"Nitrate","1.5","20","Fed","Symbiotic","Low","Nitrate_Low_20_Fed_Symbiotic"
"528",240,"N_1.5_20_F_S",0,0.119272188,"Nitrate","1.5","20","Fed","Symbiotic","Low","Nitrate_Low_20_Fed_Symbiotic"
"529",227,"N_1.5_20_S_A",1,0.394076958,"Nitrate","1.5","20","Starved","Aposymbiotic","Low","Nitrate_Low_20_Starved_Aposymbiotic"
"530",237,"N_1.5_20_S_A",0,0.102398565,"Nitrate","1.5","20","Starved","Aposymbiotic","Low","Nitrate_Low_20_Starved_Aposymbiotic"
"531",239,"N_1.5_20_S_S",1,0.110002581,"Nitrate","1.5","20","Starved","Symbiotic","Low","Nitrate_Low_20_Starved_Symbiotic"
"532",230,"N_1.5_20_S_S",0,0.171212115,"Nitrate","1.5","20","Starved","Symbiotic","Low","Nitrate_Low_20_Starved_Symbiotic"
"533",237,"A_5_20_F_A",0,0.113755355,"Ammonium","5","20","Fed","Aposymbiotic","Low","Ammonium_Low_20_Fed_Aposymbiotic"
"534",237,"A_5_20_F_A",1,0.07508408,"Ammonium","5","20","Fed","Aposymbiotic","Low","Ammonium_Low_20_Fed_Aposymbiotic"
"535",239,"A_5_20_F_S",0,0.188524588,"Ammonium","5","20","Fed","Symbiotic","Low","Ammonium_Low_20_Fed_Symbiotic"
"536",241,"A_5_20_F_S",1,0.081256991,"Ammonium","5","20","Fed","Symbiotic","Low","Ammonium_Low_20_Fed_Symbiotic"
"537",236,"A_5_20_S_A",0,0.053920334,"Ammonium","5","20","Starved","Aposymbiotic","Low","Ammonium_Low_20_Starved_Aposymbiotic"
"538",237,"A_5_20_S_A",1,0.102518569,"Ammonium","5","20","Starved","Aposymbiotic","Low","Ammonium_Low_20_Starved_Aposymbiotic"
"539",240,"A_5_20_S_S",0,0.064168411,"Ammonium","5","20","Starved","Symbiotic","Low","Ammonium_Low_20_Starved_Symbiotic"
"540",241,"A_5_20_S_S",1,0.067553006,"Ammonium","5","20","Starved","Symbiotic","Low","Ammonium_Low_20_Starved_Symbiotic"
"541",226,"N_1.5_30_F_A",1,0.060803233,"Nitrate","1.5","30","Fed","Aposymbiotic","Low","Nitrate_Low_30_Fed_Aposymbiotic"
"542",240,"N_1.5_30_F_S",1,0.069497877,"Nitrate","1.5","30","Fed","Symbiotic","Low","Nitrate_Low_30_Fed_Symbiotic"
"543",237,"N_1.5_30_F_A",0,0.063278597,"Nitrate","1.5","30","Fed","Aposymbiotic","Low","Nitrate_Low_30_Fed_Aposymbiotic"
"544",239,"N_1.5_30_F_S",0,0.085099629,"Nitrate","1.5","30","Fed","Symbiotic","Low","Nitrate_Low_30_Fed_Symbiotic"
"545",239,"N_1.5_30_S_S",0,0.095941011,"Nitrate","1.5","30","Starved","Symbiotic","Low","Nitrate_Low_30_Starved_Symbiotic"
"546",241,"N_1.5_30_S_S",1,0.040705417,"Nitrate","1.5","30","Starved","Symbiotic","Low","Nitrate_Low_30_Starved_Symbiotic"
"547",237,"N_1.5_30_S_A",1,0.101599587,"Nitrate","1.5","30","Starved","Aposymbiotic","Low","Nitrate_Low_30_Starved_Aposymbiotic"
"548",237,"N_1.5_30_S_A",0,0.058971408,"Nitrate","1.5","30","Starved","Aposymbiotic","Low","Nitrate_Low_30_Starved_Aposymbiotic"
"549",235,"A_5_30_F_A",1,0.055065087,"Ammonium","5","30","Fed","Aposymbiotic","Low","Ammonium_Low_30_Fed_Aposymbiotic"
"550",237,"A_5_30_F_A",0,0.131206257,"Ammonium","5","30","Fed","Aposymbiotic","Low","Ammonium_Low_30_Fed_Aposymbiotic"
"551",240,"A_5_30_F_S",1,0.057164025,"Ammonium","5","30","Fed","Symbiotic","Low","Ammonium_Low_30_Fed_Symbiotic"
"552",241,"A_5_30_F_S",0,0.041775429,"Ammonium","5","30","Fed","Symbiotic","Low","Ammonium_Low_30_Fed_Symbiotic"
"553",237,"A_5_30_S_A",1,0.128099238,"Ammonium","5","30","Starved","Aposymbiotic","Low","Ammonium_Low_30_Starved_Aposymbiotic"
"554",238,"A_5_30_S_A",0,0.160539969,"Ammonium","5","30","Starved","Aposymbiotic","Low","Ammonium_Low_30_Starved_Aposymbiotic"
"555",240,"A_5_30_S_S",1,0.066041758,"Ammonium","5","30","Starved","Symbiotic","Low","Ammonium_Low_30_Starved_Symbiotic"
"556",241,"A_5_30_S_S",0,0.053233623,"Ammonium","5","30","Starved","Symbiotic","Low","Ammonium_Low_30_Starved_Symbiotic"
"557",235,"A_10_20_F_A",0,0.066711226,"Ammonium","10","20","Fed","Aposymbiotic","High","Ammonium_High_20_Fed_Aposymbiotic"
"558",237,"A_10_20_F_A",1,0.10488483,"Ammonium","10","20","Fed","Aposymbiotic","High","Ammonium_High_20_Fed_Aposymbiotic"
"559",240,"A_10_20_F_S",0,0.094899989,"Ammonium","10","20","Fed","Symbiotic","High","Ammonium_High_20_Fed_Symbiotic"
"560",241,"A_10_20_F_S",1,0.122127602,"Ammonium","10","20","Fed","Symbiotic","High","Ammonium_High_20_Fed_Symbiotic"
"561",237,"A_10_20_S_A",0,0.082203887,"Ammonium","10","20","Starved","Aposymbiotic","High","Ammonium_High_20_Starved_Aposymbiotic"
"562",238,"A_10_20_S_S",1,0.073818146,"Ammonium","10","20","Starved","Symbiotic","High","Ammonium_High_20_Starved_Symbiotic"
"563",238,"A_10_20_S_A",0,0.102047191,"Ammonium","10","20","Starved","Aposymbiotic","High","Ammonium_High_20_Starved_Aposymbiotic"
"564",241,"A_10_20_S_S",1,0.091152409,"Ammonium","10","20","Starved","Symbiotic","High","Ammonium_High_20_Starved_Symbiotic"
"565",227,"N_18_30_F_A",0,0.136482505,"Nitrate","18","30","Fed","Aposymbiotic","High","Nitrate_High_30_Fed_Aposymbiotic"
"566",237,"N_18_30_F_A",1,0.140929432,"Nitrate","18","30","Fed","Aposymbiotic","High","Nitrate_High_30_Fed_Aposymbiotic"
"567",239,"N_18_30_F_S",0,0.052111178,"Nitrate","18","30","Fed","Symbiotic","High","Nitrate_High_30_Fed_Symbiotic"
"568",240,"N_18_30_F_S",1,0.125450958,"Nitrate","18","30","Fed","Symbiotic","High","Nitrate_High_30_Fed_Symbiotic"
"569",237,"N_18_30_S_A",0,0.0748534,"Nitrate","18","30","Starved","Aposymbiotic","High","Nitrate_High_30_Starved_Aposymbiotic"
"570",237,"N_18_30_S_A",1,0.095366977,"Nitrate","18","30","Starved","Aposymbiotic","High","Nitrate_High_30_Starved_Aposymbiotic"
"571",239,"N_18_30_S_S",0,0.092416536,"Nitrate","18","30","Starved","Symbiotic","High","Nitrate_High_30_Starved_Symbiotic"
"572",241,"N_18_30_S_S",1,0.090770246,"Nitrate","18","30","Starved","Symbiotic","High","Nitrate_High_30_Starved_Symbiotic"
"573",235,"A_10_30_F_A",0,0.034325831,"Ammonium","10","30","Fed","Aposymbiotic","High","Ammonium_High_30_Fed_Aposymbiotic"
"574",237,"A_10_30_F_A",1,0.080555356,"Ammonium","10","30","Fed","Aposymbiotic","High","Ammonium_High_30_Fed_Aposymbiotic"
"575",240,"A_10_30_F_S",0,0.070073064,"Ammonium","10","30","Fed","Symbiotic","High","Ammonium_High_30_Fed_Symbiotic"
"576",241,"A_10_30_F_S",1,0.088750393,"Ammonium","10","30","Fed","Symbiotic","High","Ammonium_High_30_Fed_Symbiotic"
"577",240,"A_10_30_S_S",0,0.077776991,"Ammonium","10","30","Starved","Symbiotic","High","Ammonium_High_30_Starved_Symbiotic"
"578",243,"A_10_30_S_S",1,0.109642747,"Ammonium","10","30","Starved","Symbiotic","High","Ammonium_High_30_Starved_Symbiotic"
"579",237,"A_10_30_S_A",0,0.11011848,"Ammonium","10","30","Starved","Aposymbiotic","High","Ammonium_High_30_Starved_Aposymbiotic"
"580",238,"A_10_30_S_A",1,0.052499874,"Ammonium","10","30","Starved","Aposymbiotic","High","Ammonium_High_30_Starved_Aposymbiotic"
"581",232,"N_5_30_S_A",0,0.034197184,"Nitrate","5","30","Starved","Aposymbiotic","Medium","Nitrate_Medium_30_Starved_Aposymbiotic"
"582",237,"N_5_30_S_A",1,0.084422222,"Nitrate","5","30","Starved","Aposymbiotic","Medium","Nitrate_Medium_30_Starved_Aposymbiotic"
"583",239,"N_5_30_S_S",0,0.104691345,"Nitrate","5","30","Starved","Symbiotic","Medium","Nitrate_Medium_30_Starved_Symbiotic"
"584",241,"N_5_30_S_S",1,0.079358232,"Nitrate","5","30","Starved","Symbiotic","Medium","Nitrate_Medium_30_Starved_Symbiotic"
"585",237,"A_7.5_30_F_A",1,0.06973549,"Ammonium","7.5","30","Fed","Aposymbiotic","Medium","Ammonium_Medium_30_Fed_Aposymbiotic"
"586",237,"A_7.5_30_F_A",0,0.11760635,"Ammonium","7.5","30","Fed","Aposymbiotic","Medium","Ammonium_Medium_30_Fed_Aposymbiotic"
"587",240,"A_7.5_30_F_S",1,0.076712904,"Ammonium","7.5","30","Fed","Symbiotic","Medium","Ammonium_Medium_30_Fed_Symbiotic"
"588",241,"A_7.5_30_F_S",0,0.077498634,"Ammonium","7.5","30","Fed","Symbiotic","Medium","Ammonium_Medium_30_Fed_Symbiotic"
"589",241,"A_7.5_30_S_S",1,0.11543992,"Ammonium","7.5","30","Starved","Symbiotic","Medium","Ammonium_Medium_30_Starved_Symbiotic"
"590",237,"A_7.5_30_S_A",1,0.090599994,"Ammonium","7.5","30","Starved","Aposymbiotic","Medium","Ammonium_Medium_30_Starved_Aposymbiotic"
"591",237,"A_7.5_30_S_A",0,0.144353421,"Ammonium","7.5","30","Starved","Aposymbiotic","Medium","Ammonium_Medium_30_Starved_Aposymbiotic"
"592",240,"A_7.5_30_S_S",0,0.082855854,"Ammonium","7.5","30","Starved","Symbiotic","Medium","Ammonium_Medium_30_Starved_Symbiotic"
"593",234,"A_7.5_20_F_A",0,0.041477718,"Ammonium","7.5","20","Fed","Aposymbiotic","Medium","Ammonium_Medium_20_Fed_Aposymbiotic"
"594",237,"A_7.5_20_F_A",1,0.105514307,"Ammonium","7.5","20","Fed","Aposymbiotic","Medium","Ammonium_Medium_20_Fed_Aposymbiotic"
"595",240,"A_7.5_20_F_S",0,0.102927682,"Ammonium","7.5","20","Fed","Symbiotic","Medium","Ammonium_Medium_20_Fed_Symbiotic"
"596",241,"A_7.5_20_F_S",1,0.078028034,"Ammonium","7.5","20","Fed","Symbiotic","Medium","Ammonium_Medium_20_Fed_Symbiotic"
"597",236,"A_7.5_20_S_A",0,0.050906681,"Ammonium","7.5","20","Starved","Aposymbiotic","Medium","Ammonium_Medium_20_Starved_Aposymbiotic"
"598",238,"A_7.5_20_S_A",1,0.107109211,"Ammonium","7.5","20","Starved","Aposymbiotic","Medium","Ammonium_Medium_20_Starved_Aposymbiotic"
"599",240,"A_7.5_20_S_S",0,0.083890523,"Ammonium","7.5","20","Starved","Symbiotic","Medium","Ammonium_Medium_20_Starved_Symbiotic"
"600",241,"A_7.5_20_S_S",1,0.079471842,"Ammonium","7.5","20","Starved","Symbiotic","Medium","Ammonium_Medium_20_Starved_Symbiotic"
"601",237,"N_5_30_F_A",0,0.086255645,"Nitrate","5","30","Fed","Aposymbiotic","Medium","Nitrate_Medium_30_Fed_Aposymbiotic"
"602",237,"N_5_30_F_A",1,0.13443722,"Nitrate","5","30","Fed","Aposymbiotic","Medium","Nitrate_Medium_30_Fed_Aposymbiotic"
"603",239,"N_5_30_F_S",0,0.08647684,"Nitrate","5","30","Fed","Symbiotic","Medium","Nitrate_Medium_30_Fed_Symbiotic"
"604",240,"N_5_30_F_S",1,0.091068514,"Nitrate","5","30","Fed","Symbiotic","Medium","Nitrate_Medium_30_Fed_Symbiotic"
"605",242,"A_5_20_F_A",0,0.077685347,"Ammonium","5","20","Fed","Aposymbiotic","Low","Ammonium_Low_20_Fed_Aposymbiotic"
"606",244,"A_5_20_F_A",1,0.050414523,"Ammonium","5","20","Fed","Aposymbiotic","Low","Ammonium_Low_20_Fed_Aposymbiotic"
"607",248,"A_5_20_F_S",0,0.113529348,"Ammonium","5","20","Fed","Symbiotic","Low","Ammonium_Low_20_Fed_Symbiotic"
"608",243,"A_5_20_F_S",1,0.058091086,"Ammonium","5","20","Fed","Symbiotic","Low","Ammonium_Low_20_Fed_Symbiotic"
"609",242,"A_5_20_S_A",0,0.131176385,"Ammonium","5","20","Starved","Aposymbiotic","Low","Ammonium_Low_20_Starved_Aposymbiotic"
"610",247,"A_5_20_S_A",1,0.101995393,"Ammonium","5","20","Starved","Aposymbiotic","Low","Ammonium_Low_20_Starved_Aposymbiotic"
"611",248,"A_5_20_S_S",0,0.06211029,"Ammonium","5","20","Starved","Symbiotic","Low","Ammonium_Low_20_Starved_Symbiotic"
"612",254,"A_5_20_S_S",1,0.137772315,"Ammonium","5","20","Starved","Symbiotic","Low","Ammonium_Low_20_Starved_Symbiotic"
"613",238,"N_5_20_F_A",0,0.138482351,"Nitrate","5","20","Fed","Aposymbiotic","Medium","Nitrate_Medium_20_Fed_Aposymbiotic"
"614",242,"N_5_20_F_A",1,0.181786654,"Nitrate","5","20","Fed","Aposymbiotic","Medium","Nitrate_Medium_20_Fed_Aposymbiotic"
"615",246,"N_5_20_F_S",0,0.107037611,"Nitrate","5","20","Fed","Symbiotic","Medium","Nitrate_Medium_20_Fed_Symbiotic"
"616",256,"N_5_20_F_S",1,0.17505085,"Nitrate","5","20","Fed","Symbiotic","Medium","Nitrate_Medium_20_Fed_Symbiotic"
"617",249,"N_5_20_S_S",0,0.193113892,"Nitrate","5","20","Starved","Symbiotic","Medium","Nitrate_Medium_20_Starved_Symbiotic"
"618",252,"N_5_20_S_S",1,0.175831433,"Nitrate","5","20","Starved","Symbiotic","Medium","Nitrate_Medium_20_Starved_Symbiotic"
"619",238,"N_5_20_S_A",0,0.19352848,"Nitrate","5","20","Starved","Aposymbiotic","Medium","Nitrate_Medium_20_Starved_Aposymbiotic"
"620",244,"N_5_20_S_A",1,0.185821765,"Nitrate","5","20","Starved","Aposymbiotic","Medium","Nitrate_Medium_20_Starved_Aposymbiotic"
"621",242,"A_7.5_20_F_A",0,0.10360404,"Ammonium","7.5","20","Fed","Aposymbiotic","Medium","Ammonium_Medium_20_Fed_Aposymbiotic"
"622",244,"A_7.5_20_F_A",1,0.075858683,"Ammonium","7.5","20","Fed","Aposymbiotic","Medium","Ammonium_Medium_20_Fed_Aposymbiotic"
"623",248,"A_7.5_20_F_S",0,0.139648065,"Ammonium","7.5","20","Fed","Symbiotic","Medium","Ammonium_Medium_20_Fed_Symbiotic"
"624",239,"A_7.5_20_F_S",1,0.071616252,"Ammonium","7.5","20","Fed","Symbiotic","Medium","Ammonium_Medium_20_Fed_Symbiotic"
"625",242,"A_7.5_20_S_A",0,0.170210672,"Ammonium","7.5","20","Starved","Aposymbiotic","Medium","Ammonium_Medium_20_Starved_Aposymbiotic"
"626",247,"A_7.5_20_S_A",1,0.13426739,"Ammonium","7.5","20","Starved","Aposymbiotic","Medium","Ammonium_Medium_20_Starved_Aposymbiotic"
"627",249,"A_7.5_20_S_S",0,0.13534876,"Ammonium","7.5","20","Starved","Symbiotic","Medium","Ammonium_Medium_20_Starved_Symbiotic"
"628",252,"A_7.5_20_S_S",1,0.18976481,"Ammonium","7.5","20","Starved","Symbiotic","Medium","Ammonium_Medium_20_Starved_Symbiotic"
"629",238,"N_0_20_F_A",0,0.053992089,"Nitrate","0","20","Fed","Aposymbiotic","control-0","Nitrate_control-0_20_Fed_Aposymbiotic"
"630",242,"N_0_20_F_A",1,0.076250591,"Nitrate","0","20","Fed","Aposymbiotic","control-0","Nitrate_control-0_20_Fed_Aposymbiotic"
"631",245,"N_0_20_F_S",0,0.068002814,"Nitrate","0","20","Fed","Symbiotic","control-0","Nitrate_control-0_20_Fed_Symbiotic"
"632",256,"N_0_20_F_S",1,0.062743848,"Nitrate","0","20","Fed","Symbiotic","control-0","Nitrate_control-0_20_Fed_Symbiotic"
"633",242,"A_10_20_F_A",0,0.161186873,"Ammonium","10","20","Fed","Aposymbiotic","High","Ammonium_High_20_Fed_Aposymbiotic"
"634",245,"A_10_20_F_A",1,0.142385444,"Ammonium","10","20","Fed","Aposymbiotic","High","Ammonium_High_20_Fed_Aposymbiotic"
"635",252,"A_10_20_F_S",0,0.101339864,"Ammonium","10","20","Fed","Symbiotic","High","Ammonium_High_20_Fed_Symbiotic"
"636",243,"A_10_20_F_S",1,0.13710276,"Ammonium","10","20","Fed","Symbiotic","High","Ammonium_High_20_Fed_Symbiotic"
"637",242,"A_10_20_S_A",0,0.082335983,"Ammonium","10","20","Starved","Aposymbiotic","High","Ammonium_High_20_Starved_Aposymbiotic"
"638",250,"A_10_20_S_A",1,0.179467736,"Ammonium","10","20","Starved","Aposymbiotic","High","Ammonium_High_20_Starved_Aposymbiotic"
"639",249,"A_10_20_S_S",0,0.109877326,"Ammonium","10","20","Starved","Symbiotic","High","Ammonium_High_20_Starved_Symbiotic"
"640",255,"A_10_20_S_S",1,0.106349656,"Ammonium","10","20","Starved","Symbiotic","High","Ammonium_High_20_Starved_Symbiotic"
"641",249,"N_0_20_S_S",0,0.041616112,"Nitrate","0","20","Starved","Symbiotic","control-0","Nitrate_control-0_20_Starved_Symbiotic"
"642",252,"N_0_20_S_S",1,0.06259847,"Nitrate","0","20","Starved","Symbiotic","control-0","Nitrate_control-0_20_Starved_Symbiotic"
"643",238,"N_0_20_S_A",0,0.05076774,"Nitrate","0","20","Starved","Aposymbiotic","control-0","Nitrate_control-0_20_Starved_Aposymbiotic"
"644",242,"N_0_20_S_A",1,0.064425297,"Nitrate","0","20","Starved","Aposymbiotic","control-0","Nitrate_control-0_20_Starved_Aposymbiotic"
"645",242,"A_0_20_F_A
",0,0.081614983,"Ammonium","0","20","Fed","Aposymbiotic","control-0","Ammonium_control-0_20_Fed_Aposymbiotic"
"646",244,"A_0_20_F_A
",1,0.084561289,"Ammonium","0","20","Fed","Aposymbiotic","control-0","Ammonium_control-0_20_Fed_Aposymbiotic"
"647",247,"A_0_20_F_S",0,0.064186463,"Ammonium","0","20","Fed","Symbiotic","control-0","Ammonium_control-0_20_Fed_Symbiotic"
"648",252,"A_0_20_F_S",1,0.048722678,"Ammonium","0","20","Fed","Symbiotic","control-0","Ammonium_control-0_20_Fed_Symbiotic"
"649",242,"A_0_20_S_A",0,0.078687477,"Ammonium","0","20","Starved","Aposymbiotic","control-0","Ammonium_control-0_20_Starved_Aposymbiotic"
"650",247,"A_0_20_S_A",1,0.039731284,"Ammonium","0","20","Starved","Aposymbiotic","control-0","Ammonium_control-0_20_Starved_Aposymbiotic"
"651",254,"A_0_20_S_S",0,0.081344918,"Ammonium","0","20","Starved","Symbiotic","control-0","Ammonium_control-0_20_Starved_Symbiotic"
"652",250,"A_0_20_S_S",1,0.059452658,"Ammonium","0","20","Starved","Symbiotic","control-0","Ammonium_control-0_20_Starved_Symbiotic"
"653",238,"N_1.5_20_F_A",0,0.050214155,"Nitrate","1.5","20","Fed","Aposymbiotic","Low","Nitrate_Low_20_Fed_Aposymbiotic"
"654",242,"N_1.5_20_F_A",1,0.092744897,"Nitrate","1.5","20","Fed","Aposymbiotic","Low","Nitrate_Low_20_Fed_Aposymbiotic"
"655",245,"N_1.5_20_F_S",0,0.062290549,"Nitrate","1.5","20","Fed","Symbiotic","Low","Nitrate_Low_20_Fed_Symbiotic"
"656",256,"N_1.5_20_F_S",1,0.042992884,"Nitrate","1.5","20","Fed","Symbiotic","Low","Nitrate_Low_20_Fed_Symbiotic"
"657",244,"N_1.5_20_S_A",0,0.101802735,"Nitrate","1.5","20","Starved","Aposymbiotic","Low","Nitrate_Low_20_Starved_Aposymbiotic"
"658",249,"N_1.5_20_S_S",0,0.072162873,"Nitrate","1.5","20","Starved","Symbiotic","Low","Nitrate_Low_20_Starved_Symbiotic"
"659",238,"N_1.5_20_S_A",1,0.047774835,"Nitrate","1.5","20","Starved","Aposymbiotic","Low","Nitrate_Low_20_Starved_Aposymbiotic"
"660",250,"A_5_30_S_A",1,0.071933297,"Ammonium","5","30","Starved","Aposymbiotic","Low","Ammonium_Low_30_Starved_Aposymbiotic"
"661",255,"A_5_30_S_S",0,0.058555129,"Ammonium","5","30","Starved","Symbiotic","Low","Ammonium_Low_30_Starved_Symbiotic"
"662",254,"A_5_30_S_S",1,0.032176449,"Ammonium","5","30","Starved","Symbiotic","Low","Ammonium_Low_30_Starved_Symbiotic"
"663",238,"N_5_30_F_A",0,0.067227976,"Nitrate","5","30","Fed","Aposymbiotic","Medium","Nitrate_Medium_30_Fed_Aposymbiotic"
"664",242,"N_5_30_F_A",1,0.14499058,"Nitrate","5","30","Fed","Aposymbiotic","Medium","Nitrate_Medium_30_Fed_Aposymbiotic"
"665",251,"N_5_30_F_S",0,0.033821418,"Nitrate","5","30","Fed","Symbiotic","Medium","Nitrate_Medium_30_Fed_Symbiotic"
"666",246,"N_5_30_F_S",1,0.060314205,"Nitrate","5","30","Fed","Symbiotic","Medium","Nitrate_Medium_30_Fed_Symbiotic"
"667",241,"N_5_30_S_A",0,0.089503877,"Nitrate","5","30","Starved","Aposymbiotic","Medium","Nitrate_Medium_30_Starved_Aposymbiotic"
"668",244,"N_5_30_S_A",1,0.089673922,"Nitrate","5","30","Starved","Aposymbiotic","Medium","Nitrate_Medium_30_Starved_Aposymbiotic"
"669",247,"N_5_30_S_S",0,0.034388958,"Nitrate","5","30","Starved","Symbiotic","Medium","Nitrate_Medium_30_Starved_Symbiotic"
"670",243,"N_5_30_S_S",1,0.062915585,"Nitrate","5","30","Starved","Symbiotic","Medium","Nitrate_Medium_30_Starved_Symbiotic"
"671",242,"A_7.5_30_F_A",0,0.057606518,"Ammonium","7.5","30","Fed","Aposymbiotic","Medium","Ammonium_Medium_30_Fed_Aposymbiotic"
"672",247,"A_7.5_30_F_A",1,0.04921182,"Ammonium","7.5","30","Fed","Aposymbiotic","Medium","Ammonium_Medium_30_Fed_Aposymbiotic"
"673",248,"A_7.5_30_F_S",0,0.037670495,"Ammonium","7.5","30","Fed","Symbiotic","Medium","Ammonium_Medium_30_Fed_Symbiotic"
"674",249,"A_7.5_30_F_S",1,0.044668506,"Ammonium","7.5","30","Fed","Symbiotic","Medium","Ammonium_Medium_30_Fed_Symbiotic"
"675",242,"A_7.5_30_S_A",0,0.077789688,"Ammonium","7.5","30","Starved","Aposymbiotic","Medium","Ammonium_Medium_30_Starved_Aposymbiotic"
"676",251,"A_7.5_30_S_A",1,0.075894093,"Ammonium","7.5","30","Starved","Aposymbiotic","Medium","Ammonium_Medium_30_Starved_Aposymbiotic"
"677",245,"A_7.5_30_S_S",0,0.115747556,"Ammonium","7.5","30","Starved","Symbiotic","Medium","Ammonium_Medium_30_Starved_Symbiotic"
"678",254,"A_7.5_30_S_S",1,0.026971514,"Ammonium","7.5","30","Starved","Symbiotic","Medium","Ammonium_Medium_30_Starved_Symbiotic"
"679",238,"N_18_30_F_A",0,0.102711662,"Nitrate","18","30","Fed","Aposymbiotic","High","Nitrate_High_30_Fed_Aposymbiotic"
"680",242,"N_18_30_F_A",1,0.109148269,"Nitrate","18","30","Fed","Aposymbiotic","High","Nitrate_High_30_Fed_Aposymbiotic"
"681",246,"N_18_30_F_S",1,0.074061129,"Nitrate","18","30","Fed","Symbiotic","High","Nitrate_High_30_Fed_Symbiotic"
"682",241,"N_18_30_S_A",0,0.047758858,"Nitrate","18","30","Starved","Aposymbiotic","High","Nitrate_High_30_Starved_Aposymbiotic"
"683",244,"N_18_30_S_A",1,0.093659017,"Nitrate","18","30","Starved","Aposymbiotic","High","Nitrate_High_30_Starved_Aposymbiotic"
"684",247,"N_18_30_S_S",0,0.070736872,"Nitrate","18","30","Starved","Symbiotic","High","Nitrate_High_30_Starved_Symbiotic"
"685",243,"N_18_30_S_S",1,0.05378537,"Nitrate","18","30","Starved","Symbiotic","High","Nitrate_High_30_Starved_Symbiotic"
"686",242,"A_10_30_F_A",0,0.112705563,"Ammonium","10","30","Fed","Aposymbiotic","High","Ammonium_High_30_Fed_Aposymbiotic"
"687",247,"A_10_30_F_A",1,0.071760498,"Ammonium","10","30","Fed","Aposymbiotic","High","Ammonium_High_30_Fed_Aposymbiotic"
"688",248,"A_10_30_F_S",0,0.070756361,"Ammonium","10","30","Fed","Symbiotic","High","Ammonium_High_30_Fed_Symbiotic"
"689",249,"A_10_30_F_S",1,0.058776497,"Ammonium","10","30","Fed","Symbiotic","High","Ammonium_High_30_Fed_Symbiotic"
"690",238,"N_0_30_F_A",0,0.021598636,"Nitrate","0","30","Fed","Aposymbiotic","control-0","Nitrate_control-0_30_Fed_Aposymbiotic"
"691",242,"N_0_30_F_A",1,0.064516721,"Nitrate","0","30","Fed","Aposymbiotic","control-0","Nitrate_control-0_30_Fed_Aposymbiotic"
"692",251,"N_0_30_F_S",0,0.035351067,"Nitrate","0","30","Fed","Symbiotic","control-0","Nitrate_control-0_30_Fed_Symbiotic"
"693",242,"A_10_30_S_A",0,0.140566939,"Ammonium","10","30","Starved","Aposymbiotic","High","Ammonium_High_30_Starved_Aposymbiotic"
"694",251,"A_10_30_S_A",1,0.087412448,"Ammonium","10","30","Starved","Aposymbiotic","High","Ammonium_High_30_Starved_Aposymbiotic"
"695",245,"A_10_30_S_S",0,0.08062195,"Ammonium","10","30","Starved","Symbiotic","High","Ammonium_High_30_Starved_Symbiotic"
"696",252,"A_10_30_S_S",1,0.067572761,"Ammonium","10","30","Starved","Symbiotic","High","Ammonium_High_30_Starved_Symbiotic"
"697",250,"N_0_30_S_S",0,0.035901292,"Nitrate","0","30","Starved","Symbiotic","control-0","Nitrate_control-0_30_Starved_Symbiotic"
"698",252,"N_0_30_S_S",1,0.07983327,"Nitrate","0","30","Starved","Symbiotic","control-0","Nitrate_control-0_30_Starved_Symbiotic"
"699",238,"N_0_30_S_A",0,0.069302893,"Nitrate","0","30","Starved","Aposymbiotic","control-0","Nitrate_control-0_30_Starved_Aposymbiotic"
"700",244,"N_0_30_S_A",1,0.03696839,"Nitrate","0","30","Starved","Aposymbiotic","control-0","Nitrate_control-0_30_Starved_Aposymbiotic"
"701",242,"A_0_30_F_A",0,0.06151389,"Ammonium","0","30","Fed","Aposymbiotic","control-0","Ammonium_control-0_30_Fed_Aposymbiotic"
"702",245,"A_0_30_F_A",1,0.075418036,"Ammonium","0","30","Fed","Aposymbiotic","control-0","Ammonium_control-0_30_Fed_Aposymbiotic"
"703",248,"A_0_30_F_S",0,0.048947417,"Ammonium","0","30","Fed","Symbiotic","control-0","Ammonium_control-0_30_Fed_Symbiotic"
"704",252,"A_0_30_F_S",1,0.064537326,"Ammonium","0","30","Fed","Symbiotic","control-0","Ammonium_control-0_30_Fed_Symbiotic"
"705",242,"A_0_30_S_A",0,0.090711658,"Ammonium","0","30","Starved","Aposymbiotic","control-0","Ammonium_control-0_30_Starved_Aposymbiotic"
"706",250,"A_0_30_S_A",1,0.06849735,"Ammonium","0","30","Starved","Aposymbiotic","control-0","Ammonium_control-0_30_Starved_Aposymbiotic"
"707",245,"A_0_30_S_S",0,0.085597999,"Ammonium","0","30","Starved","Symbiotic","control-0","Ammonium_control-0_30_Starved_Symbiotic"
"708",255,"A_0_30_S_S",1,0.073120982,"Ammonium","0","30","Starved","Symbiotic","control-0","Ammonium_control-0_30_Starved_Symbiotic"
"709",246,"N_1.5_30_F_S",0,0.088555597,"Nitrate","1.5","30","Fed","Symbiotic","Low","Nitrate_Low_30_Fed_Symbiotic"
"710",256,"N_1.5_30_F_S",1,0.053923926,"Nitrate","1.5","30","Fed","Symbiotic","Low","Nitrate_Low_30_Fed_Symbiotic"
"711",238,"N_1.5_30_F_A",0,0.04699213,"Nitrate","1.5","30","Fed","Aposymbiotic","Low","Nitrate_Low_30_Fed_Aposymbiotic"
"712",242,"N_1.5_30_F_A",1,0.099112804,"Nitrate","1.5","30","Fed","Aposymbiotic","Low","Nitrate_Low_30_Fed_Aposymbiotic"
"713",244,"N_1.5_30_S_A",1,0.069346188,"Nitrate","1.5","30","Starved","Aposymbiotic","Low","Nitrate_Low_30_Starved_Aposymbiotic"
"714",252,"N_1.5_30_S_S",0,0.051208852,"Nitrate","1.5","30","Starved","Symbiotic","Low","Nitrate_Low_30_Starved_Symbiotic"
"715",243,"N_1.5_30_S_S",1,0.059992101,"Nitrate","1.5","30","Starved","Symbiotic","Low","Nitrate_Low_30_Starved_Symbiotic"
"716",242,"A_5_30_F_A",0,0.110733922,"Ammonium","5","30","Fed","Aposymbiotic","Low","Ammonium_Low_30_Fed_Aposymbiotic"
"717",245,"A_5_30_F_A",1,0.059093275,"Ammonium","5","30","Fed","Aposymbiotic","Low","Ammonium_Low_30_Fed_Aposymbiotic"
"718",248,"A_5_30_F_S",0,0.058769414,"Ammonium","5","30","Fed","Symbiotic","Low","Ammonium_Low_30_Fed_Symbiotic"
"719",243,"A_5_30_F_S",1,0.065148121,"Ammonium","5","30","Fed","Symbiotic","Low","Ammonium_Low_30_Fed_Symbiotic"
