col_num,treat_ID_full,e_coli,abs_resp_rate_SA_corr,NO3_category,dose_level,temp,feed,symbiont,new_treat_ID_full
167,N_1.5_29_F_A,0,0.014759857,Low,Low,29,Fed,Aposymbiotic,Low_29_Fed_Aposymbiotic
206,N_1.5_29_F_S,0,0.018841429,Low,Low,29,Fed,Symbiotic,Low_29_Fed_Symbiotic
192,N_5_29_F_S,0,0.02115555,Low,Low,29,Fed,Symbiotic,Low_29_Fed_Symbiotic
211,N_0_29_S_A,1,0.021545761,Low,Low,29,Starved,Aposymbiotic,Low_29_Starved_Aposymbiotic
238,N_0_29_F_A,0,0.021598636,Low,Low,29,Fed,Aposymbiotic,Low_29_Fed_Aposymbiotic
240,N_0_29_F_S,0,0.02334343,Low,Low,29,Fed,Symbiotic,Low_29_Fed_Symbiotic
169,A_5_29_S_A,0,0.025687992,Low,Low,29,Starved,Aposymbiotic,Low_29_Starved_Aposymbiotic
254,A_7.5_29_S_S,1,0.026971514,Low,Low,29,Starved,Symbiotic,Low_29_Starved_Symbiotic
186,N_5_29_F_A,0,0.027081657,Low,Low,29,Fed,Aposymbiotic,Low_29_Fed_Aposymbiotic
199,N_1.5_20_F_A,0,0.027683694,Low,Low,20,Fed,Aposymbiotic,Low_20_Fed_Aposymbiotic
167,A_7.5_20_S_S,0,0.028406337,Low,Low,20,Starved,Symbiotic,Low_20_Starved_Symbiotic
152,A_5_29_F_S,0,0.028636209,Low,Low,29,Fed,Symbiotic,Low_29_Fed_Symbiotic
144,A_0_29_F_A,0,0.028637709,Low,Low,29,Fed,Aposymbiotic,Low_29_Fed_Aposymbiotic
169,N_0_20_F_A,0,0.029779574,Low,Low,20,Fed,Aposymbiotic,Low_20_Fed_Aposymbiotic
182,A_7.5_20_S_S,1,0.02985483,Low,Low,20,Starved,Symbiotic,Low_20_Starved_Symbiotic
143,A_0_20_F_S,0,0.03001097,Low,Low,20,Fed,Symbiotic,Low_20_Fed_Symbiotic
224,A_0_29_S_A,0,0.030655281,Low,Low,29,Starved,Aposymbiotic,Low_29_Starved_Aposymbiotic
205,A_5_29_S_S,0,0.031862701,Low,Low,29,Starved,Symbiotic,Low_29_Starved_Symbiotic
254,A_5_29_S_S,1,0.032176449,Low,Low,29,Starved,Symbiotic,Low_29_Starved_Symbiotic
184,"A_0_20_F_A
",1,0.032269747,Low,Low,20,Fed,Aposymbiotic,Low_20_Fed_Aposymbiotic
251,N_5_29_F_S,0,0.033821418,Low,Low,29,Fed,Symbiotic,Low_29_Fed_Symbiotic
162,N_1.5_29_S_A,0,0.034165025,Elevated,Elevated,29,Starved,Aposymbiotic,Elevated_29_Starved_Aposymbiotic
232,N_5_29_S_A,0,0.034197184,Elevated,Elevated,29,Starved,Aposymbiotic,Elevated_29_Starved_Aposymbiotic
235,A_10_29_F_A,0,0.034325831,Low,Low,29,Fed,Aposymbiotic,Low_29_Fed_Aposymbiotic
247,N_5_29_S_S,0,0.034388958,Elevated,Elevated,29,Starved,Symbiotic,Elevated_29_Starved_Symbiotic
194,N_5_29_S_A,0,0.035142002,Elevated,Elevated,29,Starved,Aposymbiotic,Elevated_29_Starved_Aposymbiotic
150,N_18_29_F_A,0,0.035350644,Elevated,Elevated,29,Fed,Aposymbiotic,Elevated_29_Fed_Aposymbiotic
251,N_0_29_F_S,0,0.035351067,Low,Low,29,Fed,Symbiotic,Low_29_Fed_Symbiotic
151,N_0_29_S_A,0,0.035581522,Low,Low,29,Starved,Aposymbiotic,Low_29_Starved_Aposymbiotic
167,A_0_29_S_S,0,0.035602754,Low,Low,29,Starved,Symbiotic,Low_29_Starved_Symbiotic
250,N_0_29_S_S,0,0.035901292,Low,Low,29,Starved,Symbiotic,Low_29_Starved_Symbiotic
155,A_0_29_F_S,1,0.036166859,Low,Low,29,Fed,Symbiotic,Low_29_Fed_Symbiotic
144,A_0_29_F_S,0,0.036414468,Low,Low,29,Fed,Symbiotic,Low_29_Fed_Symbiotic
170,A_0_29_F_A,0,0.03680397,Low,Low,29,Fed,Aposymbiotic,Low_29_Fed_Aposymbiotic
244,N_0_29_S_A,1,0.03696839,Low,Low,29,Starved,Aposymbiotic,Low_29_Starved_Aposymbiotic
225,A_7.5_29_S_A,1,0.037322174,Low,Low,29,Starved,Aposymbiotic,Low_29_Starved_Aposymbiotic
232,A_5_29_F_A,1,0.037576644,Low,Low,29,Fed,Aposymbiotic,Low_29_Fed_Aposymbiotic
248,A_7.5_29_F_S,0,0.037670495,Low,Low,29,Fed,Symbiotic,Low_29_Fed_Symbiotic
168,A_5_20_S_A,0,0.038047354,Low,Low,20,Starved,Aposymbiotic,Low_20_Starved_Aposymbiotic
210,A_10_29_F_A,0,0.038535167,Low,Low,29,Fed,Aposymbiotic,Low_29_Fed_Aposymbiotic
211,A_7.5_20_F_S,0,0.038862393,Low,Low,20,Fed,Symbiotic,Low_20_Fed_Symbiotic
143,A_7.5_20_F_A,0,0.039049428,Low,Low,20,Fed,Aposymbiotic,Low_20_Fed_Aposymbiotic
198,A_5_29_S_S,0,0.039156444,Low,Low,29,Starved,Symbiotic,Low_29_Starved_Symbiotic
206,A_7.5_29_S_S,0,0.039157093,Low,Low,29,Starved,Symbiotic,Low_29_Starved_Symbiotic
237,A_0_20_S_A,1,0.039160314,Low,Low,20,Starved,Aposymbiotic,Low_20_Starved_Aposymbiotic
247,A_0_20_S_A,1,0.039731284,Low,Low,20,Starved,Aposymbiotic,Low_20_Starved_Aposymbiotic
198,N_1.5_29_S_S,0,0.039887618,Elevated,Elevated,29,Starved,Symbiotic,Elevated_29_Starved_Symbiotic
196,A_5_29_F_S,0,0.040067399,Low,Low,29,Fed,Symbiotic,Low_29_Fed_Symbiotic
213,A_0_29_F_A,1,0.04025387,Low,Low,29,Fed,Aposymbiotic,Low_29_Fed_Aposymbiotic
180,N_0_20_S_S,0,0.040495931,Low,Low,20,Starved,Symbiotic,Low_20_Starved_Symbiotic
154,A_0_29_S_A,0,0.040639849,Low,Low,29,Starved,Aposymbiotic,Low_29_Starved_Aposymbiotic
241,N_1.5_29_S_S,1,0.040705417,Elevated,Elevated,29,Starved,Symbiotic,Elevated_29_Starved_Symbiotic
203,N_1.5_20_S_A,0,0.041151782,Low,Low,20,Starved,Aposymbiotic,Low_20_Starved_Aposymbiotic
206,A_10_29_S_S,0,0.041430632,Low,Low,29,Starved,Symbiotic,Low_29_Starved_Symbiotic
234,A_7.5_20_F_A,0,0.041477718,Low,Low,20,Fed,Aposymbiotic,Low_20_Fed_Aposymbiotic
150,N_0_29_F_A,0,0.041588441,Low,Low,29,Fed,Aposymbiotic,Low_29_Fed_Aposymbiotic
249,N_0_20_S_S,0,0.041616112,Low,Low,20,Starved,Symbiotic,Low_20_Starved_Symbiotic
199,N_5_20_F_A,0,0.041745521,Elevated,Elevated,20,Fed,Aposymbiotic,Elevated_20_Fed_Aposymbiotic
241,A_5_29_F_S,0,0.041775429,Low,Low,29,Fed,Symbiotic,Low_29_Fed_Symbiotic
256,N_1.5_20_F_S,1,0.042992884,Low,Low,20,Fed,Symbiotic,Low_20_Fed_Symbiotic
181,A_5_29_F_S,0,0.043698219,Low,Low,29,Fed,Symbiotic,Low_29_Fed_Symbiotic
187,A_0_20_S_A,1,0.043754215,Low,Low,20,Starved,Aposymbiotic,Low_20_Starved_Aposymbiotic
235,A_0_29_F_A,0,0.043768181,Low,Low,29,Fed,Aposymbiotic,Low_29_Fed_Aposymbiotic
170,N_0_29_S_A,0,0.044019645,Low,Low,29,Starved,Aposymbiotic,Low_29_Starved_Aposymbiotic
144,A_0_20_S_S,0,0.044037176,Low,Low,20,Starved,Symbiotic,Low_20_Starved_Symbiotic
186,N_1.5_29_F_A,0,0.044307673,Low,Low,29,Fed,Aposymbiotic,Low_29_Fed_Aposymbiotic
170,N_1.5_29_S_A,0,0.044456675,Elevated,Elevated,29,Starved,Aposymbiotic,Elevated_29_Starved_Aposymbiotic
162,A_0_20_S_A,0,0.044656868,Low,Low,20,Starved,Aposymbiotic,Low_20_Starved_Aposymbiotic
249,A_7.5_29_F_S,1,0.044668506,Low,Low,29,Fed,Symbiotic,Low_29_Fed_Symbiotic
198,A_0_29_S_S,0,0.044756812,Low,Low,29,Starved,Symbiotic,Low_29_Starved_Symbiotic
169,N_1.5_20_S_A,0,0.045254641,Low,Low,20,Starved,Aposymbiotic,Low_20_Starved_Aposymbiotic
152,N_1.5_29_S_S,0,0.045884647,Elevated,Elevated,29,Starved,Symbiotic,Elevated_29_Starved_Symbiotic
198,A_10_29_S_A,1,0.046014825,Low,Low,29,Starved,Aposymbiotic,Low_29_Starved_Aposymbiotic
150,N_1.5_20_S_S,0,0.046274552,Low,Low,20,Starved,Symbiotic,Low_20_Starved_Symbiotic
144,A_0_29_S_S,1,0.046742469,Low,Low,29,Starved,Symbiotic,Low_29_Starved_Symbiotic
238,N_1.5_29_F_A,0,0.04699213,Low,Low,29,Fed,Aposymbiotic,Low_29_Fed_Aposymbiotic
232,A_5_20_F_A,1,0.047011818,Low,Low,20,Fed,Aposymbiotic,Low_20_Fed_Aposymbiotic
167,A_5_29_F_A,0,0.047048562,Low,Low,29,Fed,Aposymbiotic,Low_29_Fed_Aposymbiotic
170,A_5_29_F_A,0,0.047174971,Low,Low,29,Fed,Aposymbiotic,Low_29_Fed_Aposymbiotic
163,N_18_29_F_S,0,0.047322927,Elevated,Elevated,29,Fed,Symbiotic,Elevated_29_Fed_Symbiotic
153,N_0_20_F_S,0,0.047530762,Low,Low,20,Fed,Symbiotic,Low_20_Fed_Symbiotic
241,N_18_29_S_A,0,0.047758858,Elevated,Elevated,29,Starved,Aposymbiotic,Elevated_29_Starved_Aposymbiotic
238,N_1.5_20_S_A,1,0.047774835,Low,Low,20,Starved,Aposymbiotic,Low_20_Starved_Aposymbiotic
175,A_5_29_S_A,1,0.047941039,Low,Low,29,Starved,Aposymbiotic,Low_29_Starved_Aposymbiotic
171,N_0_29_F_S,1,0.048432338,Low,Low,29,Fed,Symbiotic,Low_29_Fed_Symbiotic
142,N_1.5_29_F_S,0,0.048507601,Low,Low,29,Fed,Symbiotic,Low_29_Fed_Symbiotic
233,A_7.5_20_S_A,1,0.04859749,Low,Low,20,Starved,Aposymbiotic,Low_20_Starved_Aposymbiotic
252,A_0_20_F_S,1,0.048722678,Low,Low,20,Fed,Symbiotic,Low_20_Fed_Symbiotic
248,A_0_29_F_S,0,0.048947417,Low,Low,29,Fed,Symbiotic,Low_29_Fed_Symbiotic
195,A_7.5_20_F_A,0,0.049037021,Low,Low,20,Fed,Aposymbiotic,Low_20_Fed_Aposymbiotic
247,A_7.5_29_F_A,1,0.04921182,Low,Low,29,Fed,Aposymbiotic,Low_29_Fed_Aposymbiotic
221,A_5_29_S_A,0,0.049422545,Low,Low,29,Starved,Aposymbiotic,Low_29_Starved_Aposymbiotic
226,A_7.5_29_S_A,0,0.049460207,Low,Low,29,Starved,Aposymbiotic,Low_29_Starved_Aposymbiotic
166,A_5_20_F_S,0,0.049490708,Low,Low,20,Fed,Symbiotic,Low_20_Fed_Symbiotic
166,A_0_20_F_S,0,0.049704348,Low,Low,20,Fed,Symbiotic,Low_20_Fed_Symbiotic
169,N_1.5_20_F_A,1,0.049727235,Low,Low,20,Fed,Aposymbiotic,Low_20_Fed_Aposymbiotic
165,N_1.5_29_F_A,1,0.04987734,Low,Low,29,Fed,Aposymbiotic,Low_29_Fed_Aposymbiotic
225,N_1.5_20_S_S,1,0.050002608,Low,Low,20,Starved,Symbiotic,Low_20_Starved_Symbiotic
198,A_7.5_29_F_S,0,0.050092879,Low,Low,29,Fed,Symbiotic,Low_29_Fed_Symbiotic
171,A_7.5_29_F_A,0,0.050182969,Low,Low,29,Fed,Aposymbiotic,Low_29_Fed_Aposymbiotic
238,N_1.5_20_F_A,0,0.050214155,Low,Low,20,Fed,Aposymbiotic,Low_20_Fed_Aposymbiotic
221,A_7.5_29_F_S,1,0.050275385,Low,Low,29,Fed,Symbiotic,Low_29_Fed_Symbiotic
226,A_10_29_S_A,0,0.050408161,Low,Low,29,Starved,Aposymbiotic,Low_29_Starved_Aposymbiotic
244,A_5_20_F_A,1,0.050414523,Low,Low,20,Fed,Aposymbiotic,Low_20_Fed_Aposymbiotic
238,N_0_20_S_A,0,0.05076774,Low,Low,20,Starved,Aposymbiotic,Low_20_Starved_Aposymbiotic
171,N_1.5_20_F_S,0,0.050798893,Low,Low,20,Fed,Symbiotic,Low_20_Fed_Symbiotic
152,N_5_29_S_S,0,0.050806969,Elevated,Elevated,29,Starved,Symbiotic,Elevated_29_Starved_Symbiotic
236,A_7.5_20_S_A,0,0.050906681,Low,Low,20,Starved,Aposymbiotic,Low_20_Starved_Aposymbiotic
187,A_5_29_S_A,1,0.050957932,Low,Low,29,Starved,Aposymbiotic,Low_29_Starved_Aposymbiotic
252,N_1.5_29_S_S,0,0.051208852,Elevated,Elevated,29,Starved,Symbiotic,Elevated_29_Starved_Symbiotic
178,A_5_20_F_A,1,0.051365621,Low,Low,20,Fed,Aposymbiotic,Low_20_Fed_Aposymbiotic
155,A_5_20_F_S,1,0.051504402,Low,Low,20,Fed,Symbiotic,Low_20_Fed_Symbiotic
176,A_10_20_F_S,1,0.051573327,Low,Low,20,Fed,Symbiotic,Low_20_Fed_Symbiotic
164,N_0_29_F_A,0,0.051749498,Low,Low,29,Fed,Aposymbiotic,Low_29_Fed_Aposymbiotic
206,N_0_29_F_S,0,0.051867893,Low,Low,29,Fed,Symbiotic,Low_29_Fed_Symbiotic
239,N_18_29_F_S,0,0.052111178,Elevated,Elevated,29,Fed,Symbiotic,Elevated_29_Fed_Symbiotic
150,N_1.5_20_S_A,0,0.052184399,Low,Low,20,Starved,Aposymbiotic,Low_20_Starved_Aposymbiotic
221,A_0_29_S_A,1,0.052223721,Low,Low,29,Starved,Aposymbiotic,Low_29_Starved_Aposymbiotic
188,N_1.5_29_S_S,0,0.052383209,Elevated,Elevated,29,Starved,Symbiotic,Elevated_29_Starved_Symbiotic
198,A_7.5_20_F_S,0,0.052395757,Low,Low,20,Fed,Symbiotic,Low_20_Fed_Symbiotic
238,A_10_29_S_A,1,0.052499874,Low,Low,29,Starved,Aposymbiotic,Low_29_Starved_Aposymbiotic
171,A_5_20_S_A,0,0.052814245,Low,Low,20,Starved,Aposymbiotic,Low_20_Starved_Aposymbiotic
240,A_0_29_F_S,0,0.052846542,Low,Low,29,Fed,Symbiotic,Low_29_Fed_Symbiotic
241,A_5_29_S_S,0,0.053233623,Low,Low,29,Starved,Symbiotic,Low_29_Starved_Symbiotic
155,A_0_20_F_S,1,0.053697984,Low,Low,20,Fed,Symbiotic,Low_20_Fed_Symbiotic
243,N_18_29_S_S,1,0.05378537,Elevated,Elevated,29,Starved,Symbiotic,Elevated_29_Starved_Symbiotic
162,N_0_29_S_A,1,0.053819186,Low,Low,29,Starved,Aposymbiotic,Low_29_Starved_Aposymbiotic
236,A_5_20_S_A,0,0.053920334,Low,Low,20,Starved,Aposymbiotic,Low_20_Starved_Aposymbiotic
256,N_1.5_29_F_S,1,0.053923926,Low,Low,29,Fed,Symbiotic,Low_29_Fed_Symbiotic
167,A_0_29_F_A,0,0.053979666,Low,Low,29,Fed,Aposymbiotic,Low_29_Fed_Aposymbiotic
238,N_0_20_F_A,0,0.053992089,Low,Low,20,Fed,Aposymbiotic,Low_20_Fed_Aposymbiotic
171,N_18_20_S_A,0,0.054008466,Elevated,Elevated,20,Starved,Aposymbiotic,Elevated_20_Starved_Aposymbiotic
184,A_0_29_F_A,1,0.054029232,Low,Low,29,Fed,Aposymbiotic,Low_29_Fed_Aposymbiotic
163,N_18_20_F_A,0,0.054043364000000003,Elevated,Elevated,20,Fed,Aposymbiotic,Elevated_20_Fed_Aposymbiotic
232,A_7.5_29_F_A,0,0.054060883,Low,Low,29,Fed,Aposymbiotic,Low_29_Fed_Aposymbiotic
194,N_18_29_S_A,0,0.054394773,Elevated,Elevated,29,Starved,Aposymbiotic,Elevated_29_Starved_Aposymbiotic
145,A_7.5_29_F_A,0,0.054938458,Low,Low,29,Fed,Aposymbiotic,Low_29_Fed_Aposymbiotic
145,A_5_29_F_A,0,0.054986563,Low,Low,29,Fed,Aposymbiotic,Low_29_Fed_Aposymbiotic
235,A_5_29_F_A,1,0.055065087,Low,Low,29,Fed,Aposymbiotic,Low_29_Fed_Aposymbiotic
146,A_10_29_F_A,0,0.055268065,Low,Low,29,Fed,Aposymbiotic,Low_29_Fed_Aposymbiotic
155,A_5_29_S_A,0,0.055828538,Low,Low,29,Starved,Aposymbiotic,Low_29_Starved_Aposymbiotic
196,N_1.5_29_F_A,1,0.055942573,Low,Low,29,Fed,Aposymbiotic,Low_29_Fed_Aposymbiotic
153,N_0_29_F_S,0,0.056036216,Low,Low,29,Fed,Symbiotic,Low_29_Fed_Symbiotic
200,A_7.5_29_S_S,0,0.056703251,Low,Low,29,Starved,Symbiotic,Low_29_Starved_Symbiotic
187,A_0_29_S_A,1,0.056790744,Low,Low,29,Starved,Aposymbiotic,Low_29_Starved_Aposymbiotic
181,A_7.5_29_F_S,1,0.056825857,Low,Low,29,Fed,Symbiotic,Low_29_Fed_Symbiotic
193,N_18_29_S_S,0,0.05687305,Elevated,Elevated,29,Starved,Symbiotic,Elevated_29_Starved_Symbiotic
193,N_18_29_F_S,0,0.057006346,Elevated,Elevated,29,Fed,Symbiotic,Elevated_29_Fed_Symbiotic
206,N_0_29_S_A,1,0.057115553,Low,Low,29,Starved,Aposymbiotic,Low_29_Starved_Aposymbiotic
240,A_5_29_F_S,1,0.057164025,Low,Low,29,Fed,Symbiotic,Low_29_Fed_Symbiotic
233,A_0_29_S_S,1,0.057410265,Low,Low,29,Starved,Symbiotic,Low_29_Starved_Symbiotic
206,N_1.5_20_S_A,1,0.057497234,Low,Low,20,Starved,Aposymbiotic,Low_20_Starved_Aposymbiotic
242,A_7.5_29_F_A,0,0.057606518,Low,Low,29,Fed,Aposymbiotic,Low_29_Fed_Aposymbiotic
223,N_0_29_F_S,1,0.057669903,Low,Low,29,Fed,Symbiotic,Low_29_Fed_Symbiotic
150,N_1.5_20_F_A,0,0.058067404,Low,Low,20,Fed,Aposymbiotic,Low_20_Fed_Aposymbiotic
243,A_5_20_F_S,1,0.058091086,Low,Low,20,Fed,Symbiotic,Low_20_Fed_Symbiotic
158,A_7.5_29_S_A,0,0.058328524,Low,Low,29,Starved,Aposymbiotic,Low_29_Starved_Aposymbiotic
255,A_5_29_S_S,0,0.058555129,Low,Low,29,Starved,Symbiotic,Low_29_Starved_Symbiotic
248,A_5_29_F_S,0,0.058769414,Low,Low,29,Fed,Symbiotic,Low_29_Fed_Symbiotic
249,A_10_29_F_S,1,0.058776497,Low,Low,29,Fed,Symbiotic,Low_29_Fed_Symbiotic
153,A_7.5_29_S_S,0,0.058912672,Low,Low,29,Starved,Symbiotic,Low_29_Starved_Symbiotic
237,N_1.5_29_S_A,0,0.058971408,Elevated,Elevated,29,Starved,Aposymbiotic,Elevated_29_Starved_Aposymbiotic
235,A_0_20_S_A,0,0.059052104,Low,Low,20,Starved,Aposymbiotic,Low_20_Starved_Aposymbiotic
245,A_5_29_F_A,1,0.059093275,Low,Low,29,Fed,Aposymbiotic,Low_29_Fed_Aposymbiotic
173,A_0_20_F_S,1,0.059218376,Low,Low,20,Fed,Symbiotic,Low_20_Fed_Symbiotic
160,A_5_29_F_A,1,0.059277214,Low,Low,29,Fed,Aposymbiotic,Low_29_Fed_Aposymbiotic
250,A_0_20_S_S,1,0.059452658,Low,Low,20,Starved,Symbiotic,Low_20_Starved_Symbiotic
193,N_1.5_29_S_A,0,0.059504617,Elevated,Elevated,29,Starved,Aposymbiotic,Elevated_29_Starved_Aposymbiotic
191,A_5_20_F_S,0,0.059562156,Low,Low,20,Fed,Symbiotic,Low_20_Fed_Symbiotic
186,N_5_20_S_S,0,0.059721938,Low,Low,20,Starved,Symbiotic,Low_20_Starved_Symbiotic
234,A_7.5_29_S_S,1,0.059867696,Low,Low,29,Starved,Symbiotic,Low_29_Starved_Symbiotic
243,N_1.5_29_S_S,1,0.059992101,Elevated,Elevated,29,Starved,Symbiotic,Elevated_29_Starved_Symbiotic
167,A_5_29_S_S,0,0.060021205,Low,Low,29,Starved,Symbiotic,Low_29_Starved_Symbiotic
147,N_1.5_20_F_S,0,0.060048299,Low,Low,20,Fed,Symbiotic,Low_20_Fed_Symbiotic
226,A_0_29_F_S,1,0.060145569,Low,Low,29,Fed,Symbiotic,Low_29_Fed_Symbiotic
182,A_0_29_S_S,1,0.060279868,Low,Low,29,Starved,Symbiotic,Low_29_Starved_Symbiotic
246,N_5_29_F_S,1,0.060314205,Low,Low,29,Fed,Symbiotic,Low_29_Fed_Symbiotic
245,N_0_29_F_S,1,0.060432821,Low,Low,29,Fed,Symbiotic,Low_29_Fed_Symbiotic
168,N_5_20_S_A,1,0.060657881,Low,Low,20,Starved,Aposymbiotic,Low_20_Starved_Aposymbiotic
226,N_1.5_29_F_A,1,0.060803233,Low,Low,29,Fed,Aposymbiotic,Low_29_Fed_Aposymbiotic
233,A_7.5_29_S_S,1,0.061492714,Low,Low,29,Starved,Symbiotic,Low_29_Starved_Symbiotic
242,A_0_29_F_A,0,0.06151389,Low,Low,29,Fed,Aposymbiotic,Low_29_Fed_Aposymbiotic
169,A_10_29_S_A,0,0.061659438,Low,Low,29,Starved,Aposymbiotic,Low_29_Starved_Aposymbiotic
153,A_0_20_S_S,1,0.061849482,Low,Low,20,Starved,Symbiotic,Low_20_Starved_Symbiotic
248,A_5_20_S_S,0,0.06211029,Low,Low,20,Starved,Symbiotic,Low_20_Starved_Symbiotic
157,N_1.5_20_F_A,0,0.062114904,Low,Low,20,Fed,Aposymbiotic,Low_20_Fed_Aposymbiotic
245,N_1.5_20_F_S,0,0.062290549,Low,Low,20,Fed,Symbiotic,Low_20_Fed_Symbiotic
167,A_10_29_F_S,0,0.062342832,Low,Low,29,Fed,Symbiotic,Low_29_Fed_Symbiotic
252,N_0_20_S_S,1,0.06259847,Low,Low,20,Starved,Symbiotic,Low_20_Starved_Symbiotic
153,A_7.5_20_F_A,1,0.062696415,Low,Low,20,Fed,Aposymbiotic,Low_20_Fed_Aposymbiotic
256,N_0_20_F_S,1,0.062743848,Low,Low,20,Fed,Symbiotic,Low_20_Fed_Symbiotic
223,N_5_20_F_S,1,0.062798534,Elevated,Elevated,20,Fed,Symbiotic,Elevated_20_Fed_Symbiotic
243,N_5_29_S_S,1,0.062915585,Elevated,Elevated,29,Starved,Symbiotic,Elevated_29_Starved_Symbiotic
237,N_1.5_29_F_A,0,0.063278597,Low,Low,29,Fed,Aposymbiotic,Low_29_Fed_Aposymbiotic
153,N_5_29_F_S,1,0.063307962,Low,Low,29,Fed,Symbiotic,Low_29_Fed_Symbiotic
184,N_5_20_S_A,1,0.063307991,Low,Low,20,Starved,Aposymbiotic,Low_20_Starved_Aposymbiotic
237,N_0_20_F_A,0,0.063596661,Low,Low,20,Fed,Aposymbiotic,Low_20_Fed_Aposymbiotic
165,N_5_29_F_A,0,0.06375248,Low,Low,29,Fed,Aposymbiotic,Low_29_Fed_Aposymbiotic
152,A_10_20_F_S,1,0.064021807,Low,Low,20,Fed,Symbiotic,Low_20_Fed_Symbiotic
240,A_5_20_S_S,0,0.064168411,Low,Low,20,Starved,Symbiotic,Low_20_Starved_Symbiotic
247,A_0_20_F_S,0,0.064186463,Low,Low,20,Fed,Symbiotic,Low_20_Fed_Symbiotic
185,N_1.5_29_F_S,1,0.064213626,Low,Low,29,Fed,Symbiotic,Low_29_Fed_Symbiotic
167,A_5_20_F_A,0,0.064424359,Low,Low,20,Fed,Aposymbiotic,Low_20_Fed_Aposymbiotic
242,N_0_20_S_A,1,0.064425297,Low,Low,20,Starved,Aposymbiotic,Low_20_Starved_Aposymbiotic
242,N_0_29_F_A,1,0.064516721,Low,Low,29,Fed,Aposymbiotic,Low_29_Fed_Aposymbiotic
252,A_0_29_F_S,1,0.064537326,Low,Low,29,Fed,Symbiotic,Low_29_Fed_Symbiotic
212,N_1.5_29_S_A,1,0.064711383,Elevated,Elevated,29,Starved,Aposymbiotic,Elevated_29_Starved_Aposymbiotic
167,A_7.5_29_F_S,0,0.064860262,Low,Low,29,Fed,Symbiotic,Low_29_Fed_Symbiotic
154,N_0_29_S_S,0,0.064881032,Low,Low,29,Starved,Symbiotic,Low_29_Starved_Symbiotic
182,A_5_20_S_S,1,0.064998533,Low,Low,20,Starved,Symbiotic,Low_20_Starved_Symbiotic
218,A_5_29_S_S,1,0.06505312,Low,Low,29,Starved,Symbiotic,Low_29_Starved_Symbiotic
222,A_5_29_S_S,1,0.065063913,Low,Low,29,Starved,Symbiotic,Low_29_Starved_Symbiotic
243,A_5_29_F_S,1,0.065148121,Low,Low,29,Fed,Symbiotic,Low_29_Fed_Symbiotic
171,N_5_29_S_A,0,0.065156361,Elevated,Elevated,29,Starved,Aposymbiotic,Elevated_29_Starved_Aposymbiotic
161,N_0_29_F_S,0,0.065222865,Low,Low,29,Fed,Symbiotic,Low_29_Fed_Symbiotic
196,A_0_29_F_S,0,0.065238671,Low,Low,29,Fed,Symbiotic,Low_29_Fed_Symbiotic
151,A_5_20_F_S,0,0.065268728,Low,Low,20,Fed,Symbiotic,Low_20_Fed_Symbiotic
160,N_1.5_20_F_S,0,0.065666701,Low,Low,20,Fed,Symbiotic,Low_20_Fed_Symbiotic
142,N_5_20_F_S,0,0.06590733,Elevated,Elevated,20,Fed,Symbiotic,Elevated_20_Fed_Symbiotic
240,A_5_29_S_S,1,0.066041758,Low,Low,29,Starved,Symbiotic,Low_29_Starved_Symbiotic
197,N_5_29_F_A,1,0.066120004,Low,Low,29,Fed,Aposymbiotic,Low_29_Fed_Aposymbiotic
170,N_5_29_S_A,0,0.066393135,Elevated,Elevated,29,Starved,Aposymbiotic,Elevated_29_Starved_Aposymbiotic
235,A_10_20_F_A,0,0.066711226,Low,Low,20,Fed,Aposymbiotic,Low_20_Fed_Aposymbiotic
185,N_5_20_F_S,0,0.067014246,Elevated,Elevated,20,Fed,Symbiotic,Elevated_20_Fed_Symbiotic
153,N_18_29_F_S,1,0.067149643,Elevated,Elevated,29,Fed,Symbiotic,Elevated_29_Fed_Symbiotic
238,N_5_29_F_A,0,0.067227976,Low,Low,29,Fed,Aposymbiotic,Low_29_Fed_Aposymbiotic
171,N_0_29_S_A,1,0.06725436,Low,Low,29,Starved,Aposymbiotic,Low_29_Starved_Aposymbiotic
241,A_0_20_S_S,1,0.067488558,Low,Low,20,Starved,Symbiotic,Low_20_Starved_Symbiotic
198,A_5_29_F_S,0,0.067492114,Low,Low,29,Fed,Symbiotic,Low_29_Fed_Symbiotic
241,A_5_20_S_S,1,0.067553006,Low,Low,20,Starved,Symbiotic,Low_20_Starved_Symbiotic
252,A_10_29_S_S,1,0.067572761,Low,Low,29,Starved,Symbiotic,Low_29_Starved_Symbiotic
169,N_0_20_S_A,0,0.06793794,Low,Low,20,Starved,Aposymbiotic,Low_20_Starved_Aposymbiotic
245,N_0_20_F_S,0,0.068002814,Low,Low,20,Fed,Symbiotic,Low_20_Fed_Symbiotic
208,N_1.5_20_S_S,0,0.068009724,Low,Low,20,Starved,Symbiotic,Low_20_Starved_Symbiotic
204,N_5_20_S_A,1,0.068218935,Low,Low,20,Starved,Aposymbiotic,Low_20_Starved_Aposymbiotic
144,A_7.5_29_F_S,1,0.06843175,Low,Low,29,Fed,Symbiotic,Low_29_Fed_Symbiotic
250,A_0_29_S_A,1,0.06849735,Low,Low,29,Starved,Aposymbiotic,Low_29_Starved_Aposymbiotic
163,N_1.5_20_F_A,0,0.068920315,Low,Low,20,Fed,Aposymbiotic,Low_20_Fed_Aposymbiotic
146,A_0_20_S_A,1,0.069207506,Low,Low,20,Starved,Aposymbiotic,Low_20_Starved_Aposymbiotic
238,N_0_29_S_A,0,0.069302893,Low,Low,29,Starved,Aposymbiotic,Low_29_Starved_Aposymbiotic
185,N_1.5_20_F_S,0,0.069310918,Low,Low,20,Fed,Symbiotic,Low_20_Fed_Symbiotic
244,N_1.5_29_S_A,1,0.069346188,Elevated,Elevated,29,Starved,Aposymbiotic,Elevated_29_Starved_Aposymbiotic
150,N_18_20_F_A,0,0.069492138,Elevated,Elevated,20,Fed,Aposymbiotic,Elevated_20_Fed_Aposymbiotic
240,N_1.5_29_F_S,1,0.069497877,Low,Low,29,Fed,Symbiotic,Low_29_Fed_Symbiotic
237,A_7.5_29_F_A,1,0.06973549,Low,Low,29,Fed,Aposymbiotic,Low_29_Fed_Aposymbiotic
212,"A_0_20_F_A
",1,0.06976092,Low,Low,20,Fed,Aposymbiotic,Low_20_Fed_Aposymbiotic
159,N_5_20_F_A,0,0.069820017,Elevated,Elevated,20,Fed,Aposymbiotic,Elevated_20_Fed_Aposymbiotic
187,A_10_29_F_A,1,0.069974251,Low,Low,29,Fed,Aposymbiotic,Low_29_Fed_Aposymbiotic
240,A_10_29_F_S,0,0.070073064,Low,Low,29,Fed,Symbiotic,Low_29_Fed_Symbiotic
223,N_0_20_F_S,1,0.070189379,Low,Low,20,Fed,Symbiotic,Low_20_Fed_Symbiotic
247,N_18_29_S_S,0,0.070736872,Elevated,Elevated,29,Starved,Symbiotic,Elevated_29_Starved_Symbiotic
248,A_10_29_F_S,0,0.070756361,Low,Low,29,Fed,Symbiotic,Low_29_Fed_Symbiotic
164,N_0_29_S_S,0,0.071109843,Low,Low,29,Starved,Symbiotic,Low_29_Starved_Symbiotic
168,N_0_29_F_A,1,0.07143839,Low,Low,29,Fed,Aposymbiotic,Low_29_Fed_Aposymbiotic
180,A_10_20_S_A,0,0.071571663,Low,Low,20,Starved,Aposymbiotic,Low_20_Starved_Aposymbiotic
239,A_7.5_20_F_S,1,0.071616252,Low,Low,20,Fed,Symbiotic,Low_20_Fed_Symbiotic
241,A_0_29_F_S,1,0.071623512,Low,Low,29,Fed,Symbiotic,Low_29_Fed_Symbiotic
247,A_10_29_F_A,1,0.071760498,Low,Low,29,Fed,Aposymbiotic,Low_29_Fed_Aposymbiotic
164,N_0_20_S_S,0,0.071908984,Low,Low,20,Starved,Symbiotic,Low_20_Starved_Symbiotic
250,A_5_29_S_A,1,0.071933297,Low,Low,29,Starved,Aposymbiotic,Low_29_Starved_Aposymbiotic
198,A_10_20_F_S,0,0.072064874,Low,Low,20,Fed,Symbiotic,Low_20_Fed_Symbiotic
173,A_5_20_F_S,1,0.072101057,Low,Low,20,Fed,Symbiotic,Low_20_Fed_Symbiotic
249,N_1.5_20_S_S,0,0.072162873,Low,Low,20,Starved,Symbiotic,Low_20_Starved_Symbiotic
207,N_18_29_F_S,1,0.072482852,Elevated,Elevated,29,Fed,Symbiotic,Elevated_29_Fed_Symbiotic
167,N_0_29_F_A,0,0.072618821,Low,Low,29,Fed,Aposymbiotic,Low_29_Fed_Aposymbiotic
149,N_0_20_S_S,0,0.072682676,Low,Low,20,Starved,Symbiotic,Low_20_Starved_Symbiotic
151,N_1.5_29_S_A,1,0.072751498,Elevated,Elevated,29,Starved,Aposymbiotic,Elevated_29_Starved_Aposymbiotic
193,N_5_29_S_S,0,0.072762572,Elevated,Elevated,29,Starved,Symbiotic,Elevated_29_Starved_Symbiotic
168,N_5_29_F_A,0,0.073018261,Low,Low,29,Fed,Aposymbiotic,Low_29_Fed_Aposymbiotic
255,A_0_29_S_S,1,0.073120982,Low,Low,29,Starved,Symbiotic,Low_29_Starved_Symbiotic
223,N_1.5_29_F_S,0,0.073191137,Low,Low,29,Fed,Symbiotic,Low_29_Fed_Symbiotic
169,N_5_20_S_A,0,0.073542425,Low,Low,20,Starved,Aposymbiotic,Low_20_Starved_Aposymbiotic
225,N_1.5_29_S_S,1,0.073588375,Elevated,Elevated,29,Starved,Symbiotic,Elevated_29_Starved_Symbiotic
172,N_0_29_S_S,1,0.073622419,Low,Low,29,Starved,Symbiotic,Low_29_Starved_Symbiotic
210,A_5_29_F_A,0,0.073635237,Low,Low,29,Fed,Aposymbiotic,Low_29_Fed_Aposymbiotic
238,A_10_20_S_S,1,0.073818146,Low,Low,20,Starved,Symbiotic,Low_20_Starved_Symbiotic
174,N_0_29_F_A,0,0.073999178,Low,Low,29,Fed,Aposymbiotic,Low_29_Fed_Aposymbiotic
246,N_18_29_F_S,1,0.074061129,Elevated,Elevated,29,Fed,Symbiotic,Elevated_29_Fed_Symbiotic
173,N_18_29_S_S,1,0.074098739,Elevated,Elevated,29,Starved,Symbiotic,Elevated_29_Starved_Symbiotic
210,A_7.5_29_F_A,1,0.074222978,Low,Low,29,Fed,Aposymbiotic,Low_29_Fed_Aposymbiotic
223,N_1.5_20_F_A,1,0.074366219,Low,Low,20,Fed,Aposymbiotic,Low_20_Fed_Aposymbiotic
217,A_0_20_S_S,0,0.074392503,Low,Low,20,Starved,Symbiotic,Low_20_Starved_Symbiotic
212,A_5_20_F_A,1,0.074558675,Low,Low,20,Fed,Aposymbiotic,Low_20_Fed_Aposymbiotic
142,N_18_29_F_S,0,0.074607186,Elevated,Elevated,29,Fed,Symbiotic,Elevated_29_Fed_Symbiotic
237,N_18_29_S_A,0,0.0748534,Elevated,Elevated,29,Starved,Aposymbiotic,Elevated_29_Starved_Aposymbiotic
237,A_5_20_F_A,1,0.07508408,Low,Low,20,Fed,Aposymbiotic,Low_20_Fed_Aposymbiotic
245,A_0_29_F_A,1,0.075418036,Low,Low,29,Fed,Aposymbiotic,Low_29_Fed_Aposymbiotic
153,A_5_29_S_S,0,0.075480834,Low,Low,29,Starved,Symbiotic,Low_29_Starved_Symbiotic
151,N_18_20_S_A,1,0.075586117,Elevated,Elevated,20,Starved,Aposymbiotic,Elevated_20_Starved_Aposymbiotic
226,N_0_29_F_A,1,0.075639082,Low,Low,29,Fed,Aposymbiotic,Low_29_Fed_Aposymbiotic
196,A_10_20_F_A,0,0.075772303,Low,Low,20,Fed,Aposymbiotic,Low_20_Fed_Aposymbiotic
184,A_7.5_20_F_A,1,0.075829081,Low,Low,20,Fed,Aposymbiotic,Low_20_Fed_Aposymbiotic
184,N_1.5_20_F_A,1,0.075849499,Low,Low,20,Fed,Aposymbiotic,Low_20_Fed_Aposymbiotic
189,N_5_29_S_S,0,0.075857754,Elevated,Elevated,29,Starved,Symbiotic,Elevated_29_Starved_Symbiotic
244,A_7.5_20_F_A,1,0.075858683,Low,Low,20,Fed,Aposymbiotic,Low_20_Fed_Aposymbiotic
251,A_7.5_29_S_A,1,0.075894093,Low,Low,29,Starved,Aposymbiotic,Low_29_Starved_Aposymbiotic
200,A_10_29_F_S,0,0.075937168,Low,Low,29,Fed,Symbiotic,Low_29_Fed_Symbiotic
222,A_10_29_F_S,1,0.075942626,Low,Low,29,Fed,Symbiotic,Low_29_Fed_Symbiotic
175,N_1.5_29_F_S,1,0.076110669,Low,Low,29,Fed,Symbiotic,Low_29_Fed_Symbiotic
185,A_7.5_20_F_S,1,0.076132605,Low,Low,20,Fed,Symbiotic,Low_20_Fed_Symbiotic
150,N_1.5_29_F_A,0,0.076194771,Low,Low,29,Fed,Aposymbiotic,Low_29_Fed_Aposymbiotic
242,N_0_20_F_A,1,0.076250591,Low,Low,20,Fed,Aposymbiotic,Low_20_Fed_Aposymbiotic
241,A_0_29_S_S,1,0.07640834,Low,Low,29,Starved,Symbiotic,Low_29_Starved_Symbiotic
178,"A_0_20_F_A
",0,0.076521051,Low,Low,20,Fed,Aposymbiotic,Low_20_Fed_Aposymbiotic
240,A_0_29_S_S,0,0.076530534,Low,Low,29,Starved,Symbiotic,Low_29_Starved_Symbiotic
240,A_7.5_29_F_S,1,0.076712904,Low,Low,29,Fed,Symbiotic,Low_29_Fed_Symbiotic
181,A_0_29_S_A,0,0.076755363,Low,Low,29,Starved,Aposymbiotic,Low_29_Starved_Aposymbiotic
170,N_18_29_S_A,0,0.076772153,Elevated,Elevated,29,Starved,Aposymbiotic,Elevated_29_Starved_Aposymbiotic
233,A_7.5_29_F_S,1,0.076799296,Low,Low,29,Fed,Symbiotic,Low_29_Fed_Symbiotic
206,N_1.5_20_F_S,1,0.077192806,Low,Low,20,Fed,Symbiotic,Low_20_Fed_Symbiotic
155,N_1.5_29_S_S,1,0.077264588,Elevated,Elevated,29,Starved,Symbiotic,Elevated_29_Starved_Symbiotic
188,A_7.5_29_S_A,1,0.077327017,Low,Low,29,Starved,Aposymbiotic,Low_29_Starved_Aposymbiotic
241,A_7.5_29_F_S,0,0.077498634,Low,Low,29,Fed,Symbiotic,Low_29_Fed_Symbiotic
150,N_5_29_F_A,0,0.077549336,Low,Low,29,Fed,Aposymbiotic,Low_29_Fed_Aposymbiotic
192,N_18_20_S_A,0,0.077610932,Elevated,Elevated,20,Starved,Aposymbiotic,Elevated_20_Starved_Aposymbiotic
242,A_5_20_F_A,0,0.077685347,Low,Low,20,Fed,Aposymbiotic,Low_20_Fed_Aposymbiotic
240,A_10_29_S_S,0,0.077776991,Low,Low,29,Starved,Symbiotic,Low_29_Starved_Symbiotic
242,A_7.5_29_S_A,0,0.077789688,Low,Low,29,Starved,Aposymbiotic,Low_29_Starved_Aposymbiotic
155,N_5_29_S_S,1,0.077830158,Elevated,Elevated,29,Starved,Symbiotic,Elevated_29_Starved_Symbiotic
241,A_7.5_20_F_S,1,0.078028034,Low,Low,20,Fed,Symbiotic,Low_20_Fed_Symbiotic
187,N_5_20_S_A,0,0.078198138,Low,Low,20,Starved,Aposymbiotic,Low_20_Starved_Aposymbiotic
167,A_7.5_29_F_A,0,0.078201708,Low,Low,29,Fed,Aposymbiotic,Low_29_Fed_Aposymbiotic
181,A_7.5_29_S_A,0,0.078468394,Low,Low,29,Starved,Aposymbiotic,Low_29_Starved_Aposymbiotic
242,A_0_20_S_A,0,0.078687477,Low,Low,20,Starved,Aposymbiotic,Low_20_Starved_Aposymbiotic
196,A_7.5_29_F_S,0,0.078841582,Low,Low,29,Fed,Symbiotic,Low_29_Fed_Symbiotic
186,N_5_20_S_S,0,0.079091389,Low,Low,20,Starved,Symbiotic,Low_20_Starved_Symbiotic
168,N_5_29_F_A,1,0.079092129,Low,Low,29,Fed,Aposymbiotic,Low_29_Fed_Aposymbiotic
237,N_1.5_20_F_A,0,0.079101101,Low,Low,20,Fed,Aposymbiotic,Low_20_Fed_Aposymbiotic
206,N_0_29_F_S,1,0.079231137,Low,Low,29,Fed,Symbiotic,Low_29_Fed_Symbiotic
241,N_5_29_S_S,1,0.079358232,Elevated,Elevated,29,Starved,Symbiotic,Elevated_29_Starved_Symbiotic
187,A_5_20_S_A,1,0.07946249,Low,Low,20,Starved,Aposymbiotic,Low_20_Starved_Aposymbiotic
241,A_7.5_20_S_S,1,0.079471842,Low,Low,20,Starved,Symbiotic,Low_20_Starved_Symbiotic
171,A_10_29_F_A,0,0.079512339,Low,Low,29,Fed,Aposymbiotic,Low_29_Fed_Aposymbiotic
222,A_10_20_S_S,1,0.079533301,Low,Low,20,Starved,Symbiotic,Low_20_Starved_Symbiotic
169,A_7.5_20_S_A,1,0.079567353,Low,Low,20,Starved,Aposymbiotic,Low_20_Starved_Aposymbiotic
226,N_0_29_F_A,1,0.079647971,Low,Low,29,Fed,Aposymbiotic,Low_29_Fed_Aposymbiotic
225,N_0_29_S_S,1,0.079826683,Low,Low,29,Starved,Symbiotic,Low_29_Starved_Symbiotic
252,N_0_29_S_S,1,0.07983327,Low,Low,29,Starved,Symbiotic,Low_29_Starved_Symbiotic
170,N_18_20_S_A,0,0.079900531,Elevated,Elevated,20,Starved,Aposymbiotic,Elevated_20_Starved_Aposymbiotic
168,A_0_20_S_A,0,0.080115779,Low,Low,20,Starved,Aposymbiotic,Low_20_Starved_Aposymbiotic
164,N_1.5_20_S_S,0,0.080163387,Low,Low,20,Starved,Symbiotic,Low_20_Starved_Symbiotic
208,N_0_29_S_S,0,0.080239079,Low,Low,29,Starved,Symbiotic,Low_29_Starved_Symbiotic
167,A_0_20_S_S,0,0.080367823,Low,Low,20,Starved,Symbiotic,Low_20_Starved_Symbiotic
215,A_0_20_S_A,0,0.080429356,Low,Low,20,Starved,Aposymbiotic,Low_20_Starved_Aposymbiotic
173,N_5_29_S_S,1,0.080459408,Elevated,Elevated,29,Starved,Symbiotic,Elevated_29_Starved_Symbiotic
237,A_10_29_F_A,1,0.080555356,Low,Low,29,Fed,Aposymbiotic,Low_29_Fed_Aposymbiotic
245,A_10_29_S_S,0,0.08062195,Low,Low,29,Starved,Symbiotic,Low_29_Starved_Symbiotic
157,A_5_29_S_A,1,0.080641366,Low,Low,29,Starved,Aposymbiotic,Low_29_Starved_Aposymbiotic
194,N_18_20_F_A,0,0.080700117,Elevated,Elevated,20,Fed,Aposymbiotic,Elevated_20_Fed_Aposymbiotic
171,N_5_20_F_S,0,0.080904839,Elevated,Elevated,20,Fed,Symbiotic,Elevated_20_Fed_Symbiotic
241,A_5_20_F_S,1,0.081256991,Low,Low,20,Fed,Symbiotic,Low_20_Fed_Symbiotic
254,A_0_20_S_S,0,0.081344918,Low,Low,20,Starved,Symbiotic,Low_20_Starved_Symbiotic
242,"A_0_20_F_A
",0,0.081614983,Low,Low,20,Fed,Aposymbiotic,Low_20_Fed_Aposymbiotic
152,"A_0_20_F_A
",1,0.081947941,Low,Low,20,Fed,Aposymbiotic,Low_20_Fed_Aposymbiotic
237,A_10_20_S_A,0,0.082203887,Low,Low,20,Starved,Aposymbiotic,Low_20_Starved_Aposymbiotic
201,A_5_20_S_S,0,0.082265278,Low,Low,20,Starved,Symbiotic,Low_20_Starved_Symbiotic
242,A_10_20_S_A,0,0.082335983,Low,Low,20,Starved,Aposymbiotic,Low_20_Starved_Aposymbiotic
171,A_7.5_29_S_S,0,0.082515827,Low,Low,29,Starved,Symbiotic,Low_29_Starved_Symbiotic
171,A_7.5_29_S_S,1,0.082515827,Low,Low,29,Starved,Symbiotic,Low_29_Starved_Symbiotic
155,A_0_29_S_A,1,0.082548858,Low,Low,29,Starved,Aposymbiotic,Low_29_Starved_Aposymbiotic
240,A_7.5_29_S_S,0,0.082855854,Low,Low,29,Starved,Symbiotic,Low_29_Starved_Symbiotic
162,N_5_29_S_A,1,0.08295419,Elevated,Elevated,29,Starved,Aposymbiotic,Elevated_29_Starved_Aposymbiotic
157,A_7.5_29_F_S,0,0.08307346,Low,Low,29,Fed,Symbiotic,Low_29_Fed_Symbiotic
182,A_0_20_S_S,1,0.083088636,Low,Low,20,Starved,Symbiotic,Low_20_Starved_Symbiotic
168,N_1.5_20_F_A,1,0.083640201,Low,Low,20,Fed,Aposymbiotic,Low_20_Fed_Aposymbiotic
153,A_10_29_S_S,0,0.083708928,Low,Low,29,Starved,Symbiotic,Low_29_Starved_Symbiotic
195,N_0_29_F_A,1,0.083731247,Low,Low,29,Fed,Aposymbiotic,Low_29_Fed_Aposymbiotic
240,A_7.5_20_S_S,0,0.083890523,Low,Low,20,Starved,Symbiotic,Low_20_Starved_Symbiotic
232,A_0_29_F_A,1,0.083913466,Low,Low,29,Fed,Aposymbiotic,Low_29_Fed_Aposymbiotic
184,N_1.5_20_S_A,1,0.083989219,Low,Low,20,Starved,Aposymbiotic,Low_20_Starved_Aposymbiotic
171,N_1.5_29_F_S,1,0.084072563,Low,Low,29,Fed,Symbiotic,Low_29_Fed_Symbiotic
152,"A_0_20_F_A
",0,0.084220357,Low,Low,20,Fed,Aposymbiotic,Low_20_Fed_Aposymbiotic
226,N_18_29_S_S,1,0.084310664,Elevated,Elevated,29,Starved,Symbiotic,Elevated_29_Starved_Symbiotic
237,N_5_29_S_A,1,0.084422222,Elevated,Elevated,29,Starved,Aposymbiotic,Elevated_29_Starved_Aposymbiotic
172,N_5_20_S_S,1,0.08451012,Low,Low,20,Starved,Symbiotic,Low_20_Starved_Symbiotic
244,"A_0_20_F_A
",1,0.084561289,Low,Low,20,Fed,Aposymbiotic,Low_20_Fed_Aposymbiotic
174,N_1.5_20_F_A,1,0.084661216,Low,Low,20,Fed,Aposymbiotic,Low_20_Fed_Aposymbiotic
166,N_18_29_S_S,0,0.08473897,Elevated,Elevated,29,Starved,Symbiotic,Elevated_29_Starved_Symbiotic
239,N_1.5_29_F_S,0,0.085099629,Low,Low,29,Fed,Symbiotic,Low_29_Fed_Symbiotic
171,N_5_29_F_S,1,0.085524744,Low,Low,29,Fed,Symbiotic,Low_29_Fed_Symbiotic
164,N_5_20_S_S,0,0.085590869,Low,Low,20,Starved,Symbiotic,Low_20_Starved_Symbiotic
245,A_0_29_S_S,0,0.085597999,Low,Low,29,Starved,Symbiotic,Low_29_Starved_Symbiotic
231,"A_0_20_F_A
",1,0.085719309,Low,Low,20,Fed,Aposymbiotic,Low_20_Fed_Aposymbiotic
182,A_10_29_F_S,1,0.085761973,Low,Low,29,Fed,Symbiotic,Low_29_Fed_Symbiotic
218,N_5_29_S_S,1,0.085889663,Elevated,Elevated,29,Starved,Symbiotic,Elevated_29_Starved_Symbiotic
239,N_0_29_F_S,1,0.085989784,Low,Low,29,Fed,Symbiotic,Low_29_Fed_Symbiotic
237,N_5_29_F_A,0,0.086255645,Low,Low,29,Fed,Aposymbiotic,Low_29_Fed_Aposymbiotic
171,A_0_20_S_A,1,0.086258968,Low,Low,20,Starved,Aposymbiotic,Low_20_Starved_Aposymbiotic
239,N_5_29_F_S,0,0.08647684,Low,Low,29,Fed,Symbiotic,Low_29_Fed_Symbiotic
146,A_5_20_S_A,0,0.086572476,Low,Low,20,Starved,Aposymbiotic,Low_20_Starved_Aposymbiotic
182,A_5_29_S_S,1,0.086852766,Low,Low,29,Starved,Symbiotic,Low_29_Starved_Symbiotic
166,N_5_29_S_S,0,0.086899968,Elevated,Elevated,29,Starved,Symbiotic,Elevated_29_Starved_Symbiotic
178,A_0_29_S_A,1,0.087078377,Low,Low,29,Starved,Aposymbiotic,Low_29_Starved_Aposymbiotic
185,A_10_29_S_S,1,0.087273531,Low,Low,29,Starved,Symbiotic,Low_29_Starved_Symbiotic
251,A_10_29_S_A,1,0.087412448,Low,Low,29,Starved,Aposymbiotic,Low_29_Starved_Aposymbiotic
240,A_0_20_S_S,0,0.087414988,Low,Low,20,Starved,Symbiotic,Low_20_Starved_Symbiotic
241,N_0_20_S_S,1,0.087499499,Low,Low,20,Starved,Symbiotic,Low_20_Starved_Symbiotic
229,N_0_29_S_A,1,0.087619858,Low,Low,29,Starved,Aposymbiotic,Low_29_Starved_Aposymbiotic
171,A_10_29_S_S,0,0.087780193,Low,Low,29,Starved,Symbiotic,Low_29_Starved_Symbiotic
163,N_18_29_S_A,1,0.087885845,Elevated,Elevated,29,Starved,Aposymbiotic,Elevated_29_Starved_Aposymbiotic
157,A_7.5_20_S_S,0,0.087918457,Low,Low,20,Starved,Symbiotic,Low_20_Starved_Symbiotic
165,N_1.5_29_S_S,0,0.088011716,Elevated,Elevated,29,Starved,Symbiotic,Elevated_29_Starved_Symbiotic
186,N_0_20_S_S,1,0.088015865,Low,Low,20,Starved,Symbiotic,Low_20_Starved_Symbiotic
162,A_7.5_20_S_A,0,0.088052864,Low,Low,20,Starved,Aposymbiotic,Low_20_Starved_Aposymbiotic
157,A_5_20_S_S,1,0.088101673,Low,Low,20,Starved,Symbiotic,Low_20_Starved_Symbiotic
185,N_18_20_F_S,1,0.088364597,Elevated,Elevated,20,Fed,Symbiotic,Elevated_20_Fed_Symbiotic
246,N_1.5_29_F_S,0,0.088555597,Low,Low,29,Fed,Symbiotic,Low_29_Fed_Symbiotic
241,A_10_29_F_S,1,0.088750393,Low,Low,29,Fed,Symbiotic,Low_29_Fed_Symbiotic
186,N_1.5_20_S_S,0,0.088975806,Low,Low,20,Starved,Symbiotic,Low_20_Starved_Symbiotic
150,N_5_20_S_A,0,0.089304534,Low,Low,20,Starved,Aposymbiotic,Low_20_Starved_Aposymbiotic
218,N_18_29_S_S,1,0.089381283,Elevated,Elevated,29,Starved,Symbiotic,Elevated_29_Starved_Symbiotic
241,N_5_29_S_A,0,0.089503877,Elevated,Elevated,29,Starved,Aposymbiotic,Elevated_29_Starved_Aposymbiotic
241,A_0_20_F_S,1,0.089653481,Low,Low,20,Fed,Symbiotic,Low_20_Fed_Symbiotic
244,N_5_29_S_A,1,0.089673922,Elevated,Elevated,29,Starved,Aposymbiotic,Elevated_29_Starved_Aposymbiotic
216,A_5_20_S_A,1,0.089939198,Low,Low,20,Starved,Aposymbiotic,Low_20_Starved_Aposymbiotic
232,A_10_29_F_A,1,0.089959943,Low,Low,29,Fed,Aposymbiotic,Low_29_Fed_Aposymbiotic
198,A_7.5_29_S_A,1,0.090009276,Low,Low,29,Starved,Aposymbiotic,Low_29_Starved_Aposymbiotic
196,A_10_20_F_S,0,0.090328546,Low,Low,20,Fed,Symbiotic,Low_20_Fed_Symbiotic
184,N_18_29_F_A,1,0.090555026,Elevated,Elevated,29,Fed,Aposymbiotic,Elevated_29_Fed_Aposymbiotic
237,A_7.5_29_S_A,1,0.090599994,Low,Low,29,Starved,Aposymbiotic,Low_29_Starved_Aposymbiotic
161,N_1.5_29_F_S,0,0.090699283,Low,Low,29,Fed,Symbiotic,Low_29_Fed_Symbiotic
242,A_0_29_S_A,0,0.090711658,Low,Low,29,Starved,Aposymbiotic,Low_29_Starved_Aposymbiotic
241,N_18_29_S_S,1,0.090770246,Elevated,Elevated,29,Starved,Symbiotic,Elevated_29_Starved_Symbiotic
240,N_5_29_F_S,1,0.091068514,Low,Low,29,Fed,Symbiotic,Low_29_Fed_Symbiotic
241,A_10_20_S_S,1,0.091152409,Low,Low,20,Starved,Symbiotic,Low_20_Starved_Symbiotic
209,A_5_20_F_A,0,0.091867015,Low,Low,20,Fed,Aposymbiotic,Low_20_Fed_Aposymbiotic
152,N_18_29_S_S,0,0.091924684,Elevated,Elevated,29,Starved,Symbiotic,Elevated_29_Starved_Symbiotic
144,A_5_20_S_S,0,0.092086202,Low,Low,20,Starved,Symbiotic,Low_20_Starved_Symbiotic
157,A_5_29_S_S,1,0.092303003,Low,Low,29,Starved,Symbiotic,Low_29_Starved_Symbiotic
239,N_18_29_S_S,0,0.092416536,Elevated,Elevated,29,Starved,Symbiotic,Elevated_29_Starved_Symbiotic
157,A_7.5_29_S_S,1,0.092539161,Low,Low,29,Starved,Symbiotic,Low_29_Starved_Symbiotic
171,N_0_20_F_S,1,0.09258878,Low,Low,20,Fed,Symbiotic,Low_20_Fed_Symbiotic
242,N_1.5_20_F_A,1,0.092744897,Low,Low,20,Fed,Aposymbiotic,Low_20_Fed_Aposymbiotic
217,A_7.5_20_S_S,0,0.092787646,Low,Low,20,Starved,Symbiotic,Low_20_Starved_Symbiotic
155,N_18_29_S_S,1,0.093374609,Elevated,Elevated,29,Starved,Symbiotic,Elevated_29_Starved_Symbiotic
244,N_18_29_S_A,1,0.093659017,Elevated,Elevated,29,Starved,Aposymbiotic,Elevated_29_Starved_Aposymbiotic
178,A_10_29_F_A,0,0.093881521,Low,Low,29,Fed,Aposymbiotic,Low_29_Fed_Aposymbiotic
225,N_18_20_S_S,1,0.094002391,Elevated,Elevated,20,Starved,Symbiotic,Elevated_20_Starved_Symbiotic
241,N_0_29_S_S,0,0.094159604,Low,Low,29,Starved,Symbiotic,Low_29_Starved_Symbiotic
167,A_5_20_S_S,0,0.0942092,Low,Low,20,Starved,Symbiotic,Low_20_Starved_Symbiotic
232,A_7.5_20_F_A,1,0.094291373,Low,Low,20,Fed,Aposymbiotic,Low_20_Fed_Aposymbiotic
237,A_0_29_S_A,0,0.094375365,Low,Low,29,Starved,Aposymbiotic,Low_29_Starved_Aposymbiotic
220,A_0_29_F_S,1,0.09451913,Low,Low,29,Fed,Symbiotic,Low_29_Fed_Symbiotic
172,N_0_20_S_S,1,0.094563374,Low,Low,20,Starved,Symbiotic,Low_20_Starved_Symbiotic
240,A_10_20_F_S,0,0.094899989,Low,Low,20,Fed,Symbiotic,Low_20_Fed_Symbiotic
198,A_0_29_S_A,0,0.095361292,Low,Low,29,Starved,Aposymbiotic,Low_29_Starved_Aposymbiotic
237,N_18_29_S_A,1,0.095366977,Elevated,Elevated,29,Starved,Aposymbiotic,Elevated_29_Starved_Aposymbiotic
170,"A_0_20_F_A
",0,0.095456951,Low,Low,20,Fed,Aposymbiotic,Low_20_Fed_Aposymbiotic
170,A_10_20_F_A,0,0.095655223,Low,Low,20,Fed,Aposymbiotic,Low_20_Fed_Aposymbiotic
193,N_18_20_S_S,0,0.095784986,Elevated,Elevated,20,Starved,Symbiotic,Elevated_20_Starved_Symbiotic
239,N_1.5_29_S_S,0,0.095941011,Elevated,Elevated,29,Starved,Symbiotic,Elevated_29_Starved_Symbiotic
192,N_5_20_F_A,1,0.095944451,Elevated,Elevated,20,Fed,Aposymbiotic,Elevated_20_Fed_Aposymbiotic
147,N_18_20_F_S,0,0.095961684,Elevated,Elevated,20,Fed,Symbiotic,Elevated_20_Fed_Symbiotic
206,N_0_20_F_S,1,0.09637487,Low,Low,20,Fed,Symbiotic,Low_20_Fed_Symbiotic
172,N_1.5_20_S_S,1,0.096420094,Low,Low,20,Starved,Symbiotic,Low_20_Starved_Symbiotic
144,A_10_20_F_A,0,0.09646691,Low,Low,20,Fed,Aposymbiotic,Low_20_Fed_Aposymbiotic
207,N_5_29_F_S,1,0.096614298,Low,Low,29,Fed,Symbiotic,Low_29_Fed_Symbiotic
157,A_0_29_S_S,0,0.09676817,Low,Low,29,Starved,Symbiotic,Low_29_Starved_Symbiotic
166,N_1.5_20_S_A,0,0.096813203,Low,Low,20,Starved,Aposymbiotic,Low_20_Starved_Aposymbiotic
190,A_7.5_20_S_A,0,0.097327146,Low,Low,20,Starved,Aposymbiotic,Low_20_Starved_Aposymbiotic
183,N_0_29_F_A,1,0.097586569,Low,Low,29,Fed,Aposymbiotic,Low_29_Fed_Aposymbiotic
145,N_0_20_F_S,1,0.098087823,Low,Low,20,Fed,Symbiotic,Low_20_Fed_Symbiotic
222,A_5_20_S_S,1,0.098164151,Low,Low,20,Starved,Symbiotic,Low_20_Starved_Symbiotic
152,A_5_20_F_A,0,0.098170838,Low,Low,20,Fed,Aposymbiotic,Low_20_Fed_Aposymbiotic
222,A_7.5_20_S_S,1,0.098215003,Low,Low,20,Starved,Symbiotic,Low_20_Starved_Symbiotic
150,N_5_20_F_A,0,0.098241768,Elevated,Elevated,20,Fed,Aposymbiotic,Elevated_20_Fed_Aposymbiotic
147,N_0_29_F_S,1,0.098439963,Low,Low,29,Fed,Symbiotic,Low_29_Fed_Symbiotic
210,N_18_20_S_A,1,0.098503725,Elevated,Elevated,20,Starved,Aposymbiotic,Elevated_20_Starved_Aposymbiotic
170,N_5_29_F_A,1,0.098982386,Low,Low,29,Fed,Aposymbiotic,Low_29_Fed_Aposymbiotic
242,N_1.5_29_F_A,1,0.099112804,Low,Low,29,Fed,Aposymbiotic,Low_29_Fed_Aposymbiotic
237,"A_0_20_F_A
",0,0.099212535,Low,Low,20,Fed,Aposymbiotic,Low_20_Fed_Aposymbiotic
239,N_0_20_F_S,1,0.099494056,Low,Low,20,Fed,Symbiotic,Low_20_Fed_Symbiotic
171,N_18_29_F_S,1,0.100003909,Elevated,Elevated,29,Fed,Symbiotic,Elevated_29_Fed_Symbiotic
252,A_10_20_F_S,0,0.101339864,Low,Low,20,Fed,Symbiotic,Low_20_Fed_Symbiotic
170,A_5_20_F_A,0,0.10152209,Low,Low,20,Fed,Aposymbiotic,Low_20_Fed_Aposymbiotic
237,N_1.5_29_S_A,1,0.101599587,Elevated,Elevated,29,Starved,Aposymbiotic,Elevated_29_Starved_Aposymbiotic
244,N_1.5_20_S_A,0,0.101802735,Low,Low,20,Starved,Aposymbiotic,Low_20_Starved_Aposymbiotic
218,A_5_20_S_A,1,0.101862281,Low,Low,20,Starved,Aposymbiotic,Low_20_Starved_Aposymbiotic
178,A_10_20_F_A,0,0.101928816,Low,Low,20,Fed,Aposymbiotic,Low_20_Fed_Aposymbiotic
168,N_18_29_F_A,1,0.101985363,Elevated,Elevated,29,Fed,Aposymbiotic,Elevated_29_Fed_Aposymbiotic
247,A_5_20_S_A,1,0.101995393,Low,Low,20,Starved,Aposymbiotic,Low_20_Starved_Aposymbiotic
238,A_10_20_S_A,0,0.102047191,Low,Low,20,Starved,Aposymbiotic,Low_20_Starved_Aposymbiotic
207,N_18_29_F_S,1,0.102074821,Elevated,Elevated,29,Fed,Symbiotic,Elevated_29_Fed_Symbiotic
212,N_5_29_S_A,1,0.102384,Elevated,Elevated,29,Starved,Aposymbiotic,Elevated_29_Starved_Aposymbiotic
237,N_1.5_20_S_A,0,0.102398565,Low,Low,20,Starved,Aposymbiotic,Low_20_Starved_Aposymbiotic
237,A_5_20_S_A,1,0.102518569,Low,Low,20,Starved,Aposymbiotic,Low_20_Starved_Aposymbiotic
178,A_7.5_29_S_A,0,0.102573519,Low,Low,29,Starved,Aposymbiotic,Low_29_Starved_Aposymbiotic
238,N_18_29_F_A,0,0.102711662,Elevated,Elevated,29,Fed,Aposymbiotic,Elevated_29_Fed_Aposymbiotic
240,A_7.5_20_F_S,0,0.102927682,Low,Low,20,Fed,Symbiotic,Low_20_Fed_Symbiotic
161,N_18_20_F_S,0,0.103298259,Elevated,Elevated,20,Fed,Symbiotic,Elevated_20_Fed_Symbiotic
188,N_18_20_S_S,0,0.103440903,Elevated,Elevated,20,Starved,Symbiotic,Elevated_20_Starved_Symbiotic
171,N_1.5_20_F_S,1,0.103453756,Low,Low,20,Fed,Symbiotic,Low_20_Fed_Symbiotic
200,A_10_29_S_S,0,0.103546586,Low,Low,29,Starved,Symbiotic,Low_29_Starved_Symbiotic
242,A_7.5_20_F_A,0,0.10360404,Low,Low,20,Fed,Aposymbiotic,Low_20_Fed_Aposymbiotic
237,"A_0_20_F_A
",1,0.103630518,Low,Low,20,Fed,Aposymbiotic,Low_20_Fed_Aposymbiotic
217,A_5_20_S_S,0,0.103860755,Low,Low,20,Starved,Symbiotic,Low_20_Starved_Symbiotic
159,N_0_20_F_S,0,0.104599018,Low,Low,20,Fed,Symbiotic,Low_20_Fed_Symbiotic
239,N_5_29_S_S,0,0.104691345,Elevated,Elevated,29,Starved,Symbiotic,Elevated_29_Starved_Symbiotic
237,A_10_20_F_A,1,0.10488483,Low,Low,20,Fed,Aposymbiotic,Low_20_Fed_Aposymbiotic
225,A_10_29_S_A,1,0.104985586,Low,Low,29,Starved,Aposymbiotic,Low_29_Starved_Aposymbiotic
223,N_5_29_F_S,1,0.105087146,Low,Low,29,Fed,Symbiotic,Low_29_Fed_Symbiotic
183,N_1.5_29_F_A,0,0.105224162,Low,Low,29,Fed,Aposymbiotic,Low_29_Fed_Aposymbiotic
149,N_5_29_F_S,0,0.10531396,Low,Low,29,Fed,Symbiotic,Low_29_Fed_Symbiotic
157,A_5_29_F_S,0,0.105430925,Low,Low,29,Fed,Symbiotic,Low_29_Fed_Symbiotic
237,A_7.5_20_F_A,1,0.105514307,Low,Low,20,Fed,Aposymbiotic,Low_20_Fed_Aposymbiotic
239,N_0_29_S_S,1,0.105525172,Low,Low,29,Starved,Symbiotic,Low_29_Starved_Symbiotic
183,N_0_20_F_A,1,0.105677898,Low,Low,20,Fed,Aposymbiotic,Low_20_Fed_Aposymbiotic
233,A_5_20_S_S,1,0.105679478,Low,Low,20,Starved,Symbiotic,Low_20_Starved_Symbiotic
201,A_7.5_20_S_S,0,0.105747002,Low,Low,20,Starved,Symbiotic,Low_20_Starved_Symbiotic
237,N_0_20_S_A,0,0.105758245,Low,Low,20,Starved,Aposymbiotic,Low_20_Starved_Aposymbiotic
168,N_1.5_20_S_A,1,0.105815259,Low,Low,20,Starved,Aposymbiotic,Low_20_Starved_Aposymbiotic
226,N_5_20_F_A,1,0.10596826,Elevated,Elevated,20,Fed,Aposymbiotic,Elevated_20_Fed_Aposymbiotic
167,A_0_29_F_S,0,0.106007159,Low,Low,29,Fed,Symbiotic,Low_29_Fed_Symbiotic
255,A_10_20_S_S,1,0.106349656,Low,Low,20,Starved,Symbiotic,Low_20_Starved_Symbiotic
171,N_5_20_F_S,1,0.106636622,Elevated,Elevated,20,Fed,Symbiotic,Elevated_20_Fed_Symbiotic
246,N_5_20_F_S,0,0.107037611,Elevated,Elevated,20,Fed,Symbiotic,Elevated_20_Fed_Symbiotic
238,A_7.5_20_S_A,1,0.107109211,Low,Low,20,Starved,Aposymbiotic,Low_20_Starved_Aposymbiotic
196,N_0_29_S_S,0,0.107485748,Low,Low,29,Starved,Symbiotic,Low_29_Starved_Symbiotic
166,N_0_29_S_A,0,0.107533066,Low,Low,29,Starved,Aposymbiotic,Low_29_Starved_Aposymbiotic
184,N_18_29_S_A,1,0.107721772,Elevated,Elevated,29,Starved,Aposymbiotic,Elevated_29_Starved_Aposymbiotic
198,A_0_29_F_S,0,0.10791498,Low,Low,29,Fed,Symbiotic,Low_29_Fed_Symbiotic
237,N_0_29_F_A,0,0.108061135,Low,Low,29,Fed,Aposymbiotic,Low_29_Fed_Aposymbiotic
157,N_0_20_S_S,1,0.1082725,Low,Low,20,Starved,Symbiotic,Low_20_Starved_Symbiotic
153,N_1.5_20_F_S,1,0.108990843,Low,Low,20,Fed,Symbiotic,Low_20_Fed_Symbiotic
242,N_18_29_F_A,1,0.109148269,Elevated,Elevated,29,Fed,Aposymbiotic,Elevated_29_Fed_Aposymbiotic
155,A_7.5_20_F_S,0,0.109400745,Low,Low,20,Fed,Symbiotic,Low_20_Fed_Symbiotic
211,N_1.5_29_S_S,1,0.109437249,Elevated,Elevated,29,Starved,Symbiotic,Elevated_29_Starved_Symbiotic
184,N_0_20_S_A,1,0.109507129,Low,Low,20,Starved,Aposymbiotic,Low_20_Starved_Aposymbiotic
184,A_10_29_S_A,0,0.109594191,Low,Low,29,Starved,Aposymbiotic,Low_29_Starved_Aposymbiotic
243,A_10_29_S_S,1,0.109642747,Low,Low,29,Starved,Symbiotic,Low_29_Starved_Symbiotic
166,N_1.5_29_S_A,0,0.109724891,Elevated,Elevated,29,Starved,Aposymbiotic,Elevated_29_Starved_Aposymbiotic
228,N_18_20_S_A,1,0.109767767,Elevated,Elevated,20,Starved,Aposymbiotic,Elevated_20_Starved_Aposymbiotic
249,A_10_20_S_S,0,0.109877326,Low,Low,20,Starved,Symbiotic,Low_20_Starved_Symbiotic
239,N_1.5_20_S_S,1,0.110002581,Low,Low,20,Starved,Symbiotic,Low_20_Starved_Symbiotic
237,A_10_29_S_A,0,0.11011848,Low,Low,29,Starved,Aposymbiotic,Low_29_Starved_Aposymbiotic
157,N_5_20_S_S,1,0.110184548,Low,Low,20,Starved,Symbiotic,Low_20_Starved_Symbiotic
154,N_18_20_S_S,0,0.110401615,Elevated,Elevated,20,Starved,Symbiotic,Elevated_20_Starved_Symbiotic
223,A_10_29_S_S,1,0.110576094,Low,Low,29,Starved,Symbiotic,Low_29_Starved_Symbiotic
182,A_10_20_S_S,1,0.110647829,Low,Low,20,Starved,Symbiotic,Low_20_Starved_Symbiotic
178,A_7.5_20_F_A,0,0.110660737,Low,Low,20,Fed,Aposymbiotic,Low_20_Fed_Aposymbiotic
242,A_5_29_F_A,0,0.110733922,Low,Low,29,Fed,Aposymbiotic,Low_29_Fed_Aposymbiotic
156,A_7.5_29_S_A,1,0.111078813,Low,Low,29,Starved,Aposymbiotic,Low_29_Starved_Aposymbiotic
237,N_0_20_S_A,1,0.11142044,Low,Low,20,Starved,Aposymbiotic,Low_20_Starved_Aposymbiotic
187,A_7.5_20_S_A,0,0.111494448,Low,Low,20,Starved,Aposymbiotic,Low_20_Starved_Aposymbiotic
168,N_18_20_F_A,1,0.111574921,Elevated,Elevated,20,Fed,Aposymbiotic,Elevated_20_Fed_Aposymbiotic
239,N_0_20_S_S,0,0.111617353,Low,Low,20,Starved,Symbiotic,Low_20_Starved_Symbiotic
175,A_7.5_20_F_S,1,0.111943937,Low,Low,20,Fed,Symbiotic,Low_20_Fed_Symbiotic
160,A_0_29_F_A,1,0.112395863,Low,Low,29,Fed,Aposymbiotic,Low_29_Fed_Aposymbiotic
242,A_10_29_F_A,0,0.112705563,Low,Low,29,Fed,Aposymbiotic,Low_29_Fed_Aposymbiotic
144,A_7.5_20_S_S,1,0.112740043,Low,Low,20,Starved,Symbiotic,Low_20_Starved_Symbiotic
233,A_10_20_S_A,1,0.112870716,Low,Low,20,Starved,Aposymbiotic,Low_20_Starved_Aposymbiotic
233,A_10_29_S_S,1,0.113263849,Low,Low,29,Starved,Symbiotic,Low_29_Starved_Symbiotic
153,N_5_20_F_S,1,0.113456239,Elevated,Elevated,20,Fed,Symbiotic,Elevated_20_Fed_Symbiotic
248,A_5_20_F_S,0,0.113529348,Low,Low,20,Fed,Symbiotic,Low_20_Fed_Symbiotic
237,A_5_20_F_A,0,0.113755355,Low,Low,20,Fed,Aposymbiotic,Low_20_Fed_Aposymbiotic
228,N_1.5_20_S_A,1,0.11382807,Low,Low,20,Starved,Aposymbiotic,Low_20_Starved_Aposymbiotic
166,N_0_20_S_A,0,0.114291338,Low,Low,20,Starved,Aposymbiotic,Low_20_Starved_Aposymbiotic
226,N_0_20_F_A,1,0.114374527,Low,Low,20,Fed,Aposymbiotic,Low_20_Fed_Aposymbiotic
233,A_0_20_S_S,1,0.11439849,Low,Low,20,Starved,Symbiotic,Low_20_Starved_Symbiotic
184,A_10_20_F_A,1,0.11440956,Low,Low,20,Fed,Aposymbiotic,Low_20_Fed_Aposymbiotic
228,N_18_29_F_A,1,0.115291612,Elevated,Elevated,29,Fed,Aposymbiotic,Elevated_29_Fed_Aposymbiotic
241,A_7.5_29_S_S,1,0.11543992,Low,Low,29,Starved,Symbiotic,Low_29_Starved_Symbiotic
220,A_5_20_F_S,0,0.115699124,Low,Low,20,Fed,Symbiotic,Low_20_Fed_Symbiotic
245,A_7.5_29_S_S,0,0.115747556,Low,Low,29,Starved,Symbiotic,Low_29_Starved_Symbiotic
169,N_5_20_F_A,1,0.115825285,Elevated,Elevated,20,Fed,Aposymbiotic,Elevated_20_Fed_Aposymbiotic
161,N_5_20_F_S,0,0.116540883,Elevated,Elevated,20,Fed,Symbiotic,Elevated_20_Fed_Symbiotic
228,N_0_20_S_A,1,0.116935334,Low,Low,20,Starved,Aposymbiotic,Low_20_Starved_Aposymbiotic
187,A_10_20_S_A,1,0.117113322,Low,Low,20,Starved,Aposymbiotic,Low_20_Starved_Aposymbiotic
157,N_0_29_S_S,1,0.117202826,Low,Low,29,Starved,Symbiotic,Low_29_Starved_Symbiotic
213,A_5_29_F_A,1,0.117255949,Low,Low,29,Fed,Aposymbiotic,Low_29_Fed_Aposymbiotic
184,N_5_29_S_A,1,0.117364263,Elevated,Elevated,29,Starved,Aposymbiotic,Elevated_29_Starved_Aposymbiotic
206,N_5_20_F_S,1,0.117590743,Elevated,Elevated,20,Fed,Symbiotic,Elevated_20_Fed_Symbiotic
237,A_7.5_29_F_A,0,0.11760635,Low,Low,29,Fed,Aposymbiotic,Low_29_Fed_Aposymbiotic
182,A_10_20_F_S,1,0.117873806,Low,Low,20,Fed,Symbiotic,Low_20_Fed_Symbiotic
205,A_10_20_S_S,0,0.117959849,Low,Low,20,Starved,Symbiotic,Low_20_Starved_Symbiotic
153,N_18_20_F_S,1,0.118008154,Elevated,Elevated,20,Fed,Symbiotic,Elevated_20_Fed_Symbiotic
157,N_1.5_20_S_S,1,0.118352282,Low,Low,20,Starved,Symbiotic,Low_20_Starved_Symbiotic
208,N_0_20_S_S,1,0.118783515,Low,Low,20,Starved,Symbiotic,Low_20_Starved_Symbiotic
162,A_5_20_S_A,1,0.118819361,Low,Low,20,Starved,Aposymbiotic,Low_20_Starved_Aposymbiotic
193,A_0_20_F_S,0,0.119035998,Low,Low,20,Fed,Symbiotic,Low_20_Fed_Symbiotic
168,N_0_20_F_A,0,0.119251703,Low,Low,20,Fed,Aposymbiotic,Low_20_Fed_Aposymbiotic
240,N_1.5_20_F_S,0,0.119272188,Low,Low,20,Fed,Symbiotic,Low_20_Fed_Symbiotic
150,N_0_20_S_A,0,0.11931486,Low,Low,20,Starved,Aposymbiotic,Low_20_Starved_Aposymbiotic
194,"A_0_20_F_A
",0,0.119535514,Low,Low,20,Fed,Aposymbiotic,Low_20_Fed_Aposymbiotic
162,A_10_29_F_A,1,0.1197012,Low,Low,29,Fed,Aposymbiotic,Low_29_Fed_Aposymbiotic
213,A_10_20_F_A,1,0.11994229,Low,Low,20,Fed,Aposymbiotic,Low_20_Fed_Aposymbiotic
157,A_10_29_F_S,0,0.120136586,Low,Low,29,Fed,Symbiotic,Low_29_Fed_Symbiotic
171,A_5_20_F_S,1,0.120301961,Low,Low,20,Fed,Symbiotic,Low_20_Fed_Symbiotic
205,N_18_20_F_S,0,0.120767422,Elevated,Elevated,20,Fed,Symbiotic,Elevated_20_Fed_Symbiotic
184,N_18_20_S_A,1,0.121060981,Elevated,Elevated,20,Starved,Aposymbiotic,Elevated_20_Starved_Aposymbiotic
217,A_10_29_F_S,0,0.121276914,Low,Low,29,Fed,Symbiotic,Low_29_Fed_Symbiotic
166,N_5_20_S_A,0,0.121617168,Low,Low,20,Starved,Aposymbiotic,Low_20_Starved_Aposymbiotic
241,A_10_20_F_S,1,0.122127602,Low,Low,20,Fed,Symbiotic,Low_20_Fed_Symbiotic
163,N_5_29_F_S,0,0.122391927,Low,Low,29,Fed,Symbiotic,Low_29_Fed_Symbiotic
167,A_10_20_F_S,0,0.122457266,Low,Low,20,Fed,Symbiotic,Low_20_Fed_Symbiotic
184,N_1.5_29_S_A,1,0.123071238,Elevated,Elevated,29,Starved,Aposymbiotic,Elevated_29_Starved_Aposymbiotic
151,N_5_29_S_A,0,0.123180422,Elevated,Elevated,29,Starved,Aposymbiotic,Elevated_29_Starved_Aposymbiotic
198,A_5_20_F_S,1,0.124287558,Low,Low,20,Fed,Symbiotic,Low_20_Fed_Symbiotic
178,A_7.5_29_F_A,1,0.12445589,Low,Low,29,Fed,Aposymbiotic,Low_29_Fed_Aposymbiotic
190,A_10_29_S_A,1,0.124533295,Low,Low,29,Starved,Aposymbiotic,Low_29_Starved_Aposymbiotic
144,A_10_20_S_S,0,0.124644067,Low,Low,20,Starved,Symbiotic,Low_20_Starved_Symbiotic
197,A_7.5_20_S_A,0,0.124782775,Low,Low,20,Starved,Aposymbiotic,Low_20_Starved_Aposymbiotic
166,A_7.5_20_F_S,0,0.125016874,Low,Low,20,Fed,Symbiotic,Low_20_Fed_Symbiotic
217,A_10_20_S_S,0,0.12521427,Low,Low,20,Starved,Symbiotic,Low_20_Starved_Symbiotic
240,N_18_29_F_S,1,0.125450958,Elevated,Elevated,29,Fed,Symbiotic,Elevated_29_Fed_Symbiotic
175,N_0_20_F_S,0,0.125491552,Low,Low,20,Fed,Symbiotic,Low_20_Fed_Symbiotic
206,N_18_20_F_S,0,0.12562473,Elevated,Elevated,20,Fed,Symbiotic,Elevated_20_Fed_Symbiotic
240,N_0_20_F_S,0,0.125660217,Low,Low,20,Fed,Symbiotic,Low_20_Fed_Symbiotic
207,N_1.5_29_S_A,1,0.126035207,Elevated,Elevated,29,Starved,Aposymbiotic,Elevated_29_Starved_Aposymbiotic
157,A_10_29_S_S,1,0.126613527,Low,Low,29,Starved,Symbiotic,Low_29_Starved_Symbiotic
166,N_18_29_F_A,0,0.126930459,Elevated,Elevated,29,Fed,Aposymbiotic,Elevated_29_Fed_Aposymbiotic
212,N_18_29_S_A,1,0.127921561,Elevated,Elevated,29,Starved,Aposymbiotic,Elevated_29_Starved_Aposymbiotic
237,A_5_29_S_A,1,0.128099238,Low,Low,29,Starved,Aposymbiotic,Low_29_Starved_Aposymbiotic
202,N_18_29_F_A,0,0.128280083,Elevated,Elevated,29,Fed,Aposymbiotic,Elevated_29_Fed_Aposymbiotic
178,A_0_29_F_S,1,0.129313748,Low,Low,29,Fed,Symbiotic,Low_29_Fed_Symbiotic
178,A_5_29_F_A,1,0.129643105,Low,Low,29,Fed,Aposymbiotic,Low_29_Fed_Aposymbiotic
208,N_5_20_S_S,1,0.130090147,Low,Low,20,Starved,Symbiotic,Low_20_Starved_Symbiotic
151,N_18_29_S_A,0,0.131075436,Elevated,Elevated,29,Starved,Aposymbiotic,Elevated_29_Starved_Aposymbiotic
242,A_5_20_S_A,0,0.131176385,Low,Low,20,Starved,Aposymbiotic,Low_20_Starved_Aposymbiotic
237,A_5_29_F_A,0,0.131206257,Low,Low,29,Fed,Aposymbiotic,Low_29_Fed_Aposymbiotic
220,A_10_20_F_S,1,0.13131533,Low,Low,20,Fed,Symbiotic,Low_20_Fed_Symbiotic
211,A_0_20_F_S,0,0.131669433,Low,Low,20,Fed,Symbiotic,Low_20_Fed_Symbiotic
237,A_0_29_S_A,1,0.132038698,Low,Low,29,Starved,Aposymbiotic,Low_29_Starved_Aposymbiotic
208,N_18_20_S_S,1,0.13233884,Elevated,Elevated,20,Starved,Symbiotic,Elevated_20_Starved_Symbiotic
167,A_10_20_S_S,0,0.132756195,Low,Low,20,Starved,Symbiotic,Low_20_Starved_Symbiotic
247,A_7.5_20_S_A,1,0.13426739,Low,Low,20,Starved,Aposymbiotic,Low_20_Starved_Aposymbiotic
237,N_5_29_F_A,1,0.13443722,Low,Low,29,Fed,Aposymbiotic,Low_29_Fed_Aposymbiotic
205,A_0_29_S_S,0,0.13496355,Low,Low,29,Starved,Symbiotic,Low_29_Starved_Symbiotic
201,N_18_29_F_A,1,0.135337255,Elevated,Elevated,29,Fed,Aposymbiotic,Elevated_29_Fed_Aposymbiotic
249,A_7.5_20_S_S,0,0.13534876,Low,Low,20,Starved,Symbiotic,Low_20_Starved_Symbiotic
239,N_1.5_20_F_S,1,0.13591809,Low,Low,20,Fed,Symbiotic,Low_20_Fed_Symbiotic
225,N_5_20_S_S,1,0.136182646,Low,Low,20,Starved,Symbiotic,Low_20_Starved_Symbiotic
227,N_18_29_F_A,0,0.136482505,Elevated,Elevated,29,Fed,Aposymbiotic,Elevated_29_Fed_Aposymbiotic
243,A_10_20_F_S,1,0.13710276,Low,Low,20,Fed,Symbiotic,Low_20_Fed_Symbiotic
154,A_10_20_S_A,0,0.137531772,Low,Low,20,Starved,Aposymbiotic,Low_20_Starved_Aposymbiotic
254,A_5_20_S_S,1,0.137772315,Low,Low,20,Starved,Symbiotic,Low_20_Starved_Symbiotic
238,N_5_20_F_A,0,0.138482351,Elevated,Elevated,20,Fed,Aposymbiotic,Elevated_20_Fed_Aposymbiotic
210,A_10_20_F_A,1,0.138786975,Low,Low,20,Fed,Aposymbiotic,Low_20_Fed_Aposymbiotic
248,A_7.5_20_F_S,0,0.139648065,Low,Low,20,Fed,Symbiotic,Low_20_Fed_Symbiotic
168,N_1.5_29_F_A,1,0.140474805,Low,Low,29,Fed,Aposymbiotic,Low_29_Fed_Aposymbiotic
175,N_18_29_F_S,0,0.14051421,Elevated,Elevated,29,Fed,Symbiotic,Elevated_29_Fed_Symbiotic
242,A_10_29_S_A,0,0.140566939,Low,Low,29,Starved,Aposymbiotic,Low_29_Starved_Aposymbiotic
193,N_0_29_S_A,0,0.140611189,Low,Low,29,Starved,Aposymbiotic,Low_29_Starved_Aposymbiotic
237,N_18_29_F_A,1,0.140929432,Elevated,Elevated,29,Fed,Aposymbiotic,Elevated_29_Fed_Aposymbiotic
174,N_18_20_F_A,0,0.141121207,Elevated,Elevated,20,Fed,Aposymbiotic,Elevated_20_Fed_Aposymbiotic
209,N_18_29_S_S,0,0.141342801,Elevated,Elevated,29,Starved,Symbiotic,Elevated_29_Starved_Symbiotic
143,A_10_20_F_S,0,0.141685101,Low,Low,20,Fed,Symbiotic,Low_20_Fed_Symbiotic
245,A_10_20_F_A,1,0.142385444,Low,Low,20,Fed,Aposymbiotic,Low_20_Fed_Aposymbiotic
149,N_0_20_F_A,0,0.14343632,Low,Low,20,Fed,Aposymbiotic,Low_20_Fed_Aposymbiotic
185,N_0_29_F_S,0,0.143536968,Low,Low,29,Fed,Symbiotic,Low_29_Fed_Symbiotic
175,N_5_29_F_S,0,0.143578181,Low,Low,29,Fed,Symbiotic,Low_29_Fed_Symbiotic
152,A_7.5_20_F_S,1,0.143683304,Low,Low,20,Fed,Symbiotic,Low_20_Fed_Symbiotic
224,A_10_20_S_A,1,0.143895625,Low,Low,20,Starved,Aposymbiotic,Low_20_Starved_Aposymbiotic
223,N_18_20_F_S,1,0.143934107,Elevated,Elevated,20,Fed,Symbiotic,Elevated_20_Fed_Symbiotic
237,A_7.5_29_S_A,0,0.144353421,Low,Low,29,Starved,Aposymbiotic,Low_29_Starved_Aposymbiotic
154,A_7.5_20_S_A,1,0.14476369,Low,Low,20,Starved,Aposymbiotic,Low_20_Starved_Aposymbiotic
242,N_5_29_F_A,1,0.14499058,Low,Low,29,Fed,Aposymbiotic,Low_29_Fed_Aposymbiotic
226,A_0_20_F_S,1,0.146050989,Low,Low,20,Fed,Symbiotic,Low_20_Fed_Symbiotic
237,N_0_29_S_A,0,0.146336596,Low,Low,29,Starved,Aposymbiotic,Low_29_Starved_Aposymbiotic
157,N_18_20_S_S,1,0.146789783,Elevated,Elevated,20,Starved,Symbiotic,Elevated_20_Starved_Symbiotic
208,N_0_29_S_S,1,0.14734102600000001,Low,Low,29,Starved,Symbiotic,Low_29_Starved_Symbiotic
165,A_10_29_S_A,0,0.147606728,Low,Low,29,Starved,Aposymbiotic,Low_29_Starved_Aposymbiotic
201,A_0_20_S_S,0,0.148060515,Low,Low,20,Starved,Symbiotic,Low_20_Starved_Symbiotic
233,A_10_29_F_S,1,0.148172607,Low,Low,29,Fed,Symbiotic,Low_29_Fed_Symbiotic
208,N_1.5_20_S_S,1,0.148187589,Low,Low,20,Starved,Symbiotic,Low_20_Starved_Symbiotic
154,N_5_20_S_S,0,0.1502114,Low,Low,20,Starved,Symbiotic,Low_20_Starved_Symbiotic
154,A_10_20_S_A,1,0.150336838,Low,Low,20,Starved,Aposymbiotic,Low_20_Starved_Aposymbiotic
161,A_7.5_29_F_A,1,0.1530478,Low,Low,29,Fed,Aposymbiotic,Low_29_Fed_Aposymbiotic
215,A_10_29_F_A,1,0.153436797,Low,Low,29,Fed,Aposymbiotic,Low_29_Fed_Aposymbiotic
153,A_10_20_F_A,1,0.153604196,Low,Low,20,Fed,Aposymbiotic,Low_20_Fed_Aposymbiotic
160,N_5_20_F_A,0,0.155505099,Elevated,Elevated,20,Fed,Aposymbiotic,Elevated_20_Fed_Aposymbiotic
213,A_7.5_20_F_A,1,0.156278457,Low,Low,20,Fed,Aposymbiotic,Low_20_Fed_Aposymbiotic
159,N_18_20_F_A,1,0.15671939,Elevated,Elevated,20,Fed,Aposymbiotic,Elevated_20_Fed_Aposymbiotic
210,A_0_20_S_A,1,0.156722651,Low,Low,20,Starved,Aposymbiotic,Low_20_Starved_Aposymbiotic
233,A_10_20_S_S,1,0.157000526,Low,Low,20,Starved,Symbiotic,Low_20_Starved_Symbiotic
178,A_5_29_S_A,0,0.158342226,Low,Low,29,Starved,Aposymbiotic,Low_29_Starved_Aposymbiotic
153,A_10_29_F_S,1,0.158389381,Low,Low,29,Fed,Symbiotic,Low_29_Fed_Symbiotic
171,N_18_20_F_S,1,0.160237614,Elevated,Elevated,20,Fed,Symbiotic,Elevated_20_Fed_Symbiotic
238,A_5_29_S_A,0,0.160539969,Low,Low,29,Starved,Aposymbiotic,Low_29_Starved_Aposymbiotic
220,A_0_20_F_S,1,0.160821358,Low,Low,20,Fed,Symbiotic,Low_20_Fed_Symbiotic
242,A_10_20_F_A,0,0.161186873,Low,Low,20,Fed,Aposymbiotic,Low_20_Fed_Aposymbiotic
162,N_18_20_S_A,0,0.163237547,Elevated,Elevated,20,Starved,Aposymbiotic,Elevated_20_Starved_Aposymbiotic
237,A_0_29_F_A,1,0.165903042,Low,Low,29,Fed,Aposymbiotic,Low_29_Fed_Aposymbiotic
174,N_0_20_F_A,0,0.167448916,Low,Low,20,Fed,Aposymbiotic,Low_20_Fed_Aposymbiotic
210,A_0_29_F_A,0,0.167931045,Low,Low,29,Fed,Aposymbiotic,Low_29_Fed_Aposymbiotic
242,A_7.5_20_S_A,0,0.170210672,Low,Low,20,Starved,Aposymbiotic,Low_20_Starved_Aposymbiotic
222,A_0_20_S_S,1,0.170416375,Low,Low,20,Starved,Symbiotic,Low_20_Starved_Symbiotic
184,N_0_20_F_A,1,0.171108015,Low,Low,20,Fed,Aposymbiotic,Low_20_Fed_Aposymbiotic
230,N_1.5_20_S_S,0,0.171212115,Low,Low,20,Starved,Symbiotic,Low_20_Starved_Symbiotic
150,N_0_20_F_A,1,0.173322843,Low,Low,20,Fed,Aposymbiotic,Low_20_Fed_Aposymbiotic
256,N_5_20_F_S,1,0.17505085,Elevated,Elevated,20,Fed,Symbiotic,Elevated_20_Fed_Symbiotic
252,N_5_20_S_S,1,0.175831433,Low,Low,20,Starved,Symbiotic,Low_20_Starved_Symbiotic
225,A_5_29_S_A,1,0.177273056,Low,Low,29,Starved,Aposymbiotic,Low_29_Starved_Aposymbiotic
223,N_1.5_20_F_S,1,0.178145396,Low,Low,20,Fed,Symbiotic,Low_20_Fed_Symbiotic
250,A_10_20_S_A,1,0.179467736,Low,Low,20,Starved,Aposymbiotic,Low_20_Starved_Aposymbiotic
203,N_0_20_S_A,1,0.181184453,Low,Low,20,Starved,Aposymbiotic,Low_20_Starved_Aposymbiotic
242,N_5_20_F_A,1,0.181786654,Elevated,Elevated,20,Fed,Aposymbiotic,Elevated_20_Fed_Aposymbiotic
220,A_7.5_20_F_S,1,0.18434537,Low,Low,20,Fed,Symbiotic,Low_20_Fed_Symbiotic
244,N_5_20_S_A,1,0.185821765,Low,Low,20,Starved,Aposymbiotic,Low_20_Starved_Aposymbiotic
209,N_5_20_S_A,1,0.187278812,Low,Low,20,Starved,Aposymbiotic,Low_20_Starved_Aposymbiotic
172,N_18_20_S_S,1,0.187674348,Elevated,Elevated,20,Starved,Symbiotic,Elevated_20_Starved_Symbiotic
239,A_5_20_F_S,0,0.188524588,Low,Low,20,Fed,Symbiotic,Low_20_Fed_Symbiotic
252,A_7.5_20_S_S,1,0.18976481,Low,Low,20,Starved,Symbiotic,Low_20_Starved_Symbiotic
249,N_5_20_S_S,0,0.193113892,Low,Low,20,Starved,Symbiotic,Low_20_Starved_Symbiotic
238,N_5_20_S_A,0,0.19352848,Low,Low,20,Starved,Aposymbiotic,Low_20_Starved_Aposymbiotic
153,A_10_20_S_S,1,0.201623781,Low,Low,20,Starved,Symbiotic,Low_20_Starved_Symbiotic
216,A_7.5_20_S_A,1,0.203945882,Low,Low,20,Starved,Aposymbiotic,Low_20_Starved_Aposymbiotic
150,A_10_29_S_A,1,0.207948106,Low,Low,29,Starved,Aposymbiotic,Low_29_Starved_Aposymbiotic
170,A_7.5_20_F_A,0,0.215172137,Low,Low,20,Fed,Aposymbiotic,Low_20_Fed_Aposymbiotic
207,N_0_20_S_S,0,0.21608207,Low,Low,20,Starved,Symbiotic,Low_20_Starved_Symbiotic
233,A_7.5_20_S_S,1,0.220198414,Low,Low,20,Starved,Symbiotic,Low_20_Starved_Symbiotic
168,N_5_20_F_A,1,0.224418394,Elevated,Elevated,20,Fed,Aposymbiotic,Elevated_20_Fed_Aposymbiotic
227,N_1.5_29_F_A,1,0.232987475,Low,Low,29,Fed,Aposymbiotic,Low_29_Fed_Aposymbiotic
223,N_0_20_F_A,1,0.233825669,Low,Low,20,Fed,Aposymbiotic,Low_20_Fed_Aposymbiotic
164,N_18_20_S_S,0,0.241147624,Elevated,Elevated,20,Starved,Symbiotic,Elevated_20_Starved_Symbiotic
197,A_5_20_S_A,0,0.247304439,Low,Low,20,Starved,Aposymbiotic,Low_20_Starved_Aposymbiotic
167,A_5_29_F_S,0,0.304995179,Low,Low,29,Fed,Symbiotic,Low_29_Fed_Symbiotic
227,N_1.5_20_S_A,1,0.394076958,Low,Low,20,Starved,Aposymbiotic,Low_20_Starved_Aposymbiotic
231,N_5_29_S_A,1,0.420508984,Elevated,Elevated,29,Starved,Aposymbiotic,Elevated_29_Starved_Aposymbiotic
231,N_18_29_S_A,1,0.573280227,Elevated,Elevated,29,Starved,Aposymbiotic,Elevated_29_Starved_Aposymbiotic
