num,date,exp_num,exp_subrun,resp_run,e_coli_plate,vial_ID,vial_id_copy_pasted,resp_rate,treat_ID_full,treat_ID_collapsed_controls,food_sym_state,N_species_dose,N_species,N_dose,control_or_nutrient,temp,food,sym_state,beetag,exp_run_full,beetag_exprun,col_num,jar_unique_ID,broken_or_damaged
11,7_26_22,1,A,1,0,C3,C3,-0.00489,N_0_20_F_A,CNTRL_0_20_F_A,F_A,CNTRL_0,CNTRL,0,Control,20,F,A,B14G14,1A,B14G14_exp1A,168,1,0
12,7_26_22,1,A,1,1,D3,D3,-0.00422,N_0_20_F_A,CNTRL_0_20_F_A,F_A,CNTRL_0,CNTRL,0,Control,20,F,A,B14G15,1A,B14G15_exp1A,150,1,0
11,7_26_22,1,B,1,0,C3,C3,-0.00123,N_0_20_F_A,CNTRL_0_20_F_A,F_A,CNTRL_0,CNTRL,0,Control,20,F,A,B22G28,1B,B22G28_exp1B,169,34,0
12,7_26_22,1,B,1,1,D3,D3,-0.00306,N_0_20_F_A,CNTRL_0_20_F_A,F_A,CNTRL_0,CNTRL,0,Control,20,F,A,B22G29,1B,B22G29_exp1B,183,34,0
11,08_15_22,2,A,1,0,C3,C3,-0.00707,N_0_20_F_A,CNTRL_0_20_F_A,F_A,CNTRL_0,CNTRL,0,Control,20,F,A,B13G3,2A,B13G3_exp2A,174,65,0
12,08_15_22,2,A,1,1,D3,D3,-0.00394,N_0_20_F_A,CNTRL_0_20_F_A,F_A,CNTRL_0,CNTRL,0,Control,20,F,A,B13G8,2A,B13G8_exp2A,226,65,0
11,08_20_22,2,B,1,0,C3,C3,-0.00625,N_0_20_F_A,CNTRL_0_20_F_A,F_A,CNTRL_0,CNTRL,0,Control,20,F,A,B14G14,2B,B14G14_exp2B,149,97,0
12,08_20_22,2,B,1,1,D3,D3,-0.00476,N_0_20_F_A,CNTRL_0_20_F_A,F_A,CNTRL_0,CNTRL,0,Control,20,F,A,B14G15,2B,B14G15_exp2B,184,97,0
12,09_01_22,3,A,1,1,D3,D3,-0.0041,N_0_20_F_A,CNTRL_0_20_F_A,F_A,CNTRL_0,CNTRL,0,Control,20,F,A,B13G2,3A,B13G2_exp3A,223,129,0
11,09_01_22,3,A,1,0,C3,C3,-0.00252,N_0_20_F_A,CNTRL_0_20_F_A,F_A,CNTRL_0,CNTRL,0,Control,20,F,A,B13G8,3A,B13G8_exp3A,237,129,0
11,09_05_22,3,B,1,0,C3,C3,-0.00456,N_0_20_F_A,CNTRL_0_20_F_A,F_A,CNTRL_0,CNTRL,0,Control,20,F,A,O1B1,3B,O1B1_exp3B,238,161,0
12,09_05_22,3,B,1,1,D3,D3,-0.00659,N_0_20_F_A,CNTRL_0_20_F_A,F_A,CNTRL_0,CNTRL,0,Control,20,F,A,O1B2,3B,O1B2_exp3B,242,161,0
13,7_26_22,1,A,1,1,A4,A4,-0.00275,N_0_20_F_S,CNTRL_0_20_F_S,F_S,CNTRL_0,CNTRL,0,Control,20,F,S,B14G20,1A,B14G20_exp1A,145,1,0
12,7_26_22,1,A,1,0,D3,D3,-0.00293,N_0_20_F_S,CNTRL_0_20_F_S,F_S,CNTRL_0,CNTRL,0,Control,20,F,S,B14G21,1A,B14G21_exp1A,153,1,0
13,7_26_22,1,B,1,1,A4,A4,-0.0036,N_0_20_F_S,CNTRL_0_20_F_S,F_S,CNTRL_0,CNTRL,0,Control,20,F,S,B22G31,1B,B22G31_exp1B,171,34,0
12,08_15_22,2,A,1,0,D3,D3,-0.0056,N_0_20_F_S,CNTRL_0_20_F_S,F_S,CNTRL_0,CNTRL,0,Control,20,F,S,B13G10,2A,B13G10_exp2A,175,65,0
13,08_15_22,2,A,1,1,A4,A4,-0.00479,N_0_20_F_S,CNTRL_0_20_F_S,F_S,CNTRL_0,CNTRL,0,Control,20,F,S,B13G13,2A,B13G13_exp2A,206,65,0
12,08_20_22,2,B,1,0,D3,D3,-0.00323,N_0_20_F_S,CNTRL_0_20_F_S,F_S,CNTRL_0,CNTRL,0,Control,20,F,S,B14G17,2B,B14G17_exp2B,159,97,0
13,08_20_22,2,B,1,1,A4,A4,-0.00339,N_0_20_F_S,CNTRL_0_20_F_S,F_S,CNTRL_0,CNTRL,0,Control,20,F,S,B14G21,2B,B14G21_exp2B,223,97,0
13,09_01_22,3,A,1,1,A4,A4,-0.00521,N_0_20_F_S,CNTRL_0_20_F_S,F_S,CNTRL_0,CNTRL,0,Control,20,F,S,B13G10,3A,B13G10_exp3A,239,129,0
12,09_01_22,3,A,1,0,D3,D3,-0.00913,N_0_20_F_S,CNTRL_0_20_F_S,F_S,CNTRL_0,CNTRL,0,Control,20,F,S,B13G13,3A,B13G13_exp3A,240,129,0
12,09_05_22,3,B,1,0,D3,D3,-0.00475,N_0_20_F_S,CNTRL_0_20_F_S,F_S,CNTRL_0,CNTRL,0,Control,20,F,S,O1B4,3B,O1B4_exp3B,245,161,0
13,09_05_22,3,B,1,1,A4,A4,-0.00328,N_0_20_F_S,CNTRL_0_20_F_S,F_S,CNTRL_0,CNTRL,0,Control,20,F,S,O1B5,3B,O1B5_exp3B,256,161,0
13,7_26_22,1,A,1,0,A4,A4,-0.00296,N_0_20_S_A,CNTRL_0_20_S_A,S_A,CNTRL_0,CNTRL,0,Control,20,S,A,B15G23,1A,B15G23_exp1A,150,2,0
13,7_26_22,1,B,1,0,A4,A4,-0.00281,N_0_20_S_A,CNTRL_0_20_S_A,S_A,CNTRL_0,CNTRL,0,Control,20,S,A,B23G33,1B,B23G33_exp1B,166,35,0
14,7_26_22,1,B,1,1,B4,B4,-0.00228,N_0_20_S_A,CNTRL_0_20_S_A,S_A,CNTRL_0,CNTRL,0,Control,20,S,A,B23G35,1B,B23G35_exp1B,184,35,0
14,08_15_22,2,A,1,1,B4,B4,-0.00715,N_0_20_S_A,CNTRL_0_20_S_A,S_A,CNTRL_0,CNTRL,0,Control,20,S,A,B22G30,2A,B22G30_exp2A,228,66,0
13,08_20_22,2,B,1,0,A4,A4,-0.00207,N_0_20_S_A,CNTRL_0_20_S_A,S_A,CNTRL_0,CNTRL,0,Control,20,S,A,B15G22,2B,B15G22_exp2B,169,98,0
14,08_20_22,2,B,1,1,B4,B4,-0.00794,N_0_20_S_A,CNTRL_0_20_S_A,S_A,CNTRL_0,CNTRL,0,Control,20,S,A,B15G23,2B,B15G23_exp2B,203,98,0
14,09_01_22,3,A,1,1,B4,B4,-0.00347,N_0_20_S_A,CNTRL_0_20_S_A,S_A,CNTRL_0,CNTRL,0,Control,20,S,A,B22G29,3A,B22G29_exp3A,237,130,0
13,09_01_22,3,A,1,0,A4,A4,-0.0067,N_0_20_S_A,CNTRL_0_20_S_A,S_A,CNTRL_0,CNTRL,0,Control,20,S,A,B22G30,3A,B22G30_exp3A,237,130,0
13,09_05_22,3,B,1,0,A4,A4,-0.00536,N_0_20_S_A,CNTRL_0_20_S_A,S_A,CNTRL_0,CNTRL,0,Control,20,S,A,O2B7,3B,O2B7_exp3B,238,169,0
14,09_05_22,3,B,1,1,B4,B4,-0.00384,N_0_20_S_A,CNTRL_0_20_S_A,S_A,CNTRL_0,CNTRL,0,Control,20,S,A,O2B8,3B,O2B8_exp3B,242,169,0
14,7_26_22,1,A,1,0,B4,B4,-0.00224,N_0_20_S_S,CNTRL_0_20_S_S,S_S,CNTRL_0,CNTRL,0,Control,20,S,S,B15G24,1A,B15G24_exp1A,149,2,0
15,7_26_22,1,A,1,1,C4,C4,-0.00514,N_0_20_S_S,CNTRL_0_20_S_S,S_S,CNTRL_0,CNTRL,0,Control,20,S,S,B15G25,1A,B15G25_exp1A,157,2,0
14,7_26_22,1,B,1,0,B4,B4,-0.00201,N_0_20_S_S,CNTRL_0_20_S_S,S_S,CNTRL_0,CNTRL,0,Control,20,S,S,B23G36,1B,B23G36_exp1B,164,35,0
15,7_26_22,1,B,1,1,C4,C4,-0.0026,N_0_20_S_S,CNTRL_0_20_S_S,S_S,CNTRL_0,CNTRL,0,Control,20,S,S,B23G37,1B,B23G37_exp1B,172,35,0
14,08_15_22,2,A,1,0,B4,B4,-0.00946,N_0_20_S_S,CNTRL_0_20_S_S,S_S,CNTRL_0,CNTRL,0,Control,20,S,S,B22G27,2A,B22G27_exp2A,207,66,0
15,08_15_22,2,A,1,1,C4,C4,-0.00675,N_0_20_S_S,CNTRL_0_20_S_S,S_S,CNTRL_0,CNTRL,0,Control,20,S,S,B22G31,2A,B22G31_exp2A,186,66,0
14,08_20_22,2,B,1,0,B4,B4,-0.00173,N_0_20_S_S,CNTRL_0_20_S_S,S_S,CNTRL_0,CNTRL,0,Control,20,S,S,B15G24,2B,B15G24_exp2B,180,98,0
15,08_20_22,2,B,1,1,C4,C4,-0.00487,N_0_20_S_S,CNTRL_0_20_S_S,S_S,CNTRL_0,CNTRL,0,Control,20,S,S,B15G25,2B,B15G25_exp2B,208,98,0
15,09_01_22,3,A,1,1,C4,C4,-0.00465,N_0_20_S_S,CNTRL_0_20_S_S,S_S,CNTRL_0,CNTRL,0,Control,20,S,S,B22G27,3A,B22G27_exp3A,241,130,0
14,09_01_22,3,A,1,0,B4,B4,-0.00819,N_0_20_S_S,CNTRL_0_20_S_S,S_S,CNTRL_0,CNTRL,0,Control,20,S,S,B22G31,3A,B22G31_exp3A,239,130,0
14,09_05_22,3,B,1,0,B4,B4,-0.00442,N_0_20_S_S,CNTRL_0_20_S_S,S_S,CNTRL_0,CNTRL,0,Control,20,S,S,O2B10,3B,O2B10_exp3B,249,169,0
15,09_05_22,3,B,1,1,C4,C4,-0.0052,N_0_20_S_S,CNTRL_0_20_S_S,S_S,CNTRL_0,CNTRL,0,Control,20,S,S,O2B11,3B,O2B11_exp3B,252,169,0
16,7_26_22,1,A,1,1,D4,D4,-0.00303,N_0_30_F_A,CNTRL_0_30_F_A,F_A,CNTRL_0,CNTRL,0,Control,30,F,A,B27G53,1A,B27G53_exp1A,168,4,0
15,7_26_22,1,A,1,0,C4,C4,-0.0044,N_0_30_F_A,CNTRL_0_30_F_A,F_A,CNTRL_0,CNTRL,0,Control,30,F,A,B27G54,1A,B27G54_exp1A,150,4,0
15,7_26_22,1,B,1,0,C4,C4,-0.00138,N_0_30_F_A,CNTRL_0_30_F_A,F_A,CNTRL_0,CNTRL,0,Control,30,F,A,B29G64,1B,B29G64_exp1B,164,39,0
16,7_26_22,1,B,1,1,D4,D4,-0.00445,N_0_30_F_A,CNTRL_0_30_F_A,F_A,CNTRL_0,CNTRL,0,Control,30,F,A,B29G67,1B,B29G67_exp1B,183,39,0
15,08_15_22,2,A,1,0,C4,C4,-0.00362,N_0_30_F_A,CNTRL_0_30_F_A,F_A,CNTRL_0,CNTRL,0,Control,30,F,A,B25G43,2A,B25G43_exp2A,174,69,0
16,08_15_22,2,A,1,1,D4,D4,-0.00347,N_0_30_F_A,CNTRL_0_30_F_A,F_A,CNTRL_0,CNTRL,0,Control,30,F,A,B25G45,2A,B25G45_exp2A,226,69,0
15,08_20_22,2,B,1,0,C4,C4,-0.00387,N_0_30_F_A,CNTRL_0_30_F_A,F_A,CNTRL_0,CNTRL,0,Control,30,F,A,B31G77,2B,B31G77_exp2B,167,101,0
16,08_20_22,2,B,1,1,D4,D4,-0.00401,N_0_30_F_A,CNTRL_0_30_F_A,F_A,CNTRL_0,CNTRL,0,Control,30,F,A,B31G78,2B,B31G78_exp2B,195,101,0
16,09_01_22,3,A,1,1,D4,D4,-0.00355,N_0_30_F_A,CNTRL_0_30_F_A,F_A,CNTRL_0,CNTRL,0,Control,30,F,A,B25G43,3A,B25G43_exp3A,226,133,0
15,09_01_22,3,A,1,0,C4,C4,-0.00464,N_0_30_F_A,CNTRL_0_30_F_A,F_A,CNTRL_0,CNTRL,0,Control,30,F,A,B25G44,3A,B25G44_exp3A,237,133,0
15,09_05_22,3,B,1,0,C4,C4,-0.00372,N_0_30_F_A,CNTRL_0_30_F_A,F_A,CNTRL_0,CNTRL,0,Control,30,F,A,W1O1,3B,W1O1_exp3B,238,177,0
16,09_05_22,3,B,1,1,D4,D4,-0.00329,N_0_30_F_A,CNTRL_0_30_F_A,F_A,CNTRL_0,CNTRL,0,Control,30,F,A,W1O2,3B,W1O2_exp3B,242,177,0
17,7_26_22,1,A,1,1,A5,A5,-0.0052,N_0_30_F_S,CNTRL_0_30_F_S,F_S,CNTRL_0,CNTRL,0,Control,30,F,S,B27G56,1A,B27G56_exp1A,147,4,0
16,7_26_22,1,A,1,0,D4,D4,-0.00437,N_0_30_F_S,CNTRL_0_30_F_S,F_S,CNTRL_0,CNTRL,0,Control,30,F,S,B27G57,1A,B27G57_exp1A,153,4,0
16,7_26_22,1,B,1,0,D4,D4,-0.00423,N_0_30_F_S,CNTRL_0_30_F_S,F_S,CNTRL_0,CNTRL,0,Control,30,F,S,B29G70,1B,B29G70_exp1B,161,39,0
17,7_26_22,1,B,1,1,A5,A5,-0.00298,N_0_30_F_S,CNTRL_0_30_F_S,F_S,CNTRL_0,CNTRL,0,Control,30,F,S,B29G71,1B,B29G71_exp1B,171,39,0
16,08_15_22,2,A,1,0,D4,D4,-0.00865,N_0_30_F_S,CNTRL_0_30_F_S,F_S,CNTRL_0,CNTRL,0,Control,30,F,S,B25G46,2A,B25G46_exp2A,185,69,0
17,08_15_22,2,A,1,1,A5,A5,-0.00501,N_0_30_F_S,CNTRL_0_30_F_S,F_S,CNTRL_0,CNTRL,0,Control,30,F,S,B25G47,2A,B25G47_exp2A,206,69,0
16,08_20_22,2,B,1,0,D4,D4,-0.00223,N_0_30_F_S,CNTRL_0_30_F_S,F_S,CNTRL_0,CNTRL,0,Control,30,F,S,B31G80,2B,B31G80_exp2B,206,101,0
17,08_20_22,2,B,1,1,A5,A5,-0.00467,N_0_30_F_S,CNTRL_0_30_F_S,F_S,CNTRL_0,CNTRL,0,Control,30,F,S,B31G82,2B,B31G82_exp2B,223,101,0
17,09_01_22,3,A,1,1,A5,A5,-0.00517,N_0_30_F_S,CNTRL_0_30_F_S,F_S,CNTRL_0,CNTRL,0,Control,30,F,S,B25G46,3A,B25G46_exp3A,239,133,0
16,09_01_22,3,A,1,0,D4,D4,-0.00385,N_0_30_F_S,CNTRL_0_30_F_S,F_S,CNTRL_0,CNTRL,0,Control,30,F,S,B25G47,3A,B25G47_exp3A,240,133,0
16,09_05_22,3,B,1,0,D4,D4,-0.00446,N_0_30_F_S,CNTRL_0_30_F_S,F_S,CNTRL_0,CNTRL,0,Control,30,F,S,W1O3,3B,W1O3_exp3B,251,177,0
17,09_05_22,3,B,1,1,A5,A5,-0.0051,N_0_30_F_S,CNTRL_0_30_F_S,F_S,CNTRL_0,CNTRL,0,Control,30,F,S,W1O4,3B,W1O4_exp3B,245,177,0
18,7_26_22,1,A,1,1,B5,B5,-0.00244,N_0_30_S_A,CNTRL_0_30_S_A,S_A,CNTRL_0,CNTRL,0,Control,30,S,A,B30G72,1A,B30G72_exp1A,162,5,0
17,7_26_22,1,A,1,0,A5,A5,-0.00178,N_0_30_S_A,CNTRL_0_30_S_A,S_A,CNTRL_0,CNTRL,0,Control,30,S,A,B30G73,1A,B30G73_exp1A,151,5,0
17,7_26_22,1,B,1,0,A5,A5,-0.00243,N_0_30_S_A,CNTRL_0_30_S_A,S_A,CNTRL_0,CNTRL,0,Control,30,S,A,B32G83,1B,B32G83_exp1B,166,40,0
18,7_26_22,1,B,1,1,B5,B5,-0.00247,N_0_30_S_A,CNTRL_0_30_S_A,S_A,CNTRL_0,CNTRL,0,Control,30,S,A,B32G84,1B,B32G84_exp1B,171,40,0
17,08_15_22,2,A,1,0,A5,A5,-0.00584,N_0_30_S_A,CNTRL_0_30_S_A,S_A,CNTRL_0,CNTRL,0,Control,30,S,A,B26G48,2A,B26G48_exp2A,193,70,0
18,08_15_22,2,A,1,1,B5,B5,-0.00219,N_0_30_S_A,CNTRL_0_30_S_A,S_A,CNTRL_0,CNTRL,0,Control,30,S,A,B26G49,2A,B26G49_exp2A,206,70,0
17,08_20_22,2,B,1,0,A5,A5,-0.00332,N_0_30_S_A,CNTRL_0_30_S_A,S_A,CNTRL_0,CNTRL,0,Control,30,S,A,B32G83,2B,B32G83_exp2B,170,102,0
18,08_20_22,2,B,1,1,B5,B5,-0.00068,N_0_30_S_A,CNTRL_0_30_S_A,S_A,CNTRL_0,CNTRL,0,Control,30,S,A,B32G84,2B,B32G84_exp2B,211,102,0
18,09_01_22,3,A,1,1,B5,B5,-0.00598,N_0_30_S_A,CNTRL_0_30_S_A,S_A,CNTRL_0,CNTRL,0,Control,30,S,A,B26G48,3A,B26G48_exp3A,229,134,0
17,09_01_22,3,A,1,0,A5,A5,-0.0078,N_0_30_S_A,CNTRL_0_30_S_A,S_A,CNTRL_0,CNTRL,0,Control,30,S,A,B26G50,3A,B26G50_exp3A,237,134,0
17,09_05_22,3,B,1,0,A5,A5,-0.00787,N_0_30_S_A,CNTRL_0_30_S_A,S_A,CNTRL_0,CNTRL,0,Control,30,S,A,W2O7,3B,W2O7_exp3B,238,186,0
18,09_05_22,3,B,1,1,B5,B5,-0.00274,N_0_30_S_A,CNTRL_0_30_S_A,S_A,CNTRL_0,CNTRL,0,Control,30,S,A,W2O8,3B,W2O8_exp3B,244,186,0
18,7_26_22,1,A,1,0,B5,B5,-0.00328,N_0_30_S_S,CNTRL_0_30_S_S,S_S,CNTRL_0,CNTRL,0,Control,30,S,S,B30G75,1A,B30G75_exp1A,154,5,0
19,7_26_22,1,A,1,1,C5,C5,-0.00492,N_0_30_S_S,CNTRL_0_30_S_S,S_S,CNTRL_0,CNTRL,0,Control,30,S,S,B30G76,1A,B30G76_exp1A,157,5,0
18,7_26_22,1,B,1,0,B5,B5,-0.00305,N_0_30_S_S,CNTRL_0_30_S_S,S_S,CNTRL_0,CNTRL,0,Control,30,S,S,B32G87,1B,B32G87_exp1B,164,40,0
19,7_26_22,1,B,1,1,C5,C5,-0.00274,N_0_30_S_S,CNTRL_0_30_S_S,S_S,CNTRL_0,CNTRL,0,Control,30,S,S,B32G88,1B,B32G88_exp1B,172,40,0
18,08_15_22,2,A,1,0,B5,B5,-0.00713,N_0_30_S_S,CNTRL_0_30_S_S,S_S,CNTRL_0,CNTRL,0,Control,30,S,S,B26G51,2A,B26G51_exp2A,196,70,0
19,08_15_22,2,A,1,1,C5,C5,-0.00346,N_0_30_S_S,CNTRL_0_30_S_S,S_S,CNTRL_0,CNTRL,0,Control,30,S,S,B26G52,2A,B26G52_exp2A,208,70,0
18,08_20_22,2,B,1,0,B5,B5,-0.00728,N_0_30_S_S,CNTRL_0_30_S_S,S_S,CNTRL_0,CNTRL,0,Control,30,S,S,B32G87,2B,B32G87_exp2B,208,102,0
19,08_20_22,2,B,1,1,C5,C5,-0.0041,N_0_30_S_S,CNTRL_0_30_S_S,S_S,CNTRL_0,CNTRL,0,Control,30,S,S,B32G88,2B,B32G88_exp2B,225,102,0
19,09_01_22,3,A,1,1,C5,C5,-0.00489,N_0_30_S_S,CNTRL_0_30_S_S,S_S,CNTRL_0,CNTRL,0,Control,30,S,S,B26G51,3A,B26G51_exp3A,239,134,0
18,09_01_22,3,A,1,0,B5,B5,-0.00534,N_0_30_S_S,CNTRL_0_30_S_S,S_S,CNTRL_0,CNTRL,0,Control,30,S,S,B26G52,3A,B26G52_exp3A,241,134,0
18,09_05_22,3,B,1,0,B5,B5,-0.00351,N_0_30_S_S,CNTRL_0_30_S_S,S_S,CNTRL_0,CNTRL,0,Control,30,S,S,W2O10,3B,W2O10_exp3B,250,186,0
19,09_05_22,3,B,1,1,C5,C5,-0.00215,N_0_30_S_S,CNTRL_0_30_S_S,S_S,CNTRL_0,CNTRL,0,Control,30,S,S,W2O11,3B,W2O11_exp3B,252,186,0
6,7_26_22,1,A,2,1,B2,B2,-0.0063,N_1.5_20_F_A,N_1.5_20_F_A,F_A,N_1.5,N,1.5,Nitrate,20,F,A,G29Y70,1A,G29Y70_exp1A,168,12,0
6,7_26_22,1,A,2,0,B2,B2,-0.00469,N_1.5_20_F_A,N_1.5_20_F_A,F_A,N_1.5,N,1.5,Nitrate,20,F,A,G29Y71,1A,G29Y71_exp1A,150,12,0
6,7_26_22,1,B,2,0,B2,B2,-0.00747,N_1.5_20_F_A,N_1.5_20_F_A,F_A,N_1.5,N,1.5,Nitrate,20,F,A,G30Y75,1B,G30Y75_exp1B,163,43,0
6,7_26_22,1,B,2,1,B2,B2,-0.00245,N_1.5_20_F_A,N_1.5_20_F_A,F_A,N_1.5,N,1.5,Nitrate,20,F,A,G30Y76,1B,G30Y76_exp1B,169,43,0
6,08_15_22,2,A,2,0,B2,B2,-0.0023,N_1.5_20_F_A,N_1.5_20_F_A,F_A,N_1.5,N,1.5,Nitrate,20,F,A,G23Y1819,2A,G23Y1819_exp2A,199,73,0
7,08_15_22,2,A,2,1,C2,C2,-0.00293,N_1.5_20_F_A,N_1.5_20_F_A,F_A,N_1.5,N,1.5,Nitrate,20,F,A,G23Y5017,2A,G23Y5017_exp2A,174,73,0
6,08_20_22,2,B,2,0,B2,B2,-0.00513,N_1.5_20_F_A,N_1.5_20_F_A,F_A,N_1.5,N,1.5,Nitrate,20,F,A,G25Y45,2B,G25Y45_exp2B,157,105,0
7,08_20_22,2,B,2,1,C2,C2,-0.00364,N_1.5_20_F_A,N_1.5_20_F_A,F_A,N_1.5,N,1.5,Nitrate,20,F,A,G25Y46,2B,G25Y46_exp2B,184,105,0
7,09_01_22,3,A,2,1,C2,C2,-0.00275,N_1.5_20_F_A,N_1.5_20_F_A,F_A,N_1.5,N,1.5,Nitrate,20,F,A,G23Y1819,3A,G23Y1819_exp3A,223,137,0
6,09_01_22,3,A,2,0,B2,B2,-0.00138,N_1.5_20_F_A,N_1.5_20_F_A,F_A,N_1.5,N,1.5,Nitrate,20,F,A,G23Y2820,3A,G23Y2820_exp3A,237,137,0
6,09_05_22,3,B,2,0,B2,B2,-0.0057,N_1.5_20_F_A,N_1.5_20_F_A,F_A,N_1.5,N,1.5,Nitrate,20,F,A,O5G2,3B,O5G2_exp3B,238,175,0
7,09_05_22,3,B,2,1,C2,C2,-0.00482,N_1.5_20_F_A,N_1.5_20_F_A,F_A,N_1.5,N,1.5,Nitrate,20,F,A,O5G3,3B,O5G3_exp3B,242,175,0
7,7_26_22,1,A,2,0,C2,C2,-0.00448,N_1.5_20_F_S,N_1.5_20_F_S,F_S,N_1.5,N,1.5,Nitrate,20,F,S,G29Y73,1A,G29Y73_exp1A,147,12,0
7,7_26_22,1,A,2,1,C2,C2,-0.00507,N_1.5_20_F_S,N_1.5_20_F_S,F_S,N_1.5,N,1.5,Nitrate,20,F,S,G29Y74,1A,G29Y74_exp1A,153,12,0
7,7_26_22,1,B,2,0,C2,C2,-0.00743,N_1.5_20_F_S,N_1.5_20_F_S,F_S,N_1.5,N,1.5,Nitrate,20,F,S,G30Y78,1B,G30Y78_exp1B,160,43,0
7,7_26_22,1,B,2,1,C2,C2,-0.00527,N_1.5_20_F_S,N_1.5_20_F_S,F_S,N_1.5,N,1.5,Nitrate,20,F,S,G30Y79,1B,G30Y79_exp1B,171,43,0
7,08_15_22,2,A,2,0,C2,C2,-0.00303,N_1.5_20_F_S,N_1.5_20_F_S,F_S,N_1.5,N,1.5,Nitrate,20,F,S,G23Y2129,2A,G23Y2129_exp2A,185,73,0
8,08_15_22,2,A,2,1,D2,D2,-0.00378,N_1.5_20_F_S,N_1.5_20_F_S,F_S,N_1.5,N,1.5,Nitrate,20,F,S,G23Y3130,2A,G23Y3130_exp2A,206,73,0
7,08_20_22,2,B,2,0,C2,C2,-0.00413,N_1.5_20_F_S,N_1.5_20_F_S,F_S,N_1.5,N,1.5,Nitrate,20,F,S,G25Y47,2B,G25Y47_exp2B,171,105,0
8,08_20_22,2,B,2,1,D2,D2,-0.00367,N_1.5_20_F_S,N_1.5_20_F_S,F_S,N_1.5,N,1.5,Nitrate,20,F,S,G25Y49,2B,G25Y49_exp2B,223,105,0
8,09_01_22,3,A,2,1,D2,D2,-0.00772,N_1.5_20_F_S,N_1.5_20_F_S,F_S,N_1.5,N,1.5,Nitrate,20,F,S,G23Y3130,3A,G23Y3130_exp3A,239,137,0
7,09_01_22,3,A,2,0,C2,C2,-0.00419,N_1.5_20_F_S,N_1.5_20_F_S,F_S,N_1.5,N,1.5,Nitrate,20,F,S,G23Y5017,3A,G23Y5017_exp3A,240,137,0
7,09_05_22,3,B,2,0,C2,C2,-0.00338,N_1.5_20_F_S,N_1.5_20_F_S,F_S,N_1.5,N,1.5,Nitrate,20,F,S,O5G5,3B,O5G5_exp3B,245,175,0
8,09_05_22,3,B,2,1,D2,D2,-0.00607,N_1.5_20_F_S,N_1.5_20_F_S,F_S,N_1.5,N,1.5,Nitrate,20,F,S,O5G7,3B,O5G7_exp3B,256,175,0
8,7_26_22,1,A,2,1,D2,D2,-0.00329,N_1.5_20_S_A,N_1.5_20_S_A,S_A,N_1.5,N,1.5,Nitrate,20,S,A,G31Y80,1A,G31Y80_exp1A,168,13,0
8,7_26_22,1,A,2,0,D2,D2,-0.00222,N_1.5_20_S_A,N_1.5_20_S_A,S_A,N_1.5,N,1.5,Nitrate,20,S,A,G31Y82,1A,G31Y82_exp1A,150,13,0
8,7_26_22,1,B,2,0,D2,D2,-0.00518,N_1.5_20_S_A,N_1.5_20_S_A,S_A,N_1.5,N,1.5,Nitrate,20,S,A,G34Y3,1B,G34Y3_exp1B,166,45,0
8,7_26_22,1,B,2,1,D2,D2,-0.00292,N_1.5_20_S_A,N_1.5_20_S_A,S_A,N_1.5,N,1.5,Nitrate,20,S,A,G34Y5,1B,G34Y5_exp1B,184,45,0
8,08_15_22,2,A,2,0,D2,D2,-0.0041,N_1.5_20_S_A,N_1.5_20_S_A,S_A,N_1.5,N,1.5,Nitrate,20,S,A,G24Y41,2A,G24Y41_exp2A,203,74,0
9,08_15_22,2,A,2,1,A3,A3,-0.00604,N_1.5_20_S_A,N_1.5_20_S_A,S_A,N_1.5,N,1.5,Nitrate,20,S,A,G24Y42,2A,G24Y42_exp2A,228,74,0
8,08_20_22,2,B,2,0,D2,D2,-0.00143,N_1.5_20_S_A,N_1.5_20_S_A,S_A,N_1.5,N,1.5,Nitrate,20,S,A,G27Y55,2B,G27Y55_exp2B,169,107,0
9,08_20_22,2,B,2,1,A3,A3,-0.00225,N_1.5_20_S_A,N_1.5_20_S_A,S_A,N_1.5,N,1.5,Nitrate,20,S,A,G27Y56,2B,G27Y56_exp2B,206,107,0
9,09_01_22,3,A,2,1,A3,A3,-0.00477,N_1.5_20_S_A,N_1.5_20_S_A,S_A,N_1.5,N,1.5,Nitrate,20,S,A,G24Y40,3A,G24Y40_exp3A,227,138,0
8,09_01_22,3,A,2,0,D2,D2,-0.00254,N_1.5_20_S_A,N_1.5_20_S_A,S_A,N_1.5,N,1.5,Nitrate,20,S,A,G24Y41,3A,G24Y41_exp3A,237,138,0
8,09_05_22,3,B,2,0,D2,D2,-0.00555,N_1.5_20_S_A,N_1.5_20_S_A,S_A,N_1.5,N,1.5,Nitrate,20,S,A,O8G10,3B,O8G10_exp3B,244,176,0
9,09_05_22,3,B,2,1,A3,A3,-0.00286,N_1.5_20_S_A,N_1.5_20_S_A,S_A,N_1.5,N,1.5,Nitrate,20,S,A,O8G8,3B,O8G8_exp3B,238,176,0
9,7_26_22,1,A,2,0,A3,A3,-0.00266,N_1.5_20_S_S,N_1.5_20_S_S,S_S,N_1.5,N,1.5,Nitrate,20,S,S,G31Y83,1A,G31Y83_exp1A,150,13,0
9,7_26_22,1,A,2,1,A3,A3,-0.00738,N_1.5_20_S_S,N_1.5_20_S_S,S_S,N_1.5,N,1.5,Nitrate,20,S,S,G31Y85,1A,G31Y85_exp1A,157,13,0
9,7_26_22,1,B,2,0,A3,A3,-0.00311,N_1.5_20_S_S,N_1.5_20_S_S,S_S,N_1.5,N,1.5,Nitrate,20,S,S,G34Y10,1B,G34Y10_exp1B,164,45,0
9,7_26_22,1,B,2,1,A3,A3,-0.00507,N_1.5_20_S_S,N_1.5_20_S_S,S_S,N_1.5,N,1.5,Nitrate,20,S,S,G34Y11,1B,G34Y11_exp1B,172,45,0
9,08_15_22,2,A,2,0,A3,A3,-0.00448,N_1.5_20_S_S,N_1.5_20_S_S,S_S,N_1.5,N,1.5,Nitrate,20,S,S,G24Y43,2A,G24Y43_exp2A,186,74,0
10,08_15_22,2,A,2,1,B3,B3,-0.00635,N_1.5_20_S_S,N_1.5_20_S_S,S_S,N_1.5,N,1.5,Nitrate,20,S,S,G24Y44,2A,G24Y44_exp2A,208,74,0
9,08_20_22,2,B,2,0,A3,A3,-0.00485,N_1.5_20_S_S,N_1.5_20_S_S,S_S,N_1.5,N,1.5,Nitrate,20,S,S,G27Y58,2B,G27Y58_exp2B,208,107,0
10,08_20_22,2,B,2,1,B3,B3,-0.00465,N_1.5_20_S_S,N_1.5_20_S_S,S_S,N_1.5,N,1.5,Nitrate,20,S,S,G27Y59,2B,G27Y59_exp2B,225,107,0
10,09_01_22,3,A,2,1,B3,B3,-0.00637,N_1.5_20_S_S,N_1.5_20_S_S,S_S,N_1.5,N,1.5,Nitrate,20,S,S,G24Y43,3A,G24Y43_exp3A,239,138,0
9,09_01_22,3,A,2,0,A3,A3,-0.00401,N_1.5_20_S_S,N_1.5_20_S_S,S_S,N_1.5,N,1.5,Nitrate,20,S,S,G24Y44,3A,G24Y44_exp3A,230,138,0
9,09_05_22,3,B,2,0,A3,A3,-0.00495,N_1.5_20_S_S,N_1.5_20_S_S,S_S,N_1.5,N,1.5,Nitrate,20,S,S,O8G11,3B,O8G11_exp3B,249,176,0
10,7_26_22,1,A,2,1,B3,B3,-0.00382,N_1.5_30_F_A,N_1.5_30_F_A,F_A,N_1.5,N,1.5,Nitrate,30,F,A,G28Y62,1A,G28Y62_exp1A,168,11,0
10,7_26_22,1,A,2,0,B3,B3,-0.00318,N_1.5_30_F_A,N_1.5_30_F_A,F_A,N_1.5,N,1.5,Nitrate,30,F,A,G28Y63,1A,G28Y63_exp1A,150,11,0
10,7_26_22,1,B,2,0,B3,B3,-0.00348,N_1.5_30_F_A,N_1.5_30_F_A,F_A,N_1.5,N,1.5,Nitrate,30,F,A,G23Y2820,1B,G23Y2820_exp1B,183,41,0
10,7_26_22,1,B,2,1,B3,B3,-0.00272,N_1.5_30_F_A,N_1.5_30_F_A,F_A,N_1.5,N,1.5,Nitrate,30,F,A,G23Y5017,1B,G23Y5017_exp1B,165,41,0
10,08_15_22,2,A,2,0,B3,B3,-0.00304,N_1.5_30_F_A,N_1.5_30_F_A,F_A,N_1.5,N,1.5,Nitrate,30,F,A,G33Y94,2A,G33Y94_exp2A,186,77,0
11,08_15_22,2,A,2,1,C3,C3,-0.00328,N_1.5_30_F_A,N_1.5_30_F_A,F_A,N_1.5,N,1.5,Nitrate,30,F,A,G33Y97,2A,G33Y97_exp2A,227,77,0
10,08_20_22,2,B,2,0,B3,B3,-0.00154,N_1.5_30_F_A,N_1.5_30_F_A,F_A,N_1.5,N,1.5,Nitrate,30,F,A,G26Y50,2B,G26Y50_exp2B,167,106,0
11,08_20_22,2,B,2,1,C3,C3,-0.00219,N_1.5_30_F_A,N_1.5_30_F_A,F_A,N_1.5,N,1.5,Nitrate,30,F,A,G26Y51,2B,G26Y51_exp2B,196,106,0
11,09_01_22,3,A,2,1,C3,C3,-0.00407,N_1.5_30_F_A,N_1.5_30_F_A,F_A,N_1.5,N,1.5,Nitrate,30,F,A,G33Y1,3A,G33Y1_exp3A,226,141,0
10,09_01_22,3,A,2,0,B3,B3,-0.00212,N_1.5_30_F_A,N_1.5_30_F_A,F_A,N_1.5,N,1.5,Nitrate,30,F,A,G33Y94,3A,G33Y94_exp3A,237,141,0
10,09_05_22,3,B,2,0,B3,B3,-0.00292,N_1.5_30_F_A,N_1.5_30_F_A,F_A,N_1.5,N,1.5,Nitrate,30,F,A,W5O29,3B,W5O29_exp3B,238,190,0
11,09_05_22,3,B,2,1,C3,C3,-0.00493,N_1.5_30_F_A,N_1.5_30_F_A,F_A,N_1.5,N,1.5,Nitrate,30,F,A,W5O30,3B,W5O30_exp3B,242,190,0
11,7_26_22,1,A,2,0,C3,C3,-0.00282,N_1.5_30_F_S,N_1.5_30_F_S,F_S,N_1.5,N,1.5,Nitrate,30,F,S,G28Y64,1A,G28Y64_exp1A,142,11,0
11,7_26_22,1,B,2,0,C3,C3,-0.00484,N_1.5_30_F_S,N_1.5_30_F_S,F_S,N_1.5,N,1.5,Nitrate,30,F,S,G23Y2129,1B,G23Y2129_exp1B,161,41,0
11,7_26_22,1,B,2,1,C3,C3,-0.00385,N_1.5_30_F_S,N_1.5_30_F_S,F_S,N_1.5,N,1.5,Nitrate,30,F,S,G23Y3130,1B,G23Y3130_exp1B,171,41,0
11,08_15_22,2,A,2,0,C3,C3,-0.00144,N_1.5_30_F_S,N_1.5_30_F_S,F_S,N_1.5,N,1.5,Nitrate,30,F,S,G33Y1,2A,G33Y1_exp2A,206,77,0
12,08_15_22,2,A,2,1,D3,D3,-0.0038,N_1.5_30_F_S,N_1.5_30_F_S,F_S,N_1.5,N,1.5,Nitrate,30,F,S,G33Y100,2A,G33Y100_exp2A,185,77,0
12,08_20_22,2,B,2,1,D3,D3,-0.00682,N_1.5_30_F_S,N_1.5_30_F_S,F_S,N_1.5,N,1.5,Nitrate,30,F,S,G26Y52,2B,G26Y52_exp2B,175,106,0
11,08_20_22,2,B,2,0,C3,C3,-0.00222,N_1.5_30_F_S,N_1.5_30_F_S,F_S,N_1.5,N,1.5,Nitrate,30,F,S,G26Y54,2B,G26Y54_exp2B,223,106,0
12,09_01_22,3,A,2,1,D3,D3,-0.00572,N_1.5_30_F_S,N_1.5_30_F_S,F_S,N_1.5,N,1.5,Nitrate,30,F,S,G33Y100,3A,G33Y100_exp3A,240,141,0
11,09_01_22,3,A,2,0,C3,C3,-0.00521,N_1.5_30_F_S,N_1.5_30_F_S,F_S,N_1.5,N,1.5,Nitrate,30,F,S,G33Y97,3A,G33Y97_exp3A,239,141,0
11,09_05_22,3,B,2,0,C3,C3,-0.00575,N_1.5_30_F_S,N_1.5_30_F_S,F_S,N_1.5,N,1.5,Nitrate,30,F,S,W5O27,3B,W5O27_exp3B,246,190,0
12,09_05_22,3,B,2,1,D3,D3,-0.00266,N_1.5_30_F_S,N_1.5_30_F_S,F_S,N_1.5,N,1.5,Nitrate,30,F,S,W5O28,3B,W5O28_exp3B,256,190,0
12,7_26_22,1,A,2,0,D3,D3,-0.00185,N_1.5_30_S_A,N_1.5_30_S_A,S_A,N_1.5,N,1.5,Nitrate,30,S,A,G25Y45,1A,G25Y45_exp1A,162,9,0
12,7_26_22,1,A,2,1,D3,D3,-0.00276,N_1.5_30_S_A,N_1.5_30_S_A,S_A,N_1.5,N,1.5,Nitrate,30,S,A,G25Y46,1A,G25Y46_exp1A,151,9,0
12,7_26_22,1,B,2,0,D3,D3,-0.00344,N_1.5_30_S_A,N_1.5_30_S_A,S_A,N_1.5,N,1.5,Nitrate,30,S,A,G24Y40,1B,G24Y40_exp1B,166,42,0
12,7_26_22,1,B,2,1,D3,D3,-0.00251,N_1.5_30_S_A,N_1.5_30_S_A,S_A,N_1.5,N,1.5,Nitrate,30,S,A,G24Y42,1B,G24Y42_exp1B,184,42,0
12,08_15_22,2,A,2,0,D3,D3,-0.00214,N_1.5_30_S_A,N_1.5_30_S_A,S_A,N_1.5,N,1.5,Nitrate,30,S,A,G34Y3,2A,G34Y3_exp2A,193,78,0
13,08_15_22,2,A,2,1,A4,A4,-0.0055,N_1.5_30_S_A,N_1.5_30_S_A,S_A,N_1.5,N,1.5,Nitrate,30,S,A,G34Y4,2A,G34Y4_exp2A,207,78,0
12,08_20_22,2,B,2,0,D3,D3,-0.00391,N_1.5_30_S_A,N_1.5_30_S_A,S_A,N_1.5,N,1.5,Nitrate,30,S,A,G28Y62,2B,G28Y62_exp2B,170,108,0
13,08_20_22,2,B,2,1,A4,A4,-0.00272,N_1.5_30_S_A,N_1.5_30_S_A,S_A,N_1.5,N,1.5,Nitrate,30,S,A,G28Y63,2B,G28Y63_exp2B,212,108,0
13,09_01_22,3,A,2,1,A4,A4,-0.006,N_1.5_30_S_A,N_1.5_30_S_A,S_A,N_1.5,N,1.5,Nitrate,30,S,A,G34Y4,3A,G34Y4_exp3A,237,142,0
12,09_01_22,3,A,2,0,D3,D3,-0.00196,N_1.5_30_S_A,N_1.5_30_S_A,S_A,N_1.5,N,1.5,Nitrate,30,S,A,G34Y5,3A,G34Y5_exp3A,237,142,0
13,09_05_22,3,B,2,1,A4,A4,-0.00446,N_1.5_30_S_A,N_1.5_30_S_A,S_A,N_1.5,N,1.5,Nitrate,30,S,A,W7O32,3B,W7O32_exp3B,244,191,0
13,7_26_22,1,A,2,0,A4,A4,-0.00341,N_1.5_30_S_S,N_1.5_30_S_S,S_S,N_1.5,N,1.5,Nitrate,30,S,S,G25Y47,1A,G25Y47_exp1A,152,9,0
13,7_26_22,1,A,2,1,A4,A4,-0.00327,N_1.5_30_S_S,N_1.5_30_S_S,S_S,N_1.5,N,1.5,Nitrate,30,S,S,G25Y48,1A,G25Y48_exp1A,155,9,0
13,7_26_22,1,B,2,0,A4,A4,-0.00358,N_1.5_30_S_S,N_1.5_30_S_S,S_S,N_1.5,N,1.5,Nitrate,30,S,S,G24Y43,1B,G24Y43_exp1B,165,42,0
13,08_15_22,2,A,2,0,A4,A4,-0.00206,N_1.5_30_S_S,N_1.5_30_S_S,S_S,N_1.5,N,1.5,Nitrate,30,S,S,G34Y10,2A,G34Y10_exp2A,198,78,0
14,08_15_22,2,A,2,1,B4,B4,-0.00482,N_1.5_30_S_S,N_1.5_30_S_S,S_S,N_1.5,N,1.5,Nitrate,30,S,S,G34Y11,2A,G34Y11_exp2A,211,78,0
13,08_20_22,2,B,2,0,A4,A4,-0.00289,N_1.5_30_S_S,N_1.5_30_S_S,S_S,N_1.5,N,1.5,Nitrate,30,S,S,G28Y64,2B,G28Y64_exp2B,188,108,0
14,08_20_22,2,B,2,1,B4,B4,-0.0041,N_1.5_30_S_S,N_1.5_30_S_S,S_S,N_1.5,N,1.5,Nitrate,30,S,S,G28Y67,2B,G28Y67_exp2B,225,108,0
13,09_01_22,3,A,2,0,A4,A4,-0.00452,N_1.5_30_S_S,N_1.5_30_S_S,S_S,N_1.5,N,1.5,Nitrate,30,S,S,G34Y10,3A,G34Y10_exp3A,239,142,0
14,09_01_22,3,A,2,1,B4,B4,-0.00283,N_1.5_30_S_S,N_1.5_30_S_S,S_S,N_1.5,N,1.5,Nitrate,30,S,S,G34Y11,3A,G34Y11_exp3A,241,142,0
13,09_05_22,3,B,2,0,A4,A4,-0.00196,N_1.5_30_S_S,N_1.5_30_S_S,S_S,N_1.5,N,1.5,Nitrate,30,S,S,W7O34,3B,W7O34_exp3B,252,191,0
14,09_05_22,3,B,2,1,B4,B4,-0.00496,N_1.5_30_S_S,N_1.5_30_S_S,S_S,N_1.5,N,1.5,Nitrate,30,S,S,W7O35,3B,W7O35_exp3B,243,191,0
22,7_26_22,1,A,2,1,B6,B6,-0.00522,N_5_20_F_A,N_5_20_F_A,F_A,N_5,N,5,Nitrate,20,F,A,Y1B5,1A,Y1B5_exp1A,168,25,0
22,7_26_22,1,A,2,0,B6,B6,-0.00573,N_5_20_F_A,N_5_20_F_A,F_A,N_5,N,5,Nitrate,20,F,A,Y1B8,1A,Y1B8_exp1A,150,25,0
22,7_26_22,1,B,2,0,B6,B6,-0.00524,N_5_20_F_A,N_5_20_F_A,F_A,N_5,N,5,Nitrate,20,F,A,Y5B35,1B,Y5B35_exp1B,160,62,0
22,7_26_22,1,B,2,1,B6,B6,-0.00243,N_5_20_F_A,N_5_20_F_A,F_A,N_5,N,5,Nitrate,20,F,A,Y5B36,1B,Y5B36_exp1B,169,62,0
22,08_15_22,2,A,2,0,B6,B6,-0.00193,N_5_20_F_A,N_5_20_F_A,F_A,N_5,N,5,Nitrate,20,F,A,Y3B26,2A,Y3B26_exp2A,199,93,0
23,08_15_22,2,A,2,1,C6,C6,-0.00416,N_5_20_F_A,N_5_20_F_A,F_A,N_5,N,5,Nitrate,20,F,A,Y3B27,2A,Y3B27_exp2A,226,93,0
22,08_20_22,2,B,2,0,B6,B6,-0.00349,N_5_20_F_A,N_5_20_F_A,F_A,N_5,N,5,Nitrate,20,F,A,Y1B5,2B,Y1B5_exp2B,159,121,0
23,08_20_22,2,B,2,1,C6,C6,-0.00154,N_5_20_F_A,N_5_20_F_A,F_A,N_5,N,5,Nitrate,20,F,A,Y1B8,2B,Y1B8_exp2B,192,121,0
22,09_05_22,3,B,2,0,B6,B6,-0.00373,N_5_20_F_A,N_5_20_F_A,F_A,N_5,N,5,Nitrate,20,F,A,O12Y1,3B,O12Y1_exp3B,238,164,0
23,09_05_22,3,B,2,1,C6,C6,-0.00434,N_5_20_F_A,N_5_20_F_A,F_A,N_5,N,5,Nitrate,20,F,A,O12Y2,3B,O12Y2_exp3B,242,164,0
23,7_26_22,1,A,2,0,C6,C6,-0.00462,N_5_20_F_S,N_5_20_F_S,F_S,N_5,N,5,Nitrate,20,F,S,Y1B10,1A,Y1B10_exp1A,142,25,0
23,7_26_22,1,A,2,1,C6,C6,-0.00391,N_5_20_F_S,N_5_20_F_S,F_S,N_5,N,5,Nitrate,20,F,S,Y1B12,1A,Y1B12_exp1A,153,25,0
23,7_26_22,1,B,2,0,C6,C6,-0.00654,N_5_20_F_S,N_5_20_F_S,F_S,N_5,N,5,Nitrate,20,F,S,Y5B38,1B,Y5B38_exp1B,161,62,0
23,7_26_22,1,B,2,1,C6,C6,-0.00484,N_5_20_F_S,N_5_20_F_S,F_S,N_5,N,5,Nitrate,20,F,S,Y5B39,1B,Y5B39_exp1B,171,62,0
23,08_15_22,2,A,2,0,C6,C6,-0.00213,N_5_20_F_S,N_5_20_F_S,F_S,N_5,N,5,Nitrate,20,F,S,Y3B28,2A,Y3B28_exp2A,185,93,0
24,08_15_22,2,A,2,1,D6,D6,-0.00519,N_5_20_F_S,N_5_20_F_S,F_S,N_5,N,5,Nitrate,20,F,S,Y3B29,2A,Y3B29_exp2A,206,93,0
23,08_20_22,2,B,2,0,C6,C6,-0.00439,N_5_20_F_S,N_5_20_F_S,F_S,N_5,N,5,Nitrate,20,F,S,Y1B10,2B,Y1B10_exp2B,171,121,0
24,08_20_22,2,B,2,1,D6,D6,-0.00248,N_5_20_F_S,N_5_20_F_S,F_S,N_5,N,5,Nitrate,20,F,S,Y1B12,2B,Y1B12_exp2B,223,121,0
23,09_05_22,3,B,2,0,C6,C6,-0.0023,N_5_20_F_S,N_5_20_F_S,F_S,N_5,N,5,Nitrate,20,F,S,O12Y4,3B,O12Y4_exp3B,246,164,0
24,09_05_22,3,B,2,1,D6,D6,NA,N_5_20_F_S,N_5_20_F_S,F_S,N_5,N,5,Nitrate,20,F,S,O12Y5,3B,O12Y5_exp3B,256,164,0
24,7_26_22,1,A,2,1,D6,D6,NA,N_5_20_S_A,N_5_20_S_A,S_A,N_5,N,5,Nitrate,20,S,A,Y10B50,1A,Y10B50_exp1A,168,26,0
24,7_26_22,1,A,2,0,D6,D6,-0.00585,N_5_20_S_A,N_5_20_S_A,S_A,N_5,N,5,Nitrate,20,S,A,Y10B51,1A,Y10B51_exp1A,150,26,0
24,7_26_22,1,B,2,0,D6,D6,-0.00815,N_5_20_S_A,N_5_20_S_A,S_A,N_5,N,5,Nitrate,20,S,A,Y13B70,1B,Y13B70_exp1B,166,57,0
24,7_26_22,1,B,2,1,D6,D6,-0.00572,N_5_20_S_A,N_5_20_S_A,S_A,N_5,N,5,Nitrate,20,S,A,Y13B72,1B,Y13B72_exp1B,184,57,0
24,08_15_22,2,A,2,0,D6,D6,-0.0031,N_5_20_S_A,N_5_20_S_A,S_A,N_5,N,5,Nitrate,20,S,A,Y4B30,2A,Y4B30_exp2A,187,94,0
3,08_15_22,2,A,3,1,C1,C1,-0.00308,N_5_20_S_A,N_5_20_S_A,S_A,N_5,N,5,Nitrate,20,S,A,Y4B31,2A,Y4B31_exp2A,204,94,0
24,08_20_22,2,B,2,0,D6,D6,-0.00245,N_5_20_S_A,N_5_20_S_A,S_A,N_5,N,5,Nitrate,20,S,A,Y5B35,2B,Y5B35_exp2B,169,128,0
3,08_20_22,2,B,3,1,C1,C1,-0.00664,N_5_20_S_A,N_5_20_S_A,S_A,N_5,N,5,Nitrate,20,S,A,Y5B36,2B,Y5B36_exp2B,209,128,0
24,09_05_22,3,B,2,0,D6,D6,-0.00635,N_5_20_S_A,N_5_20_S_A,S_A,N_5,N,5,Nitrate,20,S,A,O13Y7,3B,O13Y7_exp3B,238,165,0
3,09_05_22,3,B,3,1,C1,C1,-0.0064,N_5_20_S_A,N_5_20_S_A,S_A,N_5,N,5,Nitrate,20,S,A,O13Y8,3B,O13Y8_exp3B,244,165,0
4,7_26_22,1,A,3,0,D1,D1,-0.00347,N_5_20_S_S,N_5_20_S_S,S_S,N_5,N,5,Nitrate,20,S,S,Y10B53,1A,Y10B53_exp1A,154,26,0
4,7_26_22,1,A,3,1,D1,D1,-0.00616,N_5_20_S_S,N_5_20_S_S,S_S,N_5,N,5,Nitrate,20,S,S,Y10B54,1A,Y10B54_exp1A,157,26,0
4,7_26_22,1,B,3,0,D1,D1,-0.00357,N_5_20_S_S,N_5_20_S_S,S_S,N_5,N,5,Nitrate,20,S,S,Y13B73,1B,Y13B73_exp1B,164,57,0
4,7_26_22,1,B,3,1,D1,D1,-0.00353,N_5_20_S_S,N_5_20_S_S,S_S,N_5,N,5,Nitrate,20,S,S,Y13B74,1B,Y13B74_exp1B,172,57,0
4,08_15_22,2,A,3,0,D1,D1,-0.00333,N_5_20_S_S,N_5_20_S_S,S_S,N_5,N,5,Nitrate,20,S,S,Y4B33,2A,Y4B33_exp2A,186,94,0
4,08_15_22,2,A,3,1,D1,D1,-0.00551,N_5_20_S_S,N_5_20_S_S,S_S,N_5,N,5,Nitrate,20,S,S,Y4B34,2A,Y4B34_exp2A,208,94,0
4,08_20_22,2,B,3,0,D1,D1,-0.0044,N_5_20_S_S,N_5_20_S_S,S_S,N_5,N,5,Nitrate,20,S,S,Y5B37,2B,Y5B37_exp2B,186,128,0
4,08_20_22,2,B,3,1,D1,D1,-0.00634,N_5_20_S_S,N_5_20_S_S,S_S,N_5,N,5,Nitrate,20,S,S,Y5B39,2B,Y5B39_exp2B,225,128,0
4,09_05_22,3,B,3,0,D1,D1,-0.00717,N_5_20_S_S,N_5_20_S_S,S_S,N_5,N,5,Nitrate,20,S,S,O13Y10,3B,O13Y10_exp3B,249,165,0
4,09_05_22,3,B,3,1,D1,D1,-0.00498,N_5_20_S_S,N_5_20_S_S,S_S,N_5,N,5,Nitrate,20,S,S,O13Y11,3B,O13Y11_exp3B,252,165,0
5,7_26_22,1,A,3,1,A2,A2,-0.00357,N_5_30_F_A,N_5_30_F_A,F_A,N_5,N,5,Nitrate,30,F,A,Y2B13,1A,Y2B13_exp1A,168,31,0
5,7_26_22,1,A,3,0,A2,A2,-0.00332,N_5_30_F_A,N_5_30_F_A,F_A,N_5,N,5,Nitrate,30,F,A,Y2B14,1A,Y2B14_exp1A,150,31,0
5,7_26_22,1,B,3,0,A2,A2,-0.00392,N_5_30_F_A,N_5_30_F_A,F_A,N_5,N,5,Nitrate,30,F,A,Y7B40,1B,Y7B40_exp1B,165,63,0
5,7_26_22,1,B,3,1,A2,A2,-0.00584,N_5_30_F_A,N_5_30_F_A,F_A,N_5,N,5,Nitrate,30,F,A,Y7B41,1B,Y7B41_exp1B,170,63,0
5,08_15_22,2,A,3,0,A2,A2,-0.00155,N_5_30_F_A,N_5_30_F_A,F_A,N_5,N,5,Nitrate,30,F,A,Y12B62,2A,Y12B62_exp2A,186,89,0
5,08_20_22,2,B,3,0,A2,A2,-0.00284,N_5_30_F_A,N_5_30_F_A,F_A,N_5,N,5,Nitrate,30,F,A,Y14B75,2B,Y14B75_exp2B,168,124,0
5,08_20_22,2,B,3,1,A2,A2,-0.00258,N_5_30_F_A,N_5_30_F_A,F_A,N_5,N,5,Nitrate,30,F,A,Y14B76,2B,Y14B76_exp2B,197,124,0
5,09_01_22,3,A,3,0,A2,A2,-0.00402,N_5_30_F_A,N_5_30_F_A,F_A,N_5,N,5,Nitrate,30,F,A,Y8B46,3A,Y8B46_exp3A,237,160,0
5,09_01_22,3,A,3,1,A2,A2,-0.00628,N_5_30_F_A,N_5_30_F_A,F_A,N_5,N,5,Nitrate,30,F,A,Y8B47,3A,Y8B47_exp3A,237,160,0
5,09_05_22,3,B,3,0,A2,A2,-0.00666,N_5_30_F_A,N_5_30_F_A,F_A,N_5,N,5,Nitrate,30,F,A,W11O46,3B,W11O46_exp3B,238,179,0
5,09_05_22,3,B,3,1,A2,A2,-0.00402,N_5_30_F_A,N_5_30_F_A,F_A,N_5,N,5,Nitrate,30,F,A,W11O47,3B,W11O47_exp3B,242,179,0
6,7_26_22,1,A,3,0,B2,B2,-0.00354,N_5_30_F_S,N_5_30_F_S,F_S,N_5,N,5,Nitrate,30,F,S,Y2B22,1A,Y2B22_exp1A,149,31,0
6,7_26_22,1,A,3,1,B2,B2,-0.00456,N_5_30_F_S,N_5_30_F_S,F_S,N_5,N,5,Nitrate,30,F,S,Y2B24,1A,Y2B24_exp1A,153,31,0
6,7_26_22,1,B,3,0,B2,B2,-0.00401,N_5_30_F_S,N_5_30_F_S,F_S,N_5,N,5,Nitrate,30,F,S,Y7B43,1B,Y7B43_exp1B,163,63,0
6,7_26_22,1,B,3,1,B2,B2,-0.00505,N_5_30_F_S,N_5_30_F_S,F_S,N_5,N,5,Nitrate,30,F,S,Y7B44,1B,Y7B44_exp1B,171,63,0
6,08_15_22,2,A,3,0,B2,B2,-0.00139,N_5_30_F_S,N_5_30_F_S,F_S,N_5,N,5,Nitrate,30,F,S,Y12B65,2A,Y12B65_exp2A,192,89,0
6,08_15_22,2,A,3,1,B2,B2,-0.00654,N_5_30_F_S,N_5_30_F_S,F_S,N_5,N,5,Nitrate,30,F,S,Y12B67,2A,Y12B67_exp2A,207,89,0
6,08_20_22,2,B,3,0,B2,B2,-0.00621,N_5_30_F_S,N_5_30_F_S,F_S,N_5,N,5,Nitrate,30,F,S,Y14B77,2B,Y14B77_exp2B,175,124,0
6,08_20_22,2,B,3,1,B2,B2,-0.003,N_5_30_F_S,N_5_30_F_S,F_S,N_5,N,5,Nitrate,30,F,S,Y14B79,2B,Y14B79_exp2B,223,124,0
6,09_01_22,3,A,3,0,B2,B2,-0.00419,N_5_30_F_S,N_5_30_F_S,F_S,N_5,N,5,Nitrate,30,F,S,Y8B48,3A,Y8B48_exp3A,239,160,0
6,09_01_22,3,A,3,1,B2,B2,-0.00435,N_5_30_F_S,N_5_30_F_S,F_S,N_5,N,5,Nitrate,30,F,S,Y8B49,3A,Y8B49_exp3A,240,160,0
6,09_05_22,3,B,3,0,B2,B2,-0.00421,N_5_30_F_S,N_5_30_F_S,F_S,N_5,N,5,Nitrate,30,F,S,W11O48,3B,W11O48_exp3B,251,179,0
6,09_05_22,3,B,3,1,B2,B2,-0.00472,N_5_30_F_S,N_5_30_F_S,F_S,N_5,N,5,Nitrate,30,F,S,W11O49,3B,W11O49_exp3B,246,179,0
7,7_26_22,1,A,3,1,C2,C2,-0.00466,N_5_30_S_A,N_5_30_S_A,S_A,N_5,N,5,Nitrate,30,S,A,Y14B75,1A,Y14B75_exp1A,162,28,0
7,7_26_22,1,A,3,0,C2,C2,-0.0058,N_5_30_S_A,N_5_30_S_A,S_A,N_5,N,5,Nitrate,30,S,A,Y14B76,1A,Y14B76_exp1A,151,28,0
7,7_26_22,1,B,3,0,C2,C2,-0.00273,N_5_30_S_A,N_5_30_S_A,S_A,N_5,N,5,Nitrate,30,S,A,Y8B46,1B,Y8B46_exp1B,171,64,0
7,7_26_22,1,B,3,1,C2,C2,-0.0041,N_5_30_S_A,N_5_30_S_A,S_A,N_5,N,5,Nitrate,30,S,A,Y8B47,1B,Y8B47_exp1B,184,64,0
7,08_15_22,2,A,3,0,C2,C2,-0.00136,N_5_30_S_A,N_5_30_S_A,S_A,N_5,N,5,Nitrate,30,S,A,Y13B70,2A,Y13B70_exp2A,194,90,0
7,08_15_22,2,A,3,1,C2,C2,-0.00229,N_5_30_S_A,N_5_30_S_A,S_A,N_5,N,5,Nitrate,30,S,A,Y13B72,2A,Y13B72_exp2A,231,90,0
7,08_20_22,2,B,3,0,C2,C2,-0.00494,N_5_30_S_A,N_5_30_S_A,S_A,N_5,N,5,Nitrate,30,S,A,Y15B80,2B,Y15B80_exp2B,170,125,0
7,08_20_22,2,B,3,1,C2,C2,-0.00394,N_5_30_S_A,N_5_30_S_A,S_A,N_5,N,5,Nitrate,30,S,A,Y15B82,2B,Y15B82_exp2B,212,125,0
7,09_01_22,3,A,3,0,C2,C2,-0.00208,N_5_30_S_A,N_5_30_S_A,S_A,N_5,N,5,Nitrate,30,S,A,Y12B62,3A,Y12B62_exp3A,232,153,0
7,09_01_22,3,A,3,1,C2,C2,-0.00357,N_5_30_S_A,N_5_30_S_A,S_A,N_5,N,5,Nitrate,30,S,A,Y12B63,3A,Y12B63_exp3A,237,153,0
7,09_05_22,3,B,3,0,C2,C2,-0.00768,N_5_30_S_A,N_5_30_S_A,S_A,N_5,N,5,Nitrate,30,S,A,W12O51,3B,W12O51_exp3B,241,180,0
7,09_05_22,3,B,3,1,C2,C2,-0.00794,N_5_30_S_A,N_5_30_S_A,S_A,N_5,N,5,Nitrate,30,S,A,W12O52,3B,W12O52_exp3B,244,180,0
8,7_26_22,1,A,3,0,D2,D2,-0.00237,N_5_30_S_S,N_5_30_S_S,S_S,N_5,N,5,Nitrate,30,S,S,Y14B77,1A,Y14B77_exp1A,152,28,0
8,7_26_22,1,A,3,1,D2,D2,-0.00367,N_5_30_S_S,N_5_30_S_S,S_S,N_5,N,5,Nitrate,30,S,S,Y14B78,1A,Y14B78_exp1A,155,28,0
8,7_26_22,1,B,3,0,D2,D2,-0.00393,N_5_30_S_S,N_5_30_S_S,S_S,N_5,N,5,Nitrate,30,S,S,Y8B48,1B,Y8B48_exp1B,166,64,0
8,7_26_22,1,B,3,1,D2,D2,-0.00425,N_5_30_S_S,N_5_30_S_S,S_S,N_5,N,5,Nitrate,30,S,S,Y8B49,1B,Y8B49_exp1B,173,64,0
8,08_15_22,2,A,3,0,D2,D2,-0.00267,N_5_30_S_S,N_5_30_S_S,S_S,N_5,N,5,Nitrate,30,S,S,Y13B73,2A,Y13B73_exp2A,193,90,0
8,08_15_22,2,A,3,1,D2,D2,-0.00496,N_5_30_S_S,N_5_30_S_S,S_S,N_5,N,5,Nitrate,30,S,S,Y13B74,2A,Y13B74_exp2A,218,90,0
8,08_20_22,2,B,3,0,D2,D2,-0.00408,N_5_30_S_S,N_5_30_S_S,S_S,N_5,N,5,Nitrate,30,S,S,Y15B83,2B,Y15B83_exp2B,189,125,0
8,09_01_22,3,A,3,0,D2,D2,-0.00512,N_5_30_S_S,N_5_30_S_S,S_S,N_5,N,5,Nitrate,30,S,S,Y12B65,3A,Y12B65_exp3A,239,153,0
8,09_01_22,3,A,3,1,D2,D2,-0.00487,N_5_30_S_S,N_5_30_S_S,S_S,N_5,N,5,Nitrate,30,S,S,Y12B67,3A,Y12B67_exp3A,241,153,0
8,09_05_22,3,B,3,0,D2,D2,-0.00552,N_5_30_S_S,N_5_30_S_S,S_S,N_5,N,5,Nitrate,30,S,S,W12O53,3B,W12O53_exp3B,247,180,0
8,09_05_22,3,B,3,1,D2,D2,-0.00402,N_5_30_S_S,N_5_30_S_S,S_S,N_5,N,5,Nitrate,30,S,S,W12O55,3B,W12O55_exp3B,243,180,0
17,7_26_22,1,A,3,0,A5,A5,-0.00265,N_18_20_F_A,N_18_20_F_A,F_A,N_18,N,18,Nitrate,20,F,A,R3W10,1A,R3W10_exp1A,150,19,0
17,7_26_22,1,A,3,1,A5,A5,-0.00378,N_18_20_F_A,N_18_20_F_A,F_A,N_18,N,18,Nitrate,20,F,A,R3W8,1A,R3W8_exp1A,168,19,0
17,7_26_22,1,B,3,0,A5,A5,-0.00568,N_18_20_F_A,N_18_20_F_A,F_A,N_18,N,18,Nitrate,20,F,A,R10W45,1B,R10W45_exp1B,163,49,0
17,7_26_22,1,B,3,1,A5,A5,-0.00288,N_18_20_F_A,N_18_20_F_A,F_A,N_18,N,18,Nitrate,20,F,A,R10W46,1B,R10W46_exp1B,169,49,0
17,08_15_22,2,A,3,0,A5,A5,-0.00261,N_18_20_F_A,N_18_20_F_A,F_A,N_18,N,18,Nitrate,20,F,A,R1W3,2A,R1W3_exp2A,174,81,0
17,08_20_22,2,B,3,0,A5,A5,-0.00422,N_18_20_F_A,N_18_20_F_A,F_A,N_18,N,18,Nitrate,20,F,A,R3W10,2B,R3W10_exp2B,194,115,0
17,08_20_22,2,B,3,1,A5,A5,-0.00971,N_18_20_F_A,N_18_20_F_A,F_A,N_18,N,18,Nitrate,20,F,A,R3W8,2B,R3W8_exp2B,159,115,0
18,7_26_22,1,A,3,0,B5,B5,-0.00661,N_18_20_F_S,N_18_20_F_S,F_S,N_18,N,18,Nitrate,20,F,S,R3W12,1A,R3W12_exp1A,147,19,0
18,7_26_22,1,A,3,1,B5,B5,-0.00492,N_18_20_F_S,N_18_20_F_S,F_S,N_18,N,18,Nitrate,20,F,S,R3W13,1A,R3W13_exp1A,153,19,0
18,7_26_22,1,B,3,0,B5,B5,-0.00462,N_18_20_F_S,N_18_20_F_S,F_S,N_18,N,18,Nitrate,20,F,S,R10W48,1B,R10W48_exp1B,161,49,0
18,7_26_22,1,B,3,1,B5,B5,-0.00652,N_18_20_F_S,N_18_20_F_S,F_S,N_18,N,18,Nitrate,20,F,S,R10W49,1B,R10W49_exp1B,171,49,0
18,08_15_22,2,A,3,0,B5,B5,-0.00321,N_18_20_F_S,N_18_20_F_S,F_S,N_18,N,18,Nitrate,20,F,S,R1W2,2A,R1W2_exp2A,206,81,0
18,08_15_22,2,A,3,1,B5,B5,-0.00384,N_18_20_F_S,N_18_20_F_S,F_S,N_18,N,18,Nitrate,20,F,S,R1W7,2A,R1W7_exp2A,185,81,0
18,08_20_22,2,B,3,0,B5,B5,-0.00533,N_18_20_F_S,N_18_20_F_S,F_S,N_18,N,18,Nitrate,20,F,S,R3W12,2B,R3W12_exp2B,205,115,0
18,08_20_22,2,B,3,1,B5,B5,-0.0046,N_18_20_F_S,N_18_20_F_S,F_S,N_18,N,18,Nitrate,20,F,S,R3W13,2B,R3W13_exp2B,223,115,0
19,7_26_22,1,A,3,0,C5,C5,-0.00419,N_18_20_S_A,N_18_20_S_A,S_A,N_18,N,18,Nitrate,20,S,A,R5W21,1A,R5W21_exp1A,162,21,0
19,7_26_22,1,A,3,1,C5,C5,-0.00533,N_18_20_S_A,N_18_20_S_A,S_A,N_18,N,18,Nitrate,20,S,A,R5W22,1A,R5W22_exp1A,151,21,0
19,7_26_22,1,B,3,0,C5,C5,-0.00233,N_18_20_S_A,N_18_20_S_A,S_A,N_18,N,18,Nitrate,20,S,A,R11W51,1B,R11W51_exp1B,171,50,0
19,7_26_22,1,B,3,1,C5,C5,-0.00439,N_18_20_S_A,N_18_20_S_A,S_A,N_18,N,18,Nitrate,20,S,A,R11W52,1B,R11W52_exp1B,184,50,0
19,08_15_22,2,A,3,0,C5,C5,-0.00224,N_18_20_S_A,N_18_20_S_A,S_A,N_18,N,18,Nitrate,20,S,A,R10W45,2A,R10W45_exp2A,192,82,0
19,08_15_22,2,A,3,1,C5,C5,-0.0036,N_18_20_S_A,N_18_20_S_A,S_A,N_18,N,18,Nitrate,20,S,A,R10W47,2A,R10W47_exp2A,228,82,0
19,08_20_22,2,B,3,0,C5,C5,-0.00411,N_18_20_S_A,N_18_20_S_A,S_A,N_18,N,18,Nitrate,20,S,A,R4W14,2B,R4W14_exp2B,170,116,0
19,08_20_22,2,B,3,1,C5,C5,-0.00752,N_18_20_S_A,N_18_20_S_A,S_A,N_18,N,18,Nitrate,20,S,A,R4W15,2B,R4W15_exp2B,210,116,0
20,7_26_22,1,A,3,0,D5,D5,-0.00531,N_18_20_S_S,N_18_20_S_S,S_S,N_18,N,18,Nitrate,20,S,S,R5W26,1A,R5W26_exp1A,154,21,0
20,7_26_22,1,A,3,1,D5,D5,-0.0065,N_18_20_S_S,N_18_20_S_S,S_S,N_18,N,18,Nitrate,20,S,S,R5W27,1A,R5W27_exp1A,157,21,0
20,7_26_22,1,B,3,0,D5,D5,-0.00468,N_18_20_S_S,N_18_20_S_S,S_S,N_18,N,18,Nitrate,20,S,S,R11W53,1B,R11W53_exp1B,164,50,0
20,7_26_22,1,B,3,1,D5,D5,-0.00564,N_18_20_S_S,N_18_20_S_S,S_S,N_18,N,18,Nitrate,20,S,S,R11W54,1B,R11W54_exp1B,172,50,0
20,08_15_22,2,A,3,0,D5,D5,-0.00295,N_18_20_S_S,N_18_20_S_S,S_S,N_18,N,18,Nitrate,20,S,S,R10W48,2A,R10W48_exp2A,193,82,0
20,08_15_22,2,A,3,1,D5,D5,-0.00205,N_18_20_S_S,N_18_20_S_S,S_S,N_18,N,18,Nitrate,20,S,S,R10W49,2A,R10W49_exp2A,208,82,0
20,08_20_22,2,B,3,0,D5,D5,-0.00626,N_18_20_S_S,N_18_20_S_S,S_S,N_18,N,18,Nitrate,20,S,S,R4W17,2B,R4W17_exp2B,188,116,0
20,08_20_22,2,B,3,1,D5,D5,-0.00797,N_18_20_S_S,N_18_20_S_S,S_S,N_18,N,18,Nitrate,20,S,S,R4W34,2B,R4W34_exp2B,225,116,0
21,7_26_22,1,A,3,1,A6,A6,-0.00411,N_18_30_F_A,N_18_30_F_A,F_A,N_18,N,18,Nitrate,30,F,A,R4W14,1A,R4W14_exp1A,168,20,0
21,7_26_22,1,A,3,0,A6,A6,-0.00183,N_18_30_F_A,N_18_30_F_A,F_A,N_18,N,18,Nitrate,30,F,A,R4W15,1A,R4W15_exp1A,150,20,0
21,7_26_22,1,B,3,0,A6,A6,-0.00414,N_18_30_F_A,N_18_30_F_A,F_A,N_18,N,18,Nitrate,30,F,A,R21W94,1B,R21W94_exp1B,166,55,0
21,7_26_22,1,B,3,1,A6,A6,-0.0043,N_18_30_F_A,N_18_30_F_A,F_A,N_18,N,18,Nitrate,30,F,A,R21W97,1B,R21W97_exp1B,184,55,0
21,08_15_22,2,A,3,0,A6,A6,-0.00214,N_18_30_F_A,N_18_30_F_A,F_A,N_18,N,18,Nitrate,30,F,A,R14W71,2A,R14W71_exp2A,202,85,0
21,08_15_22,2,A,3,1,A6,A6,-0.00454,N_18_30_F_A,N_18_30_F_A,F_A,N_18,N,18,Nitrate,30,F,A,R14W72,2A,R14W72_exp2A,228,85,0
21,08_20_22,2,B,3,1,A6,A6,-0.0075,N_18_30_F_A,N_18_30_F_A,F_A,N_18,N,18,Nitrate,30,F,A,R7W36,2B,R7W36_exp2B,201,119,0
21,09_01_22,3,A,3,0,A6,A6,-0.00326,N_18_30_F_A,N_18_30_F_A,F_A,N_18,N,18,Nitrate,30,F,A,R14W70,3A,R14W70_exp3A,227,149,0
21,09_01_22,3,A,3,1,A6,A6,-0.00502,N_18_30_F_A,N_18_30_F_A,F_A,N_18,N,18,Nitrate,30,F,A,R14W71,3A,R14W71_exp3A,237,149,0
21,09_05_22,3,B,3,0,A6,A6,-0.00938,N_18_30_F_A,N_18_30_F_A,F_A,N_18,N,18,Nitrate,30,F,A,W15O67,3B,W15O67_exp3B,238,183,0
21,09_05_22,3,B,3,1,A6,A6,-0.00694,N_18_30_F_A,N_18_30_F_A,F_A,N_18,N,18,Nitrate,30,F,A,W15O69,3B,W15O69_exp3B,242,183,0
22,7_26_22,1,A,3,0,B6,B6,-0.00539,N_18_30_F_S,N_18_30_F_S,F_S,N_18,N,18,Nitrate,30,F,S,R4W17,1A,R4W17_exp1A,142,20,0
22,7_26_22,1,A,3,1,B6,B6,-0.00551,N_18_30_F_S,N_18_30_F_S,F_S,N_18,N,18,Nitrate,30,F,S,R4W34,1A,R4W34_exp1A,153,20,0
22,7_26_22,1,B,3,0,B6,B6,-0.00329,N_18_30_F_S,N_18_30_F_S,F_S,N_18,N,18,Nitrate,30,F,S,R21W100,1B,R21W100_exp1B,163,55,0
22,7_26_22,1,B,3,1,B6,B6,-0.00452,N_18_30_F_S,N_18_30_F_S,F_S,N_18,N,18,Nitrate,30,F,S,R21W55,1B,R21W55_exp1B,171,55,0
22,08_15_22,2,A,3,0,B6,B6,-0.00155,N_18_30_F_S,N_18_30_F_S,F_S,N_18,N,18,Nitrate,30,F,S,R14W73,2A,R14W73_exp2A,193,85,0
22,08_15_22,2,A,3,1,B6,B6,-0.00291,N_18_30_F_S,N_18_30_F_S,F_S,N_18,N,18,Nitrate,30,F,S,R14W74,2A,R14W74_exp2A,207,85,0
22,08_20_22,2,B,3,0,B6,B6,-0.00662,N_18_30_F_S,N_18_30_F_S,F_S,N_18,N,18,Nitrate,30,F,S,R7W37,2B,R7W37_exp2B,175,119,0
22,08_20_22,2,B,3,1,B6,B6,-0.00493,N_18_30_F_S,N_18_30_F_S,F_S,N_18,N,18,Nitrate,30,F,S,R7W38,2B,R7W38_exp2B,207,119,0
22,09_01_22,3,A,3,0,B6,B6,-0.00229,N_18_30_F_S,N_18_30_F_S,F_S,N_18,N,18,Nitrate,30,F,S,R14W73,3A,R14W73_exp3A,239,149,0
22,09_01_22,3,A,3,1,B6,B6,-0.00545,N_18_30_F_S,N_18_30_F_S,F_S,N_18,N,18,Nitrate,30,F,S,R14W74,3A,R14W74_exp3A,240,149,0
22,09_05_22,3,B,3,1,B6,B6,-0.00587,N_18_30_F_S,N_18_30_F_S,F_S,N_18,N,18,Nitrate,30,F,S,W15O71,3B,W15O71_exp3B,246,183,0
23,7_26_22,1,A,3,1,C6,C6,-0.00566,N_18_30_S_A,N_18_30_S_A,S_A,N_18,N,18,Nitrate,30,S,A,R6W28,1A,R6W28_exp1A,163,22,0
23,7_26_22,1,A,3,0,C6,C6,-0.00434,N_18_30_S_A,N_18_30_S_A,S_A,N_18,N,18,Nitrate,30,S,A,R6W29,1A,R6W29_exp1A,151,22,0
23,7_26_22,1,B,3,1,C6,C6,-0.00306,N_18_30_S_A,N_18_30_S_A,S_A,N_18,N,18,Nitrate,30,S,A,R17W83,1B,R17W83_exp1B,184,54,0
23,08_15_22,2,A,3,0,C6,C6,-0.00328,N_18_30_S_A,N_18_30_S_A,S_A,N_18,N,18,Nitrate,30,S,A,R15W75,2A,R15W75_exp2A,194,86,0
23,08_15_22,2,A,3,1,C6,C6,-0.00374,N_18_30_S_A,N_18_30_S_A,S_A,N_18,N,18,Nitrate,30,S,A,R15W77,2A,R15W77_exp2A,231,86,0
23,08_20_22,2,B,3,0,C6,C6,-0.00519,N_18_30_S_A,N_18_30_S_A,S_A,N_18,N,18,Nitrate,30,S,A,R8W40,2B,R8W40_exp2B,170,120,0
23,08_20_22,2,B,3,1,C6,C6,-0.00515,N_18_30_S_A,N_18_30_S_A,S_A,N_18,N,18,Nitrate,30,S,A,R8W41,2B,R8W41_exp2B,212,120,0
23,09_01_22,3,A,3,0,C6,C6,-0.00268,N_18_30_S_A,N_18_30_S_A,S_A,N_18,N,18,Nitrate,30,S,A,R15W76,3A,R15W76_exp3A,237,150,0
23,09_01_22,3,A,3,1,C6,C6,-0.00294,N_18_30_S_A,N_18_30_S_A,S_A,N_18,N,18,Nitrate,30,S,A,R15W77,3A,R15W77_exp3A,237,150,0
23,09_05_22,3,B,3,0,C6,C6,-0.00668,N_18_30_S_A,N_18_30_S_A,S_A,N_18,N,18,Nitrate,30,S,A,W16O73,3B,W16O73_exp3B,241,184,0
23,09_05_22,3,B,3,1,C6,C6,-0.00886,N_18_30_S_A,N_18_30_S_A,S_A,N_18,N,18,Nitrate,30,S,A,W16O74,3B,W16O74_exp3B,244,184,0
24,7_26_22,1,A,3,0,D6,D6,-0.00423,N_18_30_S_S,N_18_30_S_S,S_S,N_18,N,18,Nitrate,30,S,S,R6W30,1A,R6W30_exp1A,152,22,0
24,7_26_22,1,A,3,1,D6,D6,-0.00451,N_18_30_S_S,N_18_30_S_S,S_S,N_18,N,18,Nitrate,30,S,S,R6W31,1A,R6W31_exp1A,155,22,0
24,7_26_22,1,B,3,0,D6,D6,NA,N_18_30_S_S,N_18_30_S_S,S_S,N_18,N,18,Nitrate,30,S,S,R17W84,1B,R17W84_exp1B,166,54,0
24,7_26_22,1,B,3,1,D6,D6,-0.00277,N_18_30_S_S,N_18_30_S_S,S_S,N_18,N,18,Nitrate,30,S,S,R17W85,1B,R17W85_exp1B,173,54,0
24,08_15_22,2,A,3,0,D6,D6,-0.00191,N_18_30_S_S,N_18_30_S_S,S_S,N_18,N,18,Nitrate,30,S,S,R15W78,2A,R15W78_exp2A,193,86,0
24,08_15_22,2,A,3,1,D6,D6,-0.00338,N_18_30_S_S,N_18_30_S_S,S_S,N_18,N,18,Nitrate,30,S,S,R15W79,2A,R15W79_exp2A,218,86,0
24,08_20_22,2,B,3,0,D6,D6,-0.0097,N_18_30_S_S,N_18_30_S_S,S_S,N_18,N,18,Nitrate,30,S,S,R8W43,2B,R8W43_exp2B,209,120,0
24,08_20_22,2,B,3,1,D6,D6,-0.00322,N_18_30_S_S,N_18_30_S_S,S_S,N_18,N,18,Nitrate,30,S,S,R8W44,2B,R8W44_exp2B,226,120,0
24,09_01_22,3,A,3,0,D6,D6,-0.00574,N_18_30_S_S,N_18_30_S_S,S_S,N_18,N,18,Nitrate,30,S,S,R15W78,3A,R15W78_exp3A,239,150,0
24,09_01_22,3,A,3,1,D6,D6,-0.00414,N_18_30_S_S,N_18_30_S_S,S_S,N_18,N,18,Nitrate,30,S,S,R15W79,3A,R15W79_exp3A,241,150,0
24,09_05_22,3,B,3,0,D6,D6,NA,N_18_30_S_S,N_18_30_S_S,S_S,N_18,N,18,Nitrate,30,S,S,W16O75,3B,W16O75_exp3B,247,184,0
24,09_05_22,3,B,3,1,D6,D6,NA,N_18_30_S_S,N_18_30_S_S,S_S,N_18,N,18,Nitrate,30,S,S,W16O77,3B,W16O77_exp3B,243,184,0
4,7_26_22,1,A,1,1,D1,D1,-0.00499,"A_0_20_F_A
","CNTRL_0_20_F_A
",F_A,CNTRL_0,CNTRL,0,Control,20,F,A,B24G38,1A,B24G38_exp1A,152,3,0
3,7_26_22,1,A,1,0,C1,C1,-0.00299,"A_0_20_F_A
","CNTRL_0_20_F_A
",F_A,CNTRL_0,CNTRL,0,Control,20,F,A,B24G39,1A,B24G39_exp1A,152,3,0
3,7_26_22,1,B,1,0,C1,C1,-0.00293,"A_0_20_F_A
","CNTRL_0_20_F_A
",F_A,CNTRL_0,CNTRL,0,Control,20,F,A,B26G49,1B,B26G49_exp1B,178,37,0
4,7_26_22,1,B,1,1,D1,D1,-0.00152,"A_0_20_F_A
","CNTRL_0_20_F_A
",F_A,CNTRL_0,CNTRL,0,Control,20,F,A,B26G50,1B,B26G50_exp1B,184,37,0
3,08_15_22,2,A,1,0,C1,C1,-0.00501,"A_0_20_F_A
","CNTRL_0_20_F_A
",F_A,CNTRL_0,CNTRL,0,Control,20,F,A,B23G33,2A,B23G33_exp2A,194,67,0
4,08_15_22,2,A,1,1,D1,D1,-0.00663,"A_0_20_F_A
","CNTRL_0_20_F_A
",F_A,CNTRL_0,CNTRL,0,Control,20,F,A,B23G35,2A,B23G35_exp2A,231,67,0
3,08_20_22,2,B,1,0,C1,C1,-0.00593,"A_0_20_F_A
","CNTRL_0_20_F_A
",F_A,CNTRL_0,CNTRL,0,Control,20,F,A,B27G53,2B,B27G53_exp2B,170,99,0
4,08_20_22,2,B,1,1,D1,D1,-0.00418,"A_0_20_F_A
","CNTRL_0_20_F_A
",F_A,CNTRL_0,CNTRL,0,Control,20,F,A,B27G54,2B,B27G54_exp2B,212,99,0
3,09_01_22,3,A,1,0,C1,C1,-0.00535,"A_0_20_F_A
","CNTRL_0_20_F_A
",F_A,CNTRL_0,CNTRL,0,Control,20,F,A,B23G34,3A,B23G34_exp3A,237,131,0
4,09_01_22,3,A,1,1,D1,D1,-0.0038,"A_0_20_F_A
","CNTRL_0_20_F_A
",F_A,CNTRL_0,CNTRL,0,Control,20,F,A,B23G35,3A,B23G35_exp3A,237,131,0
3,09_05_22,3,B,1,0,C1,C1,-0.0044,"A_0_20_F_A
","CNTRL_0_20_F_A
",F_A,CNTRL_0,CNTRL,0,Control,20,F,A,O3B13,3B,O3B13_exp3B,242,173,0
4,09_05_22,3,B,1,1,D1,D1,-0.0051,"A_0_20_F_A
","CNTRL_0_20_F_A
",F_A,CNTRL_0,CNTRL,0,Control,20,F,A,O3B14,3B,O3B14_exp3B,244,173,0
4,7_26_22,1,A,1,0,D1,D1,-0.00184,A_0_20_F_S,CNTRL_0_20_F_S,F_S,CNTRL_0,CNTRL,0,Control,20,F,S,B24G40,1A,B24G40_exp1A,143,3,0
5,7_26_22,1,A,1,1,A2,A2,-0.00385,A_0_20_F_S,CNTRL_0_20_F_S,F_S,CNTRL_0,CNTRL,0,Control,20,F,S,B24G42,1A,B24G42_exp1A,155,3,0
4,7_26_22,1,B,1,0,D1,D1,-0.00185,A_0_20_F_S,CNTRL_0_20_F_S,F_S,CNTRL_0,CNTRL,0,Control,20,F,S,B26G51,1B,B26G51_exp1B,166,37,0
5,7_26_22,1,B,1,1,A2,A2,-0.00201,A_0_20_F_S,CNTRL_0_20_F_S,F_S,CNTRL_0,CNTRL,0,Control,20,F,S,B26G52,1B,B26G52_exp1B,173,37,0
4,08_15_22,2,A,1,0,D1,D1,-0.00594,A_0_20_F_S,CNTRL_0_20_F_S,F_S,CNTRL_0,CNTRL,0,Control,20,F,S,B23G36,2A,B23G36_exp2A,193,67,0
5,08_15_22,2,A,1,1,A2,A2,-0.00696,A_0_20_F_S,CNTRL_0_20_F_S,F_S,CNTRL_0,CNTRL,0,Control,20,F,S,B23G37,2A,B23G37_exp2A,220,67,0
4,08_20_22,2,B,1,0,D1,D1,-0.00282,A_0_20_F_S,CNTRL_0_20_F_S,F_S,CNTRL_0,CNTRL,0,Control,20,F,S,B27G56,2B,B27G56_exp2B,211,99,0
5,08_20_22,2,B,1,1,A2,A2,-0.00425,A_0_20_F_S,CNTRL_0_20_F_S,F_S,CNTRL_0,CNTRL,0,Control,20,F,S,B27G57,2B,B27G57_exp2B,226,99,0
5,09_01_22,3,A,1,1,A2,A2,-0.00414,A_0_20_F_S,CNTRL_0_20_F_S,F_S,CNTRL_0,CNTRL,0,Control,20,F,S,B23G37,3A,B23G37_exp3A,241,131,0
4,09_05_22,3,B,1,0,D1,D1,-0.00443,A_0_20_F_S,CNTRL_0_20_F_S,F_S,CNTRL_0,CNTRL,0,Control,20,F,S,O3B15,3B,O3B15_exp3B,247,173,0
5,09_05_22,3,B,1,1,A2,A2,-0.00325,A_0_20_F_S,CNTRL_0_20_F_S,F_S,CNTRL_0,CNTRL,0,Control,20,F,S,O3B17,3B,O3B17_exp3B,252,161,0
6,7_26_22,1,A,1,1,B2,B2,-0.00298,A_0_20_S_A,CNTRL_0_20_S_A,S_A,CNTRL_0,CNTRL,0,Control,20,S,A,B34G100,1A,B34G100_exp1A,146,8,0
5,7_26_22,1,A,1,0,A2,A2,-0.00265,A_0_20_S_A,CNTRL_0_20_S_A,S_A,CNTRL_0,CNTRL,0,Control,20,S,A,B34G97,1A,B34G97_exp1A,162,8,0
5,7_26_22,1,B,1,0,A2,A2,-0.00356,A_0_20_S_A,CNTRL_0_20_S_A,S_A,CNTRL_0,CNTRL,0,Control,20,S,A,B28G58,1B,B28G58_exp1B,168,38,0
6,7_26_22,1,B,1,1,B2,B2,-0.00107,A_0_20_S_A,CNTRL_0_20_S_A,S_A,CNTRL_0,CNTRL,0,Control,20,S,A,B28G60,1B,B28G60_exp1B,187,38,0
6,08_15_22,2,A,1,1,B2,B2,-0.00532,A_0_20_S_A,CNTRL_0_20_S_A,S_A,CNTRL_0,CNTRL,0,Control,20,S,A,B24G39,2A,B24G39_exp2A,210,68,0
5,08_20_22,2,B,1,0,A2,A2,-0.0042,A_0_20_S_A,CNTRL_0_20_S_A,S_A,CNTRL_0,CNTRL,0,Control,20,S,A,B30G72,2B,B30G72_exp2B,215,100,0
6,08_20_22,2,B,1,1,B2,B2,-0.00606,A_0_20_S_A,CNTRL_0_20_S_A,S_A,CNTRL_0,CNTRL,0,Control,20,S,A,B30G73,2B,B30G73_exp2B,171,100,0
5,09_01_22,3,A,1,0,A2,A2,-0.00293,A_0_20_S_A,CNTRL_0_20_S_A,S_A,CNTRL_0,CNTRL,0,Control,20,S,A,B24G38,3A,B24G38_exp3A,235,132,0
6,09_01_22,3,A,1,1,B2,B2,-0.00095,A_0_20_S_A,CNTRL_0_20_S_A,S_A,CNTRL_0,CNTRL,0,Control,20,S,A,B24G40,3A,B24G40_exp3A,237,132,0
5,09_05_22,3,B,1,0,A2,A2,-0.0041,A_0_20_S_A,CNTRL_0_20_S_A,S_A,CNTRL_0,CNTRL,0,Control,20,S,A,O4B21,3B,O4B21_exp3B,242,174,0
6,09_05_22,3,B,1,1,B2,B2,-0.00333,A_0_20_S_A,CNTRL_0_20_S_A,S_A,CNTRL_0,CNTRL,0,Control,20,S,A,O4B22,3B,O4B22_exp3B,247,174,0
6,7_26_22,1,A,1,0,B2,B2,-0.003,A_0_20_S_S,CNTRL_0_20_S_S,S_S,CNTRL_0,CNTRL,0,Control,20,S,S,B34G3106,1A,B34G3106_exp1A,144,8,0
7,7_26_22,1,A,1,1,C2,C2,-0.00378,A_0_20_S_S,CNTRL_0_20_S_S,S_S,CNTRL_0,CNTRL,0,Control,20,S,S,B34G3310,1A,B34G3310_exp1A,153,8,0
6,7_26_22,1,B,1,0,B2,B2,-0.00529,A_0_20_S_S,CNTRL_0_20_S_S,S_S,CNTRL_0,CNTRL,0,Control,20,S,S,B28G62,1B,B28G62_exp1B,167,38,0
7,7_26_22,1,B,1,1,C2,C2,-0.00348,A_0_20_S_S,CNTRL_0_20_S_S,S_S,CNTRL_0,CNTRL,0,Control,20,S,S,B28G63,1B,B28G63_exp1B,182,38,0
6,08_15_22,2,A,1,0,B2,B2,-0.00357,A_0_20_S_S,CNTRL_0_20_S_S,S_S,CNTRL_0,CNTRL,0,Control,20,S,S,B24G41,2A,B24G41_exp2A,201,68,0
7,08_15_22,2,A,1,1,C2,C2,-0.00631,A_0_20_S_S,CNTRL_0_20_S_S,S_S,CNTRL_0,CNTRL,0,Control,20,S,S,B24G42,2A,B24G42_exp2A,222,68,0
6,08_20_22,2,B,1,0,B2,B2,-0.00269,A_0_20_S_S,CNTRL_0_20_S_S,S_S,CNTRL_0,CNTRL,0,Control,20,S,S,B30G75,2B,B30G75_exp2B,217,100,0
7,08_20_22,2,B,1,1,C2,C2,-0.00376,A_0_20_S_S,CNTRL_0_20_S_S,S_S,CNTRL_0,CNTRL,0,Control,20,S,S,B30G76,2B,B30G76_exp2B,233,100,0
6,09_01_22,3,A,1,0,B2,B2,-0.00401,A_0_20_S_S,CNTRL_0_20_S_S,S_S,CNTRL_0,CNTRL,0,Control,20,S,S,B24G41,3A,B24G41_exp3A,240,132,0
7,09_01_22,3,A,1,1,C2,C2,-0.00472,A_0_20_S_S,CNTRL_0_20_S_S,S_S,CNTRL_0,CNTRL,0,Control,20,S,S,B24G42,3A,B24G42_exp3A,241,132,0
6,09_05_22,3,B,1,0,B2,B2,-0.00509,A_0_20_S_S,CNTRL_0_20_S_S,S_S,CNTRL_0,CNTRL,0,Control,20,S,S,O4B24,3B,O4B24_exp3B,254,174,0
7,09_05_22,3,B,1,1,C2,C2,-0.0069,A_0_20_S_S,CNTRL_0_20_S_S,S_S,CNTRL_0,CNTRL,0,Control,20,S,S,O4B25,3B,O4B25_exp3B,250,174,0
8,7_26_22,1,A,1,1,D2,D2,-0.00448,A_0_30_F_A,CNTRL_0_30_F_A,F_A,CNTRL_0,CNTRL,0,Control,30,F,A,B31G77,1A,B31G77_exp1A,160,6,0
7,7_26_22,1,A,1,0,C2,C2,-0.00086,A_0_30_F_A,CNTRL_0_30_F_A,F_A,CNTRL_0,CNTRL,0,Control,30,F,A,B31G78,1A,B31G78_exp1A,144,6,0
7,7_26_22,1,B,1,0,C2,C2,-0.00317,A_0_30_F_A,CNTRL_0_30_F_A,F_A,CNTRL_0,CNTRL,0,Control,30,F,A,B13G2,1B,B13G2_exp1B,167,33,0
8,7_26_22,1,B,1,1,D2,D2,-0.00234,A_0_30_F_A,CNTRL_0_30_F_A,F_A,CNTRL_0,CNTRL,0,Control,30,F,A,B13G8,1B,B13G8_exp1B,184,33,0
7,08_15_22,2,A,1,0,C2,C2,-0.00683,A_0_30_F_A,CNTRL_0_30_F_A,F_A,CNTRL_0,CNTRL,0,Control,30,F,A,B28G59,2A,B28G59_exp2A,210,71,0
8,08_15_22,2,A,1,1,D2,D2,-0.00321,A_0_30_F_A,CNTRL_0_30_F_A,F_A,CNTRL_0,CNTRL,0,Control,30,F,A,B28G60,2A,B28G60_exp2A,232,71,0
7,08_20_22,2,B,1,0,C2,C2,-0.0078,A_0_30_F_A,CNTRL_0_30_F_A,F_A,CNTRL_0,CNTRL,0,Control,30,F,A,B33G90,2B,B33G90_exp2B,170,103,0
8,08_20_22,2,B,1,1,D2,D2,-0.00379,A_0_30_F_A,CNTRL_0_30_F_A,F_A,CNTRL_0,CNTRL,0,Control,30,F,A,B33G92,2B,B33G92_exp2B,213,103,0
7,09_01_22,3,A,1,0,C2,C2,-0.00265,A_0_30_F_A,CNTRL_0_30_F_A,F_A,CNTRL_0,CNTRL,0,Control,30,F,A,B28G58,3A,B28G58_exp3A,235,135,0
8,09_01_22,3,A,1,1,D2,D2,-0.00402,A_0_30_F_A,CNTRL_0_30_F_A,F_A,CNTRL_0,CNTRL,0,Control,30,F,A,B28G60,3A,B28G60_exp3A,237,135,0
7,09_05_22,3,B,1,0,C2,C2,-0.00442,A_0_30_F_A,CNTRL_0_30_F_A,F_A,CNTRL_0,CNTRL,0,Control,30,F,A,W3O13,3B,W3O13_exp3B,242,188,0
8,09_05_22,3,B,1,1,D2,D2,-0.00624,A_0_30_F_A,CNTRL_0_30_F_A,F_A,CNTRL_0,CNTRL,0,Control,30,F,A,W3O14,3B,W3O14_exp3B,245,188,0
8,7_26_22,1,A,1,0,D2,D2,-0.00285,A_0_30_F_S,CNTRL_0_30_F_S,F_S,CNTRL_0,CNTRL,0,Control,30,F,S,B31G79,1A,B31G79_exp1A,144,6,0
9,7_26_22,1,A,1,1,A3,A3,-0.00579,A_0_30_F_S,CNTRL_0_30_F_S,F_S,CNTRL_0,CNTRL,0,Control,30,F,S,B31G82,1A,B31G82_exp1A,155,6,0
8,7_26_22,1,B,1,0,D2,D2,-0.00427,A_0_30_F_S,CNTRL_0_30_F_S,F_S,CNTRL_0,CNTRL,0,Control,30,F,S,B13G10,1B,B13G10_exp1B,167,33,0
9,7_26_22,1,B,1,1,A3,A3,-0.00264,A_0_30_F_S,CNTRL_0_30_F_S,F_S,CNTRL_0,CNTRL,0,Control,30,F,S,B13G13,1B,B13G13_exp1B,178,33,0
8,08_15_22,2,A,1,0,D2,D2,-0.00542,A_0_30_F_S,CNTRL_0_30_F_S,F_S,CNTRL_0,CNTRL,0,Control,30,F,S,B28G62,2A,B28G62_exp2A,198,71,0
9,08_15_22,2,A,1,1,A3,A3,-0.00326,A_0_30_F_S,CNTRL_0_30_F_S,F_S,CNTRL_0,CNTRL,0,Control,30,F,S,B28G63,2A,B28G63_exp2A,220,71,0
8,08_20_22,2,B,1,0,D2,D2,-0.00263,A_0_30_F_S,CNTRL_0_30_F_S,F_S,CNTRL_0,CNTRL,0,Control,30,F,S,B33G93,2B,B33G93_exp2B,196,103,0
9,08_20_22,2,B,1,1,A3,A3,-0.00502,A_0_30_F_S,CNTRL_0_30_F_S,F_S,CNTRL_0,CNTRL,0,Control,30,F,S,B33G95,2B,B33G95_exp2B,226,103,0
8,09_01_22,3,A,1,0,D2,D2,-0.00305,A_0_30_F_S,CNTRL_0_30_F_S,F_S,CNTRL_0,CNTRL,0,Control,30,F,S,B28G62,3A,B28G62_exp3A,240,135,0
9,09_01_22,3,A,1,1,A3,A3,-0.00801,A_0_30_F_S,CNTRL_0_30_F_S,F_S,CNTRL_0,CNTRL,0,Control,30,F,S,B28G63,3A,B28G63_exp3A,241,135,0
8,09_05_22,3,B,1,0,D2,D2,-0.00511,A_0_30_F_S,CNTRL_0_30_F_S,F_S,CNTRL_0,CNTRL,0,Control,30,F,S,W3O15,3B,W3O15_exp3B,248,188,0
9,09_05_22,3,B,1,1,A3,A3,-0.0032,A_0_30_F_S,CNTRL_0_30_F_S,F_S,CNTRL_0,CNTRL,0,Control,30,F,S,W3O17,3B,W3O17_exp3B,252,188,0
11,7_26_22,1,A,1,1,C3,C3,-0.00384,A_0_30_S_A,CNTRL_0_30_S_A,S_A,CNTRL_0,CNTRL,0,Control,30,S,A,B33G90,1A,B33G90_exp1A,155,7,0
10,7_26_22,1,A,1,0,B3,B3,-0.00177,A_0_30_S_A,CNTRL_0_30_S_A,S_A,CNTRL_0,CNTRL,0,Control,30,S,A,B33G92,1A,B33G92_exp1A,154,7,0
10,7_26_22,1,B,1,0,B3,B3,-0.00299,A_0_30_S_A,CNTRL_0_30_S_A,S_A,CNTRL_0,CNTRL,0,Control,30,S,A,B25G44,1B,B25G44_exp1B,181,36,0
11,7_26_22,1,B,1,1,C3,C3,-0.0011,A_0_30_S_A,CNTRL_0_30_S_A,S_A,CNTRL_0,CNTRL,0,Control,30,S,A,B25G45,1B,B25G45_exp1B,187,36,0
9,08_15_22,2,A,1,0,A3,A3,-0.00312,A_0_30_S_A,CNTRL_0_30_S_A,S_A,CNTRL_0,CNTRL,0,Control,30,S,A,B29G64,2A,B29G64_exp2A,198,72,0
10,08_15_22,2,A,1,1,B3,B3,-0.00297,A_0_30_S_A,CNTRL_0_30_S_A,S_A,CNTRL_0,CNTRL,0,Control,30,S,A,B29G65,2A,B29G65_exp2A,221,72,0
9,08_20_22,2,B,1,0,A3,A3,-0.00246,A_0_30_S_A,CNTRL_0_30_S_A,S_A,CNTRL_0,CNTRL,0,Control,30,S,A,B34G100,2B,B34G100_exp2B,224,104,0
10,08_20_22,2,B,1,1,B3,B3,-0.00586,A_0_30_S_A,CNTRL_0_30_S_A,S_A,CNTRL_0,CNTRL,0,Control,30,S,A,B34G97,2B,B34G97_exp2B,178,104,0
9,09_01_22,3,A,1,0,A3,A3,-0.00318,A_0_30_S_A,CNTRL_0_30_S_A,S_A,CNTRL_0,CNTRL,0,Control,30,S,A,B29G64,3A,B29G64_exp3A,237,136,0
10,09_01_22,3,A,1,1,B3,B3,-0.00455,A_0_30_S_A,CNTRL_0_30_S_A,S_A,CNTRL_0,CNTRL,0,Control,30,S,A,B29G65,3A,B29G65_exp3A,237,136,0
9,09_05_22,3,B,1,0,A3,A3,-0.00431,A_0_30_S_A,CNTRL_0_30_S_A,S_A,CNTRL_0,CNTRL,0,Control,30,S,A,W4O21,3B,W4O21_exp3B,242,189,0
10,09_05_22,3,B,1,1,B3,B3,-0.00448,A_0_30_S_A,CNTRL_0_30_S_A,S_A,CNTRL_0,CNTRL,0,Control,30,S,A,W4O22,3B,W4O22_exp3B,250,189,0
10,7_26_22,1,A,1,1,B3,B3,-0.00261,A_0_30_S_S,CNTRL_0_30_S_S,S_S,CNTRL_0,CNTRL,0,Control,30,S,S,B33G93,1A,B33G93_exp1A,144,7,0
9,7_26_22,1,A,1,0,A3,A3,-0.00826,A_0_30_S_S,CNTRL_0_30_S_S,S_S,CNTRL_0,CNTRL,0,Control,30,S,S,B33G95,1A,B33G95_exp1A,157,7,0
9,7_26_22,1,B,1,0,A3,A3,-0.00146,A_0_30_S_S,CNTRL_0_30_S_S,S_S,CNTRL_0,CNTRL,0,Control,30,S,S,B25G46,1B,B25G46_exp1B,167,36,0
10,7_26_22,1,B,1,1,B3,B3,-0.00439,A_0_30_S_S,CNTRL_0_30_S_S,S_S,CNTRL_0,CNTRL,0,Control,30,S,S,B25G47,1B,B25G47_exp1B,182,36,0
10,08_15_22,2,A,1,0,B3,B3,-0.00815,A_0_30_S_S,CNTRL_0_30_S_S,S_S,CNTRL_0,CNTRL,0,Control,30,S,S,B29G70,2A,B29G70_exp2A,205,72,0
10,08_20_22,2,B,1,0,B3,B3,-0.00248,A_0_30_S_S,CNTRL_0_30_S_S,S_S,CNTRL_0,CNTRL,0,Control,30,S,S,B34G3106,2B,B34G3106_exp2B,198,104,0
11,08_20_22,2,B,1,1,C3,C3,-0.00392,A_0_30_S_S,CNTRL_0_30_S_S,S_S,CNTRL_0,CNTRL,0,Control,30,S,S,B34G3409,2B,B34G3409_exp2B,233,104,0
10,09_01_22,3,A,1,0,B3,B3,-0.00558,A_0_30_S_S,CNTRL_0_30_S_S,S_S,CNTRL_0,CNTRL,0,Control,30,S,S,B29G70,3A,B29G70_exp3A,240,136,0
11,09_01_22,3,A,1,1,C3,C3,-0.00892,A_0_30_S_S,CNTRL_0_30_S_S,S_S,CNTRL_0,CNTRL,0,Control,30,S,S,B29G71,3A,B29G71_exp3A,241,136,0
10,09_05_22,3,B,1,0,B3,B3,-0.00352,A_0_30_S_S,CNTRL_0_30_S_S,S_S,CNTRL_0,CNTRL,0,Control,30,S,S,W4O23,3B,W4O23_exp3B,245,189,0
11,09_05_22,3,B,1,1,C3,C3,-0.00698,A_0_30_S_S,CNTRL_0_30_S_S,S_S,CNTRL_0,CNTRL,0,Control,30,S,S,W4O24,3B,W4O24_exp3B,255,189,0
9,7_26_22,1,A,3,1,A3,A3,-0.00437,A_10_20_F_A,A_10_20_F_A,F_A,A_10,A,10,Ammonium,20,F,A,R7W35,1A,R7W35_exp1A,153,23,0
9,7_26_22,1,A,3,0,A3,A3,-0.00296,A_10_20_F_A,A_10_20_F_A,F_A,A_10,A,10,Ammonium,20,F,A,R7W36,1A,R7W36_exp1A,144,23,0
9,7_26_22,1,B,3,0,A3,A3,-0.00454,A_10_20_F_A,A_10_20_F_A,F_A,A_10,A,10,Ammonium,20,F,A,R13W63,1B,R13W63_exp1B,178,51,0
9,7_26_22,1,B,3,1,A3,A3,-0.0062,A_10_20_F_A,A_10_20_F_A,F_A,A_10,A,10,Ammonium,20,F,A,R13W64,1B,R13W64_exp1B,184,51,0
9,08_15_22,2,A,3,0,A3,A3,-0.00314,A_10_20_F_A,A_10_20_F_A,F_A,A_10,A,10,Ammonium,20,F,A,R11W50,2A,R11W50_exp2A,196,83,0
9,08_15_22,2,A,3,1,A3,A3,-0.00504,A_10_20_F_A,A_10_20_F_A,F_A,A_10,A,10,Ammonium,20,F,A,R11W51,2A,R11W51_exp2A,210,83,0
9,08_20_22,2,B,3,0,A3,A3,-0.00398,A_10_20_F_A,A_10_20_F_A,F_A,A_10,A,10,Ammonium,20,F,A,R5W21,2B,R5W21_exp2B,170,117,0
9,08_20_22,2,B,3,1,A3,A3,-0.00358,A_10_20_F_A,A_10_20_F_A,F_A,A_10,A,10,Ammonium,20,F,A,R5W22,2B,R5W22_exp2B,213,117,0
9,09_01_22,3,A,3,0,A3,A3,-0.00414,A_10_20_F_A,A_10_20_F_A,F_A,A_10,A,10,Ammonium,20,F,A,R11W50,3A,R11W50_exp3A,235,147,0
9,09_01_22,3,A,3,1,A3,A3,-0.00357,A_10_20_F_A,A_10_20_F_A,F_A,A_10,A,10,Ammonium,20,F,A,R11W51,3A,R11W51_exp3A,237,147,0
9,09_05_22,3,B,3,0,A3,A3,-0.00596,A_10_20_F_A,A_10_20_F_A,F_A,A_10,A,10,Ammonium,20,F,A,O21W39,3B,O21W39_exp3B,242,171,0
9,09_05_22,3,B,3,1,A3,A3,-0.00705,A_10_20_F_A,A_10_20_F_A,F_A,A_10,A,10,Ammonium,20,F,A,O21W40,3B,O21W40_exp3B,245,171,0
10,7_26_22,1,A,3,0,B3,B3,-0.00584,A_10_20_F_S,A_10_20_F_S,F_S,A_10,A,10,Ammonium,20,F,S,R7W37,1A,R7W37_exp1A,143,23,0
10,7_26_22,1,A,3,1,B3,B3,-0.01477,A_10_20_F_S,A_10_20_F_S,F_S,A_10,A,10,Ammonium,20,F,S,R7W38,1A,R7W38_exp1A,152,23,0
10,7_26_22,1,B,3,0,B3,B3,-0.00962,A_10_20_F_S,A_10_20_F_S,F_S,A_10,A,10,Ammonium,20,F,S,R13W65,1B,R13W65_exp1B,167,51,0
10,7_26_22,1,B,3,1,B3,B3,-0.00317,A_10_20_F_S,A_10_20_F_S,F_S,A_10,A,10,Ammonium,20,F,S,R13W67,1B,R13W67_exp1B,176,51,0
10,08_15_22,2,A,3,0,B3,B3,-0.0025,A_10_20_F_S,A_10_20_F_S,F_S,A_10,A,10,Ammonium,20,F,S,R11W53,2A,R11W53_exp2A,198,83,0
10,08_15_22,2,A,3,1,B3,B3,-3.72E-03,A_10_20_F_S,A_10_20_F_S,F_S,A_10,A,10,Ammonium,20,F,S,R11W54,2A,R11W54_exp2A,220,83,0
10,08_20_22,2,B,3,0,B3,B3,-0.00089,A_10_20_F_S,A_10_20_F_S,F_S,A_10,A,10,Ammonium,20,F,S,R5W24,2B,R5W24_exp2B,196,117,0
10,08_20_22,2,B,3,1,B3,B3,-0.00871,A_10_20_F_S,A_10_20_F_S,F_S,A_10,A,10,Ammonium,20,F,S,R5W27,2B,R5W27_exp2B,182,117,0
10,09_01_22,3,A,3,0,B3,B3,-0.00404,A_10_20_F_S,A_10_20_F_S,F_S,A_10,A,10,Ammonium,20,F,S,R11W53,3A,R11W53_exp3A,240,147,0
10,09_01_22,3,A,3,1,B3,B3,-0.00522,A_10_20_F_S,A_10_20_F_S,F_S,A_10,A,10,Ammonium,20,F,S,R11W54,3A,R11W54_exp3A,241,147,0
10,09_05_22,3,B,3,0,B3,B3,-0.00301,A_10_20_F_S,A_10_20_F_S,F_S,A_10,A,10,Ammonium,20,F,S,O21W42,3B,O21W42_exp3B,252,171,0
10,09_05_22,3,B,3,1,B3,B3,-0.00425,A_10_20_F_S,A_10_20_F_S,F_S,A_10,A,10,Ammonium,20,F,S,O21W43,3B,O21W43_exp3B,243,171,0
11,7_26_22,1,A,3,0,C3,C3,-0.00501,A_10_20_S_A,A_10_20_S_A,S_A,A_10,A,10,Ammonium,20,S,A,R8W40,1A,R8W40_exp1A,154,24,0
11,7_26_22,1,A,3,1,C3,C3,-0.00709,A_10_20_S_A,A_10_20_S_A,S_A,A_10,A,10,Ammonium,20,S,A,R8W41,1A,R8W41_exp1A,154,24,0
11,7_26_22,1,B,3,0,C3,C3,-0.00304,A_10_20_S_A,A_10_20_S_A,S_A,A_10,A,10,Ammonium,20,S,A,R14W71,1B,R14W71_exp1B,180,52,0
11,7_26_22,1,B,3,1,C3,C3,-0.00451,A_10_20_S_A,A_10_20_S_A,S_A,A_10,A,10,Ammonium,20,S,A,R14W72,1B,R14W72_exp1B,187,52,0
11,08_15_22,2,A,3,1,C3,C3,-0.00414,A_10_20_S_A,A_10_20_S_A,S_A,A_10,A,10,Ammonium,20,S,A,R13W64,2A,R13W64_exp2A,233,84,0
11,08_20_22,2,B,3,1,C3,C3,-0.00352,A_10_20_S_A,A_10_20_S_A,S_A,A_10,A,10,Ammonium,20,S,A,R6W29,2B,R6W29_exp2B,224,118,0
11,09_01_22,3,A,3,0,C3,C3,-0.00329,A_10_20_S_A,A_10_20_S_A,S_A,A_10,A,10,Ammonium,20,S,A,R13W63,3A,R13W63_exp3A,237,148,0
11,09_01_22,3,A,3,1,C3,C3,-0.00582,A_10_20_S_A,A_10_20_S_A,S_A,A_10,A,10,Ammonium,20,S,A,R13W64,3A,R13W64_exp3A,238,148,0
11,09_05_22,3,B,3,0,C3,C3,-0.00237,A_10_20_S_A,A_10_20_S_A,S_A,A_10,A,10,Ammonium,20,S,A,O22W44,3B,O22W44_exp3B,242,172,0
11,09_05_22,3,B,3,1,C3,C3,-0.00552,A_10_20_S_A,A_10_20_S_A,S_A,A_10,A,10,Ammonium,20,S,A,O22W45,3B,O22W45_exp3B,250,172,0
12,7_26_22,1,A,3,0,D3,D3,-0.0073,A_10_20_S_S,A_10_20_S_S,S_S,A_10,A,10,Ammonium,20,S,S,R8W42,1A,R8W42_exp1A,144,24,0
12,7_26_22,1,A,3,1,D3,D3,-0.00696,A_10_20_S_S,A_10_20_S_S,S_S,A_10,A,10,Ammonium,20,S,S,R8W43,1A,R8W43_exp1A,153,24,0
12,7_26_22,1,B,3,0,D3,D3,-0.00391,A_10_20_S_S,A_10_20_S_S,S_S,A_10,A,10,Ammonium,20,S,S,R14W73,1B,R14W73_exp1B,167,52,0
12,7_26_22,1,B,3,1,D3,D3,-0.00497,A_10_20_S_S,A_10_20_S_S,S_S,A_10,A,10,Ammonium,20,S,S,R14W74,1B,R14W74_exp1B,182,52,0
12,08_15_22,2,A,3,0,D3,D3,-0.00314,A_10_20_S_S,A_10_20_S_S,S_S,A_10,A,10,Ammonium,20,S,S,R13W65,2A,R13W65_exp2A,205,84,0
12,08_15_22,2,A,3,1,D3,D3,-0.00407,A_10_20_S_S,A_10_20_S_S,S_S,A_10,A,10,Ammonium,20,S,S,R13W67,2A,R13W67_exp2A,222,84,0
12,08_20_22,2,B,3,0,D3,D3,-0.00512,A_10_20_S_S,A_10_20_S_S,S_S,A_10,A,10,Ammonium,20,S,S,R6W31,2B,R6W31_exp2B,217,118,0
12,08_20_22,2,B,3,1,D3,D3,-0.00614,A_10_20_S_S,A_10_20_S_S,S_S,A_10,A,10,Ammonium,20,S,S,R6W32,2B,R6W32_exp2B,233,118,0
12,09_01_22,3,A,3,0,D3,D3,-0.01033,A_10_20_S_S,A_10_20_S_S,S_S,A_10,A,10,Ammonium,20,S,S,R13W64,3A,R13W64_exp3A,238,148,0
12,09_01_22,3,A,3,1,D3,D3,-0.0068,A_10_20_S_S,A_10_20_S_S,S_S,A_10,A,10,Ammonium,20,S,S,R13W67,3A,R13W67_exp3A,241,148,0
12,09_05_22,3,B,3,0,D3,D3,-0.00528,A_10_20_S_S,A_10_20_S_S,S_S,A_10,A,10,Ammonium,20,S,S,O22W46,3B,O22W46_exp3B,249,172,0
12,09_05_22,3,B,3,1,D3,D3,-0.00343,A_10_20_S_S,A_10_20_S_S,S_S,A_10,A,10,Ammonium,20,S,S,O22W47,3B,O22W47_exp3B,255,172,0
13,7_26_22,1,A,3,1,A4,A4,-0.00346,A_10_30_F_A,A_10_30_F_A,F_A,A_10,A,10,Ammonium,30,F,A,R12W56,1A,R12W56_exp1A,162,17,0
13,7_26_22,1,A,3,0,A4,A4,-0.00502,A_10_30_F_A,A_10_30_F_A,F_A,A_10,A,10,Ammonium,30,F,A,R12W57,1A,R12W57_exp1A,146,17,0
13,7_26_22,1,B,3,0,A4,A4,-0.00377,A_10_30_F_A,A_10_30_F_A,F_A,A_10,A,10,Ammonium,30,F,A,R1W3,1B,R1W3_exp1B,178,48,0
13,7_26_22,1,B,3,1,A4,A4,-0.00189,A_10_30_F_A,A_10_30_F_A,F_A,A_10,A,10,Ammonium,30,F,A,R1W5,1B,R1W5_exp1B,187,48,0
13,08_15_22,2,A,3,0,A4,A4,-0.0018,A_10_30_F_A,A_10_30_F_A,F_A,A_10,A,10,Ammonium,30,F,A,R17W82,2A,R17W82_exp2A,210,87,0
13,08_15_22,2,A,3,1,A4,A4,-0.0086,A_10_30_F_A,A_10_30_F_A,F_A,A_10,A,10,Ammonium,30,F,A,R17W83,2A,R17W83_exp2A,232,87,0
13,08_20_22,2,B,3,0,A4,A4,-0.00326,A_10_30_F_A,A_10_30_F_A,F_A,A_10,A,10,Ammonium,30,F,A,R12W56,2B,R12W56_exp2B,171,113,0
13,08_20_22,2,B,3,1,A4,A4,-5.27E-03,A_10_30_F_A,A_10_30_F_A,F_A,A_10,A,10,Ammonium,30,F,A,R12W57,2B,R12W57_exp2B,215,113,0
13,09_01_22,3,A,3,0,A4,A4,-0.00161,A_10_30_F_A,A_10_30_F_A,F_A,A_10,A,10,Ammonium,30,F,A,R17W80,3A,R17W80_exp3A,235,151,0
13,09_01_22,3,A,3,1,A4,A4,-0.00262,A_10_30_F_A,A_10_30_F_A,F_A,A_10,A,10,Ammonium,30,F,A,R17W82,3A,R17W82_exp3A,237,151,0
13,09_05_22,3,B,3,0,A4,A4,-0.00541,A_10_30_F_A,A_10_30_F_A,F_A,A_10,A,10,Ammonium,30,F,A,W17O78,3B,W17O78_exp3B,242,185,0
13,09_05_22,3,B,3,1,A4,A4,-6.90E-03,A_10_30_F_A,A_10_30_F_A,F_A,A_10,A,10,Ammonium,30,F,A,W17O79,3B,W17O79_exp3B,247,185,0
14,7_26_22,1,A,3,1,B4,B4,-0.00516,A_10_30_F_S,A_10_30_F_S,F_S,A_10,A,10,Ammonium,30,F,S,R12W59,1A,R12W59_exp1A,153,17,0
14,7_26_22,1,A,3,0,B4,B4,-0.00868,A_10_30_F_S,A_10_30_F_S,F_S,A_10,A,10,Ammonium,30,F,S,R12W60,1A,R12W60_exp1A,157,17,0
14,7_26_22,1,B,3,0,B4,B4,-0.00315,A_10_30_F_S,A_10_30_F_S,F_S,A_10,A,10,Ammonium,30,F,S,R1W6,1B,R1W6_exp1B,167,48,0
14,7_26_22,1,B,3,1,B4,B4,-0.00436,A_10_30_F_S,A_10_30_F_S,F_S,A_10,A,10,Ammonium,30,F,S,R1W7,1B,R1W7_exp1B,182,48,0
14,08_15_22,2,A,3,0,B4,B4,-0.00376,A_10_30_F_S,A_10_30_F_S,F_S,A_10,A,10,Ammonium,30,F,S,R17W84,2A,R17W84_exp2A,200,87,0
14,08_15_22,2,A,3,1,B4,B4,-0.00544,A_10_30_F_S,A_10_30_F_S,F_S,A_10,A,10,Ammonium,30,F,S,R17W85,2A,R17W85_exp2A,222,87,0
14,08_20_22,2,B,3,0,B4,B4,-0.00395,A_10_30_F_S,A_10_30_F_S,F_S,A_10,A,10,Ammonium,30,F,S,R12W59,2B,R12W59_exp2B,217,113,0
14,08_20_22,2,B,3,1,B4,B4,-0.00943,A_10_30_F_S,A_10_30_F_S,F_S,A_10,A,10,Ammonium,30,F,S,R12W60,2B,R12W60_exp2B,233,113,0
14,09_01_22,3,A,3,0,B4,B4,-0.00317,A_10_30_F_S,A_10_30_F_S,F_S,A_10,A,10,Ammonium,30,F,S,R17W84,3A,R17W84_exp3A,240,151,0
14,09_01_22,3,A,3,1,B4,B4,-0.00484,A_10_30_F_S,A_10_30_F_S,F_S,A_10,A,10,Ammonium,30,F,S,R17W85,3A,R17W85_exp3A,241,151,0
14,09_05_22,3,B,3,0,B4,B4,-0.0042,A_10_30_F_S,A_10_30_F_S,F_S,A_10,A,10,Ammonium,30,F,S,W17O80,3B,W17O80_exp3B,248,185,0
14,09_05_22,3,B,3,1,B4,B4,-0.00814,A_10_30_F_S,A_10_30_F_S,F_S,A_10,A,10,Ammonium,30,F,S,W17O83,3B,W17O83_exp3B,249,185,0
15,7_26_22,1,A,3,1,C4,C4,-0.00971,A_10_30_S_A,A_10_30_S_A,S_A,A_10,A,10,Ammonium,30,S,A,R20W87,1A,R20W87_exp1A,150,18,0
15,7_26_22,1,A,3,0,C4,C4,-0.00595,A_10_30_S_A,A_10_30_S_A,S_A,A_10,A,10,Ammonium,30,S,A,R20W88,1A,R20W88_exp1A,165,18,0
15,7_26_22,1,B,3,0,C4,C4,-0.00175,A_10_30_S_A,A_10_30_S_A,S_A,A_10,A,10,Ammonium,30,S,A,R15W75,1B,R15W75_exp1B,169,53,0
15,7_26_22,1,B,3,1,C4,C4,-0.00524,A_10_30_S_A,A_10_30_S_A,S_A,A_10,A,10,Ammonium,30,S,A,R15W77,1B,R15W77_exp1B,190,53,0
15,08_15_22,2,A,3,1,C4,C4,-0.00077,A_10_30_S_A,A_10_30_S_A,S_A,A_10,A,10,Ammonium,30,S,A,R21W94,2A,R21W94_exp2A,198,88,0
15,08_15_22,2,A,3,0,C4,C4,-0.00168,A_10_30_S_A,A_10_30_S_A,S_A,A_10,A,10,Ammonium,30,S,A,R21W95,2A,R21W95_exp2A,226,88,0
15,08_20_22,2,B,3,0,C4,C4,-0.00416,A_10_30_S_A,A_10_30_S_A,S_A,A_10,A,10,Ammonium,30,S,A,R20W87,2B,R20W87_exp2B,184,114,0
15,08_20_22,2,B,3,1,C4,C4,-0.00516,A_10_30_S_A,A_10_30_S_A,S_A,A_10,A,10,Ammonium,30,S,A,R20W88,2B,R20W88_exp2B,225,114,0
15,09_01_22,3,A,3,0,C4,C4,-0.00425,A_10_30_S_A,A_10_30_S_A,S_A,A_10,A,10,Ammonium,30,S,A,R21W94,3A,R21W94_exp3A,237,152,0
15,09_01_22,3,A,3,1,C4,C4,-0.00394,A_10_30_S_A,A_10_30_S_A,S_A,A_10,A,10,Ammonium,30,S,A,R21W97,3A,R21W97_exp3A,238,152,0
15,09_05_22,3,B,3,0,C4,C4,-0.01002,A_10_30_S_A,A_10_30_S_A,S_A,A_10,A,10,Ammonium,30,S,A,W20O84,3B,W20O84_exp3B,242,187,0
15,09_05_22,3,B,3,1,C4,C4,-0.00529,A_10_30_S_A,A_10_30_S_A,S_A,A_10,A,10,Ammonium,30,S,A,W20O85,3B,W20O85_exp3B,251,187,0
16,7_26_22,1,A,3,0,D4,D4,-0.00284,A_10_30_S_S,A_10_30_S_S,S_S,A_10,A,10,Ammonium,30,S,S,R20W92,1A,R20W92_exp1A,153,18,0
16,7_26_22,1,A,3,1,D4,D4,-0.00698,A_10_30_S_S,A_10_30_S_S,S_S,A_10,A,10,Ammonium,30,S,S,R20Y93,1A,R20Y93_exp1A,157,18,0
16,7_26_22,1,B,3,0,D4,D4,-0.00309,A_10_30_S_S,A_10_30_S_S,S_S,A_10,A,10,Ammonium,30,S,S,R15W78,1B,R15W78_exp1B,171,53,0
16,7_26_22,1,B,3,1,D4,D4,-0.00375,A_10_30_S_S,A_10_30_S_S,S_S,A_10,A,10,Ammonium,30,S,S,R15W79,1B,R15W79_exp1B,185,53,0
16,08_15_22,2,A,3,0,D4,D4,-0.00199,A_10_30_S_S,A_10_30_S_S,S_S,A_10,A,10,Ammonium,30,S,S,R21W100,2A,R21W100_exp2A,206,88,0
16,08_15_22,2,A,3,1,D4,D4,-0.00327,A_10_30_S_S,A_10_30_S_S,S_S,A_10,A,10,Ammonium,30,S,S,R21W55,2A,R21W55_exp2A,233,88,0
16,08_20_22,2,B,3,0,D4,D4,-0.00431,A_10_30_S_S,A_10_30_S_S,S_S,A_10,A,10,Ammonium,30,S,S,R20W90,2B,R20W90_exp2B,200,114,0
16,08_20_22,2,B,3,1,D4,D4,-0.00314,A_10_30_S_S,A_10_30_S_S,S_S,A_10,A,10,Ammonium,30,S,S,R20W92,2B,R20W92_exp2B,223,114,0
16,09_01_22,3,A,3,0,D4,D4,-0.00418,A_10_30_S_S,A_10_30_S_S,S_S,A_10,A,10,Ammonium,30,S,S,R21W100,3A,R21W100_exp3A,240,152,0
16,09_01_22,3,A,3,1,D4,D4,-0.00559,A_10_30_S_S,A_10_30_S_S,S_S,A_10,A,10,Ammonium,30,S,S,R21W55,3A,R21W55_exp3A,243,152,0
16,09_05_22,3,B,3,0,D4,D4,-0.00644,A_10_30_S_S,A_10_30_S_S,S_S,A_10,A,10,Ammonium,30,S,S,W20O86,3B,W20O86_exp3B,245,187,0
16,09_05_22,3,B,3,1,D4,D4,-0.00408,A_10_30_S_S,A_10_30_S_S,S_S,A_10,A,10,Ammonium,30,S,S,W20O88,3B,W20O88_exp3B,252,187,0
19,7_26_22,1,A,1,0,C5,C5,-0.00531,A_5_20_F_A,A_5_20_F_A,F_A,A_5,A,5,Ammonium,20,F,A,G36Y25,1A,G36Y25_exp1A,152,15,0
19,7_26_22,1,B,1,0,C5,C5,-0.00276,A_5_20_F_A,A_5_20_F_A,F_A,A_5,A,5,Ammonium,20,F,A,G35Y12,1B,G35Y12_exp1B,167,46,0
20,7_26_22,1,B,1,1,D5,D5,-0.00174,A_5_20_F_A,A_5_20_F_A,F_A,A_5,A,5,Ammonium,20,F,A,G35Y14,1B,G35Y14_exp1B,178,46,0
20,08_15_22,2,A,1,1,D5,D5,-0.00481,A_5_20_F_A,A_5_20_F_A,F_A,A_5,A,5,Ammonium,20,F,A,G30Y77,2A,G30Y77_exp2A,232,75,0
19,08_20_22,2,B,1,0,C5,C5,-0.00396,A_5_20_F_A,A_5_20_F_A,F_A,A_5,A,5,Ammonium,20,F,A,G36Y22,2B,G36Y22_exp2B,170,111,0
20,08_20_22,2,B,1,1,D5,D5,-0.00557,A_5_20_F_A,A_5_20_F_A,F_A,A_5,A,5,Ammonium,20,F,A,G36Y25,2B,G36Y25_exp2B,212,111,0
19,09_01_22,3,A,1,0,C5,C5,-0.00537,A_5_20_F_A,A_5_20_F_A,F_A,A_5,A,5,Ammonium,20,F,A,G30Y76,3A,G30Y76_exp3A,237,139,0
20,09_01_22,3,A,1,1,D5,D5,-0.00652,A_5_20_F_A,A_5_20_F_A,F_A,A_5,A,5,Ammonium,20,F,A,G30Y77,3A,G30Y77_exp3A,237,139,0
19,09_05_22,3,B,1,0,C5,C5,-0.00347,A_5_20_F_A,A_5_20_F_A,F_A,A_5,A,5,Ammonium,20,F,A,O10G14,3B,O10G14_exp3B,242,162,0
20,09_05_22,3,B,1,1,D5,D5,-0.00403,A_5_20_F_A,A_5_20_F_A,F_A,A_5,A,5,Ammonium,20,F,A,O10G15,3B,O10G15_exp3B,244,162,0
20,7_26_22,1,A,1,0,D5,D5,-0.0038,A_5_20_F_S,A_5_20_F_S,F_S,A_5,A,5,Ammonium,20,F,S,G36Y27,1A,G36Y27_exp1A,151,15,0
21,7_26_22,1,A,1,1,A6,A6,-0.0028,A_5_20_F_S,A_5_20_F_S,F_S,A_5,A,5,Ammonium,20,F,S,G36Y28,1A,G36Y28_exp1A,155,15,0
20,7_26_22,1,B,1,0,D5,D5,-0.00238,A_5_20_F_S,A_5_20_F_S,F_S,A_5,A,5,Ammonium,20,F,S,G35Y23,1B,G35Y23_exp1B,166,46,0
21,7_26_22,1,B,1,1,A6,A6,-0.00376,A_5_20_F_S,A_5_20_F_S,F_S,A_5,A,5,Ammonium,20,F,S,G35Y24,1B,G35Y24_exp1B,173,46,0
21,08_15_22,2,A,1,1,A6,A6,-0.00332,A_5_20_F_S,A_5_20_F_S,F_S,A_5,A,5,Ammonium,20,F,S,G30Y78,2A,G30Y78_exp2A,198,75,0
20,08_15_22,2,A,1,0,D5,D5,-0.00885,A_5_20_F_S,A_5_20_F_S,F_S,A_5,A,5,Ammonium,20,F,S,G30Y79,2A,G30Y79_exp2A,220,75,0
20,08_20_22,2,B,1,0,D5,D5,-0.00422,A_5_20_F_S,A_5_20_F_S,F_S,A_5,A,5,Ammonium,20,F,S,G36Y26,2B,G36Y26_exp2B,191,111,0
21,08_20_22,2,B,1,1,A6,A6,-0.00561,A_5_20_F_S,A_5_20_F_S,F_S,A_5,A,5,Ammonium,20,F,S,G36Y28,2B,G36Y28_exp2B,171,111,0
20,09_01_22,3,A,1,0,D5,D5,-0.00765,A_5_20_F_S,A_5_20_F_S,F_S,A_5,A,5,Ammonium,20,F,S,G30Y78,3A,G30Y78_exp3A,239,139,0
21,09_01_22,3,A,1,1,A6,A6,-0.00658,A_5_20_F_S,A_5_20_F_S,F_S,A_5,A,5,Ammonium,20,F,S,G30Y79,3A,G30Y79_exp3A,241,139,0
20,09_05_22,3,B,1,0,D5,D5,-0.00555,A_5_20_F_S,A_5_20_F_S,F_S,A_5,A,5,Ammonium,20,F,S,O10G17,3B,O10G17_exp3B,248,162,0
21,09_05_22,3,B,1,1,A6,A6,-0.00477,A_5_20_F_S,A_5_20_F_S,F_S,A_5,A,5,Ammonium,20,F,S,O10G21,3B,O10G21_exp3B,243,162,0
22,7_26_22,1,A,1,1,B6,B6,-0.00264,A_5_20_S_A,A_5_20_S_A,S_A,A_5,A,5,Ammonium,20,S,A,G27Y55,1A,G27Y55_exp1A,162,10,0
21,7_26_22,1,A,1,0,A6,A6,-0.00562,A_5_20_S_A,A_5_20_S_A,S_A,A_5,A,5,Ammonium,20,S,A,G27Y56,1A,G27Y56_exp1A,146,10,0
21,7_26_22,1,B,1,0,A6,A6,-0.00208,A_5_20_S_A,A_5_20_S_A,S_A,A_5,A,5,Ammonium,20,S,A,G38Y34,1B,G38Y34_exp1B,168,47,0
22,7_26_22,1,B,1,1,B6,B6,-0.00257,A_5_20_S_A,A_5_20_S_A,S_A,A_5,A,5,Ammonium,20,S,A,G38Y36,1B,G38Y36_exp1B,187,47,0
21,08_15_22,2,A,1,0,A6,A6,-0.00651,A_5_20_S_A,A_5_20_S_A,S_A,A_5,A,5,Ammonium,20,S,A,G32Y87,2A,G32Y87_exp2A,197,76,0
22,08_15_22,2,A,1,1,B6,B6,-0.00476,A_5_20_S_A,A_5_20_S_A,S_A,A_5,A,5,Ammonium,20,S,A,G32Y88,2A,G32Y88_exp2A,218,76,0
21,08_20_22,2,B,1,0,A6,A6,-0.00376,A_5_20_S_A,A_5_20_S_A,S_A,A_5,A,5,Ammonium,20,S,A,G37Y29,2B,G37Y29_exp2B,171,112,0
22,08_20_22,2,B,1,1,B6,B6,-0.00505,A_5_20_S_A,A_5_20_S_A,S_A,A_5,A,5,Ammonium,20,S,A,G37Y30,2B,G37Y30_exp2B,216,112,0
21,09_01_22,3,A,1,0,A6,A6,-0.00382,A_5_20_S_A,A_5_20_S_A,S_A,A_5,A,5,Ammonium,20,S,A,G32Y87,3A,G32Y87_exp3A,236,140,0
22,09_01_22,3,A,1,1,B6,B6,-0.00545,A_5_20_S_A,A_5_20_S_A,S_A,A_5,A,5,Ammonium,20,S,A,G32Y88,3A,G32Y88_exp3A,237,140,0
21,09_05_22,3,B,1,0,A6,A6,-0.0037,A_5_20_S_A,A_5_20_S_A,S_A,A_5,A,5,Ammonium,20,S,A,O11G22,3B,O11G22_exp3B,242,163,0
22,09_05_22,3,B,1,1,B6,B6,-0.00364,A_5_20_S_A,A_5_20_S_A,S_A,A_5,A,5,Ammonium,20,S,A,O11G23,3B,O11G23_exp3B,247,163,0
22,7_26_22,1,A,1,0,B6,B6,-0.00334,A_5_20_S_S,A_5_20_S_S,S_S,A_5,A,5,Ammonium,20,S,S,G27Y57,1A,G27Y57_exp1A,144,10,0
23,7_26_22,1,A,1,1,C6,C6,-0.00559,A_5_20_S_S,A_5_20_S_S,S_S,A_5,A,5,Ammonium,20,S,S,G27Y59,1A,G27Y59_exp1A,157,10,0
22,7_26_22,1,B,1,0,B6,B6,-0.00375,A_5_20_S_S,A_5_20_S_S,S_S,A_5,A,5,Ammonium,20,S,S,G38Y37,1B,G38Y37_exp1B,167,47,0
23,7_26_22,1,B,1,1,C6,C6,-0.00407,A_5_20_S_S,A_5_20_S_S,S_S,A_5,A,5,Ammonium,20,S,S,G38Y38,1B,G38Y38_exp1B,182,47,0
22,08_15_22,2,A,1,0,B6,B6,-0.00375,A_5_20_S_S,A_5_20_S_S,S_S,A_5,A,5,Ammonium,20,S,S,G32Y92,2A,G32Y92_exp2A,201,76,0
23,08_15_22,2,A,1,1,C6,C6,-0.01194,A_5_20_S_S,A_5_20_S_S,S_S,A_5,A,5,Ammonium,20,S,S,G32Y93,2A,G32Y93_exp2A,222,76,0
22,08_20_22,2,B,1,0,B6,B6,-0.00236,A_5_20_S_S,A_5_20_S_S,S_S,A_5,A,5,Ammonium,20,S,S,G37Y32,2B,G37Y32_exp2B,217,112,0
23,08_20_22,2,B,1,1,C6,C6,-0.00722,A_5_20_S_S,A_5_20_S_S,S_S,A_5,A,5,Ammonium,20,S,S,G37Y33,2B,G37Y33_exp2B,233,112,0
22,09_01_22,3,A,1,0,B6,B6,-0.00526,A_5_20_S_S,A_5_20_S_S,S_S,A_5,A,5,Ammonium,20,S,S,G32Y92,3A,G32Y92_exp3A,240,140,0
23,09_01_22,3,A,1,1,C6,C6,-0.01322,A_5_20_S_S,A_5_20_S_S,S_S,A_5,A,5,Ammonium,20,S,S,G32Y93,3A,G32Y93_exp3A,241,140,0
22,09_05_22,3,B,1,0,B6,B6,-0.0037,A_5_20_S_S,A_5_20_S_S,S_S,A_5,A,5,Ammonium,20,S,S,O11G24,3B,O11G24_exp3B,248,163,0
23,09_05_22,3,B,1,1,C6,C6,-0.00485,A_5_20_S_S,A_5_20_S_S,S_S,A_5,A,5,Ammonium,20,S,S,O11G25,3B,O11G25_exp3B,254,163,0
24,7_26_22,1,A,1,1,D6,D6,NA,A_5_30_F_A,A_5_30_F_A,F_A,A_5,A,5,Ammonium,30,F,A,G32Y87,1A,G32Y87_exp1A,160,14,0
23,7_26_22,1,A,1,0,C6,C6,-0.00504,A_5_30_F_A,A_5_30_F_A,F_A,A_5,A,5,Ammonium,30,F,A,G32Y88,1A,G32Y88_exp1A,145,14,0
23,7_26_22,1,B,1,0,C6,C6,-0.00347,A_5_30_F_A,A_5_30_F_A,F_A,A_5,A,5,Ammonium,30,F,A,G33Y94,1B,G33Y94_exp1B,167,44,0
24,7_26_22,1,B,1,1,D6,D6,-0.00327,A_5_30_F_A,A_5_30_F_A,F_A,A_5,A,5,Ammonium,30,F,A,G33Y95,1B,G33Y95_exp1B,178,44,0
23,08_15_22,2,A,1,0,C6,C6,-0.00525,A_5_30_F_A,A_5_30_F_A,F_A,A_5,A,5,Ammonium,30,F,A,G35Y14,2A,G35Y14_exp2A,210,79,0
24,08_15_22,2,A,1,1,D6,D6,-0.00342,A_5_30_F_A,A_5_30_F_A,F_A,A_5,A,5,Ammonium,30,F,A,G35Y21,2A,G35Y21_exp2A,232,79,0
23,08_20_22,2,B,1,0,C6,C6,-0.00551,A_5_30_F_A,A_5_30_F_A,F_A,A_5,A,5,Ammonium,30,F,A,G29Y70,2B,G29Y70_exp2B,170,109,0
24,08_20_22,2,B,1,1,D6,D6,NA,A_5_30_F_A,A_5_30_F_A,F_A,A_5,A,5,Ammonium,30,F,A,G29Y71,2B,G29Y71_exp2B,213,109,0
24,09_01_22,3,A,1,1,D6,D6,-0.00513,A_5_30_F_A,A_5_30_F_A,F_A,A_5,A,5,Ammonium,30,F,A,G35Y12,3A,G35Y12_exp3A,235,143,0
23,09_01_22,3,A,1,0,C6,C6,-0.00488,A_5_30_F_A,A_5_30_F_A,F_A,A_5,A,5,Ammonium,30,F,A,G35Y21,3A,G35Y21_exp3A,237,143,0
23,09_05_22,3,B,1,0,C6,C6,-0.00703,A_5_30_F_A,A_5_30_F_A,F_A,A_5,A,5,Ammonium,30,F,A,W8O36,3B,W8O36_exp3B,242,192,0
24,09_05_22,3,B,1,1,D6,D6,-0.00617,A_5_30_F_A,A_5_30_F_A,F_A,A_5,A,5,Ammonium,30,F,A,W8O37,3B,W8O37_exp3B,245,192,0
3,7_26_22,1,A,2,0,C1,C1,-0.00283,A_5_30_F_S,A_5_30_F_S,F_S,A_5,A,5,Ammonium,30,F,S,G32Y92,1A,G32Y92_exp1A,152,14,0
24,7_26_22,1,A,1,0,D6,D6,-0.00785,A_5_30_F_S,A_5_30_F_S,F_S,A_5,A,5,Ammonium,30,F,S,G32Y93,1A,G32Y93_exp1A,157,14,0
24,7_26_22,1,B,1,0,D6,D6,-0.00361,A_5_30_F_S,A_5_30_F_S,F_S,A_5,A,5,Ammonium,30,F,S,G33Y1,1B,G33Y1_exp1B,181,44,0
3,7_26_22,1,B,2,0,C1,C1,-0.00447,A_5_30_F_S,A_5_30_F_S,F_S,A_5,A,5,Ammonium,30,F,S,G33Y100,1B,G33Y100_exp1B,167,44,0
24,08_15_22,2,A,1,0,D6,D6,-0.00378,A_5_30_F_S,A_5_30_F_S,F_S,A_5,A,5,Ammonium,30,F,S,G35Y23,2A,G35Y23_exp2A,198,79,0
24,08_20_22,2,B,1,0,D6,D6,NA,A_5_30_F_S,A_5_30_F_S,F_S,A_5,A,5,Ammonium,30,F,S,G29Y72,2B,G29Y72_exp2B,196,109,0
4,09_01_22,3,A,2,1,D1,D1,-0.00594,A_5_30_F_S,A_5_30_F_S,F_S,A_5,A,5,Ammonium,30,F,S,G35Y23,3A,G35Y23_exp3A,240,143,0
24,09_01_22,3,A,1,0,D6,D6,-0.0057,A_5_30_F_S,A_5_30_F_S,F_S,A_5,A,5,Ammonium,30,F,S,G35Y24,3A,G35Y24_exp3A,241,143,0
24,09_05_22,3,B,1,0,D6,D6,-0.00596,A_5_30_F_S,A_5_30_F_S,F_S,A_5,A,5,Ammonium,30,F,S,W8O38,3B,W8O38_exp3B,248,192,0
4,09_05_22,3,B,2,1,D1,D1,-0.00315,A_5_30_F_S,A_5_30_F_S,F_S,A_5,A,5,Ammonium,30,F,S,W8O40,3B,W8O40_exp3B,243,192,0
4,7_26_22,1,A,2,0,D1,D1,-0.00376,A_5_30_S_A,A_5_30_S_A,S_A,A_5,A,5,Ammonium,30,S,A,G37Y29,1A,G37Y29_exp1A,155,16,0
4,7_26_22,1,A,2,1,D1,D1,-0.00644,A_5_30_S_A,A_5_30_S_A,S_A,A_5,A,5,Ammonium,30,S,A,G37Y30,1A,G37Y30_exp1A,157,16,0
4,7_26_22,1,B,2,0,D1,D1,-0.00114,A_5_30_S_A,A_5_30_S_A,S_A,A_5,A,5,Ammonium,30,S,A,Y12B62,1B,Y12B62_exp1B,169,56,0
4,7_26_22,1,B,2,1,D1,D1,-0.00186,A_5_30_S_A,A_5_30_S_A,S_A,A_5,A,5,Ammonium,30,S,A,Y12B64,1B,Y12B64_exp1B,187,56,0
4,08_15_22,2,A,2,0,D1,D1,-0.0022,A_5_30_S_A,A_5_30_S_A,S_A,A_5,A,5,Ammonium,30,S,A,G38Y35,2A,G38Y35_exp2A,221,80,0
5,08_15_22,2,A,2,1,A2,A2,-0.00279,A_5_30_S_A,A_5_30_S_A,S_A,A_5,A,5,Ammonium,30,S,A,G38Y36,2A,G38Y36_exp2A,175,80,0
4,08_20_22,2,B,2,0,D1,D1,-0.00415,A_5_30_S_A,A_5_30_S_A,S_A,A_5,A,5,Ammonium,30,S,A,G31Y80,2B,G31Y80_exp2B,178,110,0
5,08_20_22,2,B,2,1,A2,A2,-0.00304,A_5_30_S_A,A_5_30_S_A,S_A,A_5,A,5,Ammonium,30,S,A,G31Y82,2B,G31Y82_exp2B,225,110,0
5,09_01_22,3,A,2,1,A2,A2,-0.00274,A_5_30_S_A,A_5_30_S_A,S_A,A_5,A,5,Ammonium,30,S,A,G38Y35,3A,G38Y35_exp3A,237,144,0
4,09_01_22,3,A,2,0,D1,D1,-0.00591,A_5_30_S_A,A_5_30_S_A,S_A,A_5,A,5,Ammonium,30,S,A,G38Y36,3A,G38Y36_exp3A,238,144,0
5,09_05_22,3,B,2,1,A2,A2,-0.00468,A_5_30_S_A,A_5_30_S_A,S_A,A_5,A,5,Ammonium,30,S,A,W10O42,3B,W10O42_exp3B,250,178,0
5,7_26_22,1,A,2,0,A2,A2,-0.00559,A_5_30_S_S,A_5_30_S_S,S_S,A_5,A,5,Ammonium,30,S,S,G37Y32,1A,G37Y32_exp1A,153,16,0
5,7_26_22,1,A,2,1,A2,A2,-0.00461,A_5_30_S_S,A_5_30_S_S,S_S,A_5,A,5,Ammonium,30,S,S,G37Y33,1A,G37Y33_exp1A,157,16,0
5,7_26_22,1,B,2,0,A2,A2,-0.00471,A_5_30_S_S,A_5_30_S_S,S_S,A_5,A,5,Ammonium,30,S,S,Y12B65,1B,Y12B65_exp1B,167,56,0
5,7_26_22,1,B,2,1,A2,A2,-0.00294,A_5_30_S_S,A_5_30_S_S,S_S,A_5,A,5,Ammonium,30,S,S,Y12B67,1B,Y12B67_exp1B,182,56,0
5,08_15_22,2,A,2,0,A2,A2,-0.00223,A_5_30_S_S,A_5_30_S_S,S_S,A_5,A,5,Ammonium,30,S,S,G38Y37,2A,G38Y37_exp2A,205,80,0
6,08_15_22,2,A,2,1,B2,B2,-0.00745,A_5_30_S_S,A_5_30_S_S,S_S,A_5,A,5,Ammonium,30,S,S,G38Y38,2A,G38Y38_exp2A,222,80,0
5,08_20_22,2,B,2,0,A2,A2,-0.00331,A_5_30_S_S,A_5_30_S_S,S_S,A_5,A,5,Ammonium,30,S,S,G31Y83,2B,G31Y83_exp2B,198,110,0
6,08_20_22,2,B,2,1,B2,B2,-0.00404,A_5_30_S_S,A_5_30_S_S,S_S,A_5,A,5,Ammonium,30,S,S,G31Y84,2B,G31Y84_exp2B,218,110,0
6,09_01_22,3,A,2,1,B2,B2,-0.0043,A_5_30_S_S,A_5_30_S_S,S_S,A_5,A,5,Ammonium,30,S,S,G38Y37,3A,G38Y37_exp3A,240,144,0
5,09_01_22,3,A,2,0,A2,A2,-0.00659,A_5_30_S_S,A_5_30_S_S,S_S,A_5,A,5,Ammonium,30,S,S,G38Y38,3A,G38Y38_exp3A,241,144,0
5,09_05_22,3,B,2,0,A2,A2,-0.00484,A_5_30_S_S,A_5_30_S_S,S_S,A_5,A,5,Ammonium,30,S,S,W10O44,3B,W10O44_exp3B,255,178,0
6,09_05_22,3,B,2,1,B2,B2,-0.00305,A_5_30_S_S,A_5_30_S_S,S_S,A_5,A,5,Ammonium,30,S,S,W10O45,3B,W10O45_exp3B,254,178,0
14,7_26_22,1,A,2,1,B4,B4,-0.00281,A_7.5_20_F_A,A_7.5_20_F_A,F_A,A_7.5,A,7.5,Ammonium,20,F,A,Y11B55,1A,Y11B55_exp1A,153,27,0
14,7_26_22,1,A,2,0,B4,B4,-0.00433,A_7.5_20_F_A,A_7.5_20_F_A,F_A,A_7.5,A,7.5,Ammonium,20,F,A,Y11B56,1A,Y11B56_exp1A,143,27,0
14,7_26_22,1,B,2,0,B4,B4,-0.00422,A_7.5_20_F_A,A_7.5_20_F_A,F_A,A_7.5,A,7.5,Ammonium,20,F,A,Y20B95,1B,Y20B95_exp1B,178,58,0
14,7_26_22,1,B,2,1,B4,B4,-0.00251,A_7.5_20_F_A,A_7.5_20_F_A,F_A,A_7.5,A,7.5,Ammonium,20,F,A,Y20B97,1B,Y20B97_exp1B,184,58,0
14,08_15_22,2,A,2,0,B4,B4,-0.00188,A_7.5_20_F_A,A_7.5_20_F_A,F_A,A_7.5,A,7.5,Ammonium,20,F,A,Y7B40,2A,Y7B40_exp2A,195,95,0
15,08_15_22,2,A,2,1,C4,C4,-0.00536,A_7.5_20_F_A,A_7.5_20_F_A,F_A,A_7.5,A,7.5,Ammonium,20,F,A,Y7B42,2A,Y7B42_exp2A,232,95,0
14,08_20_22,2,B,2,0,B4,B4,-0.00286,A_7.5_20_F_A,A_7.5_20_F_A,F_A,A_7.5,A,7.5,Ammonium,20,F,A,Y10B50,2B,Y10B50_exp2B,170,122,0
15,08_20_22,2,B,2,1,C4,C4,-0.00717,A_7.5_20_F_A,A_7.5_20_F_A,F_A,A_7.5,A,7.5,Ammonium,20,F,A,Y10B51,2B,Y10B51_exp2B,213,122,0
14,09_01_22,3,A,2,0,B4,B4,-0.00276,A_7.5_20_F_A,A_7.5_20_F_A,F_A,A_7.5,A,7.5,Ammonium,20,F,A,Y4B30,3A,Y4B30_exp3A,234,158,0
15,09_01_22,3,A,2,1,C4,C4,-0.00594,A_7.5_20_F_A,A_7.5_20_F_A,F_A,A_7.5,A,7.5,Ammonium,20,F,A,Y4B32,3A,Y4B32_exp3A,237,158,0
14,09_05_22,3,B,2,0,B4,B4,-0.00336,A_7.5_20_F_A,A_7.5_20_F_A,F_A,A_7.5,A,7.5,Ammonium,20,F,A,O14Y13,3B,O14Y13_exp3B,242,166,0
15,09_05_22,3,B,2,1,C4,C4,-0.00512,A_7.5_20_F_A,A_7.5_20_F_A,F_A,A_7.5,A,7.5,Ammonium,20,F,A,O14Y14,3B,O14Y14_exp3B,244,166,0
15,7_26_22,1,A,2,1,C4,C4,-0.00511,A_7.5_20_F_S,A_7.5_20_F_S,F_S,A_7.5,A,7.5,Ammonium,20,F,S,Y11B58,1A,Y11B58_exp1A,152,27,0
15,7_26_22,1,A,2,0,C4,C4,-0.00434,A_7.5_20_F_S,A_7.5_20_F_S,F_S,A_7.5,A,7.5,Ammonium,20,F,S,Y11B59,1A,Y11B59_exp1A,155,27,0
15,7_26_22,1,B,2,0,C4,C4,-0.00552,A_7.5_20_F_S,A_7.5_20_F_S,F_S,A_7.5,A,7.5,Ammonium,20,F,S,Y20B100,1B,Y20B100_exp1B,166,58,0
15,7_26_22,1,B,2,1,C4,C4,-0.00597,A_7.5_20_F_S,A_7.5_20_F_S,F_S,A_7.5,A,7.5,Ammonium,20,F,S,Y20B17,1B,Y20B17_exp1B,175,58,0
15,08_15_22,2,A,2,0,C4,C4,-0.00252,A_7.5_20_F_S,A_7.5_20_F_S,F_S,A_7.5,A,7.5,Ammonium,20,F,S,Y7B43,2A,Y7B43_exp2A,198,95,0
16,08_15_22,2,A,2,1,D4,D4,-0.00709,A_7.5_20_F_S,A_7.5_20_F_S,F_S,A_7.5,A,7.5,Ammonium,20,F,S,Y7B44,2A,Y7B44_exp2A,220,95,0
15,08_20_22,2,B,2,0,C4,C4,-0.00106,A_7.5_20_F_S,A_7.5_20_F_S,F_S,A_7.5,A,7.5,Ammonium,20,F,S,Y10B53,2B,Y10B53_exp2B,211,122,0
16,08_20_22,2,B,2,1,D4,D4,-0.00522,A_7.5_20_F_S,A_7.5_20_F_S,F_S,A_7.5,A,7.5,Ammonium,20,F,S,Y10B54,2B,Y10B54_exp2B,185,122,0
15,09_01_22,3,A,2,0,C4,C4,-0.00415,A_7.5_20_F_S,A_7.5_20_F_S,F_S,A_7.5,A,7.5,Ammonium,20,F,S,Y4B33,3A,Y4B33_exp3A,240,158,0
16,09_01_22,3,A,2,1,D4,D4,-0.00298,A_7.5_20_F_S,A_7.5_20_F_S,F_S,A_7.5,A,7.5,Ammonium,20,F,S,Y4B34,3A,Y4B34_exp3A,241,158,0
15,09_05_22,3,B,2,0,C4,C4,-0.00658,A_7.5_20_F_S,A_7.5_20_F_S,F_S,A_7.5,A,7.5,Ammonium,20,F,S,O14Y15,3B,O14Y15_exp3B,248,166,0
16,09_05_22,3,B,2,1,D4,D4,-0.00317,A_7.5_20_F_S,A_7.5_20_F_S,F_S,A_7.5,A,7.5,Ammonium,20,F,S,O14Y20,3B,O14Y20_exp3B,239,166,0
16,7_26_22,1,A,2,0,D4,D4,-0.00533,A_7.5_20_S_A,A_7.5_20_S_A,S_A,A_7.5,A,7.5,Ammonium,20,S,A,Y17B87,1A,Y17B87_exp1A,162,30,0
16,7_26_22,1,A,2,1,D4,D4,-0.0042,A_7.5_20_S_A,A_7.5_20_S_A,S_A,A_7.5,A,7.5,Ammonium,20,S,A,Y17B90,1A,Y17B90_exp1A,154,30,0
16,7_26_22,1,B,2,0,D4,D4,-0.00387,A_7.5_20_S_A,A_7.5_20_S_A,S_A,A_7.5,A,7.5,Ammonium,20,S,A,Y23B1026,1B,Y23B1026_exp1B,187,59,0
16,7_26_22,1,B,2,1,D4,D4,-0.00245,A_7.5_20_S_A,A_7.5_20_S_A,S_A,A_7.5,A,7.5,Ammonium,20,S,A,Y23B2009,1B,Y23B2009_exp1B,169,59,0
16,08_15_22,2,A,2,0,D4,D4,-0.00235,A_7.5_20_S_A,A_7.5_20_S_A,S_A,A_7.5,A,7.5,Ammonium,20,S,A,Y8B45,2A,Y8B45_exp2A,197,96,0
17,08_15_22,2,A,2,1,A5,A5,-0.00322,A_7.5_20_S_A,A_7.5_20_S_A,S_A,A_7.5,A,7.5,Ammonium,20,S,A,Y8B47,2A,Y8B47_exp2A,233,96,0
16,08_20_22,2,B,2,0,D4,D4,-0.00528,A_7.5_20_S_A,A_7.5_20_S_A,S_A,A_7.5,A,7.5,Ammonium,20,S,A,Y11B55,2B,Y11B55_exp2B,190,123,0
17,08_20_22,2,B,2,1,A5,A5,-0.00417,A_7.5_20_S_A,A_7.5_20_S_A,S_A,A_7.5,A,7.5,Ammonium,20,S,A,Y11B56,2B,Y11B56_exp2B,216,123,0
16,09_01_22,3,A,2,0,D4,D4,-0.00239,A_7.5_20_S_A,A_7.5_20_S_A,S_A,A_7.5,A,7.5,Ammonium,20,S,A,Y7B40,3A,Y7B40_exp3A,236,159,0
17,09_01_22,3,A,2,1,A5,A5,-0.00693,A_7.5_20_S_A,A_7.5_20_S_A,S_A,A_7.5,A,7.5,Ammonium,20,S,A,Y7B42,3A,Y7B42_exp3A,238,159,0
16,09_05_22,3,B,2,0,D4,D4,-0.00667,A_7.5_20_S_A,A_7.5_20_S_A,S_A,A_7.5,A,7.5,Ammonium,20,S,A,O15Y21,3B,O15Y21_exp3B,242,167,0
17,09_05_22,3,B,2,1,A5,A5,-0.00489,A_7.5_20_S_A,A_7.5_20_S_A,S_A,A_7.5,A,7.5,Ammonium,20,S,A,O15Y22,3B,O15Y22_exp3B,247,167,0
17,7_26_22,1,A,2,1,A5,A5,-0.00445,A_7.5_20_S_S,A_7.5_20_S_S,S_S,A_7.5,A,7.5,Ammonium,20,S,S,Y17B92,1A,Y17B92_exp1A,144,30,0
17,7_26_22,1,A,2,0,A5,A5,-0.00444,A_7.5_20_S_S,A_7.5_20_S_S,S_S,A_7.5,A,7.5,Ammonium,20,S,S,Y17B94,1A,Y17B94_exp1A,157,30,0
17,7_26_22,1,B,2,0,A5,A5,-0.00293,A_7.5_20_S_S,A_7.5_20_S_S,S_S,A_7.5,A,7.5,Ammonium,20,S,S,Y23B1927,1B,Y23B1927_exp1B,167,59,0
17,7_26_22,1,B,2,1,A5,A5,-0.00356,A_7.5_20_S_S,A_7.5_20_S_S,S_S,A_7.5,A,7.5,Ammonium,20,S,S,Y23B3299,1B,Y23B3299_exp1B,182,59,0
17,08_15_22,2,A,2,0,A5,A5,-0.00316,A_7.5_20_S_S,A_7.5_20_S_S,S_S,A_7.5,A,7.5,Ammonium,20,S,S,Y8B48,2A,Y8B48_exp2A,201,96,0
18,08_15_22,2,A,2,1,B5,B5,-0.0063,A_7.5_20_S_S,A_7.5_20_S_S,S_S,A_7.5,A,7.5,Ammonium,20,S,S,Y8B49,2A,Y8B49_exp2A,222,96,0
17,08_20_22,2,B,2,0,A5,A5,-0.00218,A_7.5_20_S_S,A_7.5_20_S_S,S_S,A_7.5,A,7.5,Ammonium,20,S,S,Y11B58,2B,Y11B58_exp2B,217,123,0
18,08_20_22,2,B,2,1,B5,B5,-0.0056,A_7.5_20_S_S,A_7.5_20_S_S,S_S,A_7.5,A,7.5,Ammonium,20,S,S,Y11B59,2B,Y11B59_exp2B,233,123,0
17,09_01_22,3,A,2,0,A5,A5,-0.00312,A_7.5_20_S_S,A_7.5_20_S_S,S_S,A_7.5,A,7.5,Ammonium,20,S,S,Y7B43,3A,Y7B43_exp3A,240,159,0
18,09_01_22,3,A,2,1,B5,B5,-0.00516,A_7.5_20_S_S,A_7.5_20_S_S,S_S,A_7.5,A,7.5,Ammonium,20,S,S,Y7B44,3A,Y7B44_exp3A,241,159,0
17,09_05_22,3,B,2,0,A5,A5,-0.00438,A_7.5_20_S_S,A_7.5_20_S_S,S_S,A_7.5,A,7.5,Ammonium,20,S,S,O15Y23,3B,O15Y23_exp3B,249,167,0
18,09_05_22,3,B,2,1,B5,B5,-0.00863,A_7.5_20_S_S,A_7.5_20_S_S,S_S,A_7.5,A,7.5,Ammonium,20,S,S,O15Y25,3B,O15Y25_exp3B,252,167,0
18,7_26_22,1,A,2,1,B5,B5,-0.00417,A_7.5_30_F_A,A_7.5_30_F_A,F_A,A_7.5,A,7.5,Ammonium,30,F,A,Y15B80,1A,Y15B80_exp1A,161,29,0
18,7_26_22,1,A,2,0,B5,B5,-0.00227,A_7.5_30_F_A,A_7.5_30_F_A,F_A,A_7.5,A,7.5,Ammonium,30,F,A,Y15B82,1A,Y15B82_exp1A,145,29,0
18,7_26_22,1,B,2,0,B5,B5,-0.00246,A_7.5_30_F_A,A_7.5_30_F_A,F_A,A_7.5,A,7.5,Ammonium,30,F,A,Y3B25,1B,Y3B25_exp1B,167,60,0
18,7_26_22,1,B,2,1,B5,B5,-0.00423,A_7.5_30_F_A,A_7.5_30_F_A,F_A,A_7.5,A,7.5,Ammonium,30,F,A,Y3B26,1B,Y3B26_exp1B,178,60,0
18,08_15_22,2,A,2,0,B5,B5,-0.00269,A_7.5_30_F_A,A_7.5_30_F_A,F_A,A_7.5,A,7.5,Ammonium,30,F,A,Y20B100,2A,Y20B100_exp2A,232,91,0
19,08_15_22,2,A,2,1,C5,C5,-0.00373,A_7.5_30_F_A,A_7.5_30_F_A,F_A,A_7.5,A,7.5,Ammonium,30,F,A,Y20B97,2A,Y20B97_exp2A,210,91,0
18,08_20_22,2,B,2,0,B5,B5,-0.00256,A_7.5_30_F_A,A_7.5_30_F_A,F_A,A_7.5,A,7.5,Ammonium,30,F,A,Y17B87,2B,Y17B87_exp2B,171,126,0
19,09_01_22,3,A,2,1,C5,C5,-0.00375,A_7.5_30_F_A,A_7.5_30_F_A,F_A,A_7.5,A,7.5,Ammonium,30,F,A,Y13B71,3A,Y13B71_exp3A,237,154,0
18,09_01_22,3,A,2,0,B5,B5,-0.00421,A_7.5_30_F_A,A_7.5_30_F_A,F_A,A_7.5,A,7.5,Ammonium,30,F,A,Y13B72,3A,Y13B72_exp3A,237,154,0
18,09_05_22,3,B,2,0,B5,B5,-0.00238,A_7.5_30_F_A,A_7.5_30_F_A,F_A,A_7.5,A,7.5,Ammonium,30,F,A,W13O56,3B,W13O56_exp3B,242,181,0
19,09_05_22,3,B,2,1,C5,C5,-0.00617,A_7.5_30_F_A,A_7.5_30_F_A,F_A,A_7.5,A,7.5,Ammonium,30,F,A,W13O57,3B,W13O57_exp3B,247,181,0
19,7_26_22,1,A,2,1,C5,C5,-0.00259,A_7.5_30_F_S,A_7.5_30_F_S,F_S,A_7.5,A,7.5,Ammonium,30,F,S,Y15B83,1A,Y15B83_exp1A,144,29,0
19,7_26_22,1,A,2,0,C5,C5,-0.00396,A_7.5_30_F_S,A_7.5_30_F_S,F_S,A_7.5,A,7.5,Ammonium,30,F,S,Y15B85,1A,Y15B85_exp1A,157,29,0
19,7_26_22,1,B,2,0,C5,C5,-0.00354,A_7.5_30_F_S,A_7.5_30_F_S,F_S,A_7.5,A,7.5,Ammonium,30,F,S,Y3B28,1B,Y3B28_exp1B,167,60,0
19,7_26_22,1,B,2,1,C5,C5,-0.00398,A_7.5_30_F_S,A_7.5_30_F_S,F_S,A_7.5,A,7.5,Ammonium,30,F,S,Y3B29,1B,Y3B29_exp1B,181,60,0
19,08_15_22,2,A,2,0,C5,C5,-0.00159,A_7.5_30_F_S,A_7.5_30_F_S,F_S,A_7.5,A,7.5,Ammonium,30,F,S,Y20B17,2A,Y20B17_exp2A,198,91,0
20,08_15_22,2,A,2,1,D5,D5,-0.00316,A_7.5_30_F_S,A_7.5_30_F_S,F_S,A_7.5,A,7.5,Ammonium,30,F,S,Y20B21,2A,Y20B21_exp2A,221,91,0
19,08_20_22,2,B,2,0,C5,C5,-0.00237,A_7.5_30_F_S,A_7.5_30_F_S,F_S,A_7.5,A,7.5,Ammonium,30,F,S,Y17B92,2B,Y17B92_exp2B,196,126,0
20,08_20_22,2,B,2,1,D5,D5,-0.00252,A_7.5_30_F_S,A_7.5_30_F_S,F_S,A_7.5,A,7.5,Ammonium,30,F,S,Y17B94,2B,Y17B94_exp2B,233,126,0
20,09_01_22,3,A,2,1,D5,D5,-0.00419,A_7.5_30_F_S,A_7.5_30_F_S,F_S,A_7.5,A,7.5,Ammonium,30,F,S,Y13B73,3A,Y13B73_exp3A,240,154,0
19,09_01_22,3,A,2,0,C5,C5,-0.00498,A_7.5_30_F_S,A_7.5_30_F_S,F_S,A_7.5,A,7.5,Ammonium,30,F,S,Y13B74,3A,Y13B74_exp3A,241,154,0
19,09_05_22,3,B,2,0,C5,C5,-0.00396,A_7.5_30_F_S,A_7.5_30_F_S,F_S,A_7.5,A,7.5,Ammonium,30,F,S,W13O58,3B,W13O58_exp3B,248,181,0
20,09_05_22,3,B,2,1,D5,D5,-0.00282,A_7.5_30_F_S,A_7.5_30_F_S,F_S,A_7.5,A,7.5,Ammonium,30,F,S,W13O60,3B,W13O60_exp3B,249,181,0
20,7_26_22,1,A,2,1,D5,D5,-0.0039,A_7.5_30_S_A,A_7.5_30_S_A,S_A,A_7.5,A,7.5,Ammonium,30,S,A,Y21B5628,1A,Y21B5628_exp1A,156,32,0
20,7_26_22,1,A,2,0,D5,D5,-0.00579,A_7.5_30_S_A,A_7.5_30_S_A,S_A,A_7.5,A,7.5,Ammonium,30,S,A,Y21B9940,1A,Y21B9940_exp1A,158,32,0
20,7_26_22,1,B,2,0,D5,D5,-0.00475,A_7.5_30_S_A,A_7.5_30_S_A,S_A,A_7.5,A,7.5,Ammonium,30,S,A,Y4B31,1B,Y4B31_exp1B,181,61,0
20,7_26_22,1,B,2,1,D5,D5,-0.0029,A_7.5_30_S_A,A_7.5_30_S_A,S_A,A_7.5,A,7.5,Ammonium,30,S,A,Y4B32,1B,Y4B32_exp1B,188,61,0
20,08_15_22,2,A,2,0,D5,D5,-0.00249,A_7.5_30_S_A,A_7.5_30_S_A,S_A,A_7.5,A,7.5,Ammonium,30,S,A,Y23B2009,2A,Y23B2009_exp2A,226,92,0
21,08_15_22,2,A,2,1,A6,A6,-0.00258,A_7.5_30_S_A,A_7.5_30_S_A,S_A,A_7.5,A,7.5,Ammonium,30,S,A,Y23B3299,2A,Y23B3299_exp2A,198,92,0
20,08_20_22,2,B,2,0,D5,D5,-0.00438,A_7.5_30_S_A,A_7.5_30_S_A,S_A,A_7.5,A,7.5,Ammonium,30,S,A,Y21B5G28,2B,Y21B5G28_exp2B,178,127,0
21,08_20_22,2,B,2,1,A6,A6,-0.00305,A_7.5_30_S_A,A_7.5_30_S_A,S_A,A_7.5,A,7.5,Ammonium,30,S,A,Y21B9940,2B,Y21B9940_exp2B,225,127,0
21,09_01_22,3,A,2,1,A6,A6,-0.00245,A_7.5_30_S_A,A_7.5_30_S_A,S_A,A_7.5,A,7.5,Ammonium,30,S,A,Y20B17,3A,Y20B17_exp3A,237,156,0
20,09_01_22,3,A,2,0,D5,D5,-0.00519,A_7.5_30_S_A,A_7.5_30_S_A,S_A,A_7.5,A,7.5,Ammonium,30,S,A,Y20B21,3A,Y20B21_exp3A,237,156,0
20,09_05_22,3,B,2,0,D5,D5,-0.00573,A_7.5_30_S_A,A_7.5_30_S_A,S_A,A_7.5,A,7.5,Ammonium,30,S,A,W14O62,3B,W14O62_exp3B,242,182,0
21,09_05_22,3,B,2,1,A6,A6,-0.00499,A_7.5_30_S_A,A_7.5_30_S_A,S_A,A_7.5,A,7.5,Ammonium,30,S,A,W14O63,3B,W14O63_exp3B,251,182,0
21,7_26_22,1,A,2,1,A6,A6,-0.00368,A_7.5_30_S_S,A_7.5_30_S_S,S_S,A_7.5,A,7.5,Ammonium,30,S,S,Y21B5437,1A,Y21B5437_exp1A,157,32,0
21,7_26_22,1,A,2,0,A6,A6,-0.00273,A_7.5_30_S_S,A_7.5_30_S_S,S_S,A_7.5,A,7.5,Ammonium,30,S,S,Y21B6232,1A,Y21B6232_exp1A,153,32,0
21,7_26_22,1,B,2,0,A6,A6,-0.00635,A_7.5_30_S_S,A_7.5_30_S_S,S_S,A_7.5,A,7.5,Ammonium,30,S,S,Y4B33,1B,Y4B33_exp1B,171,61,0
21,7_26_22,1,B,2,1,A6,A6,-0.00456,A_7.5_30_S_S,A_7.5_30_S_S,S_S,A_7.5,A,7.5,Ammonium,30,S,S,Y4B33,1B,Y4B33_exp1B,171,61,0
21,08_15_22,2,A,2,0,A6,A6,-0.00206,A_7.5_30_S_S,A_7.5_30_S_S,S_S,A_7.5,A,7.5,Ammonium,30,S,S,Y23B1026,2A,Y23B1026_exp2A,206,92,0
22,08_15_22,2,A,2,1,B6,B6,-0.00227,A_7.5_30_S_S,A_7.5_30_S_S,S_S,A_7.5,A,7.5,Ammonium,30,S,S,Y23B1927,2A,Y23B1927_exp2A,233,92,0
21,08_20_22,2,B,2,0,A6,A6,-0.00216,A_7.5_30_S_S,A_7.5_30_S_S,S_S,A_7.5,A,7.5,Ammonium,30,S,S,Y21B2759,2B,Y21B2759_exp2B,200,127,0
22,08_20_22,2,B,2,1,B6,B6,-0.00287,A_7.5_30_S_S,A_7.5_30_S_S,S_S,A_7.5,A,7.5,Ammonium,30,S,S,Y21B5031,2B,Y21B5031_exp2B,234,127,0
22,09_01_22,3,A,2,1,B6,B6,-0.00381,A_7.5_30_S_S,A_7.5_30_S_S,S_S,A_7.5,A,7.5,Ammonium,30,S,S,Y20B100,3A,Y20B100_exp3A,241,156,0
21,09_01_22,3,A,2,0,A6,A6,-0.00436,A_7.5_30_S_S,A_7.5_30_S_S,S_S,A_7.5,A,7.5,Ammonium,30,S,S,Y20B97,3A,Y20B97_exp3A,240,156,0
21,09_05_22,3,B,2,0,A6,A6,-0.00311,A_7.5_30_S_S,A_7.5_30_S_S,S_S,A_7.5,A,7.5,Ammonium,30,S,S,W14O64,3B,W14O64_exp3B,245,182,0
22,09_05_22,3,B,2,1,B6,B6,-0.00204,A_7.5_30_S_S,A_7.5_30_S_S,S_S,A_7.5,A,7.5,Ammonium,30,S,S,W14O66,3B,W14O66_exp3B,254,182,0
