col_num,treat_ID_full,e_coli,resp_rate,pollution,dose,temp,feed,symbiont,dose_level,new_treat_ID_full
168,N_0_20_F_A,0,-0.00489,Nitrate,0,20,Fed,Aposymbiotic,control-0,Nitrate_control-0_20_Fed_Aposymbiotic
150,N_0_20_F_A,1,-0.004220000000000001,Nitrate,0,20,Fed,Aposymbiotic,control-0,Nitrate_control-0_20_Fed_Aposymbiotic
145,N_0_20_F_S,1,-0.0027500000000000003,Nitrate,0,20,Fed,Symbiotic,control-0,Nitrate_control-0_20_Fed_Symbiotic
153,N_0_20_F_S,0,-0.0029300000000000003,Nitrate,0,20,Fed,Symbiotic,control-0,Nitrate_control-0_20_Fed_Symbiotic
150,N_0_20_S_A,0,-0.0029600000000000004,Nitrate,0,20,Starved,Aposymbiotic,control-0,Nitrate_control-0_20_Starved_Aposymbiotic
149,N_0_20_S_S,0,-0.0022400000000000002,Nitrate,0,20,Starved,Symbiotic,control-0,Nitrate_control-0_20_Starved_Symbiotic
157,N_0_20_S_S,1,-0.0051400000000000005,Nitrate,0,20,Starved,Symbiotic,control-0,Nitrate_control-0_20_Starved_Symbiotic
152,"A_0_20_F_A
",1,-0.0049900000000000005,Ammonium,0,20,Fed,Aposymbiotic,control-0,Ammonium_control-0_20_Fed_Aposymbiotic
152,"A_0_20_F_A
",0,-0.00299,Ammonium,0,20,Fed,Aposymbiotic,control-0,Ammonium_control-0_20_Fed_Aposymbiotic
143,A_0_20_F_S,0,-0.00184,Ammonium,0,20,Fed,Symbiotic,control-0,Ammonium_control-0_20_Fed_Symbiotic
155,A_0_20_F_S,1,-0.00385,Ammonium,0,20,Fed,Symbiotic,control-0,Ammonium_control-0_20_Fed_Symbiotic
168,N_0_30_F_A,1,-0.00303,Nitrate,0,30,Fed,Aposymbiotic,control-0,Nitrate_control-0_30_Fed_Aposymbiotic
150,N_0_30_F_A,0,-0.0044,Nitrate,0,30,Fed,Aposymbiotic,control-0,Nitrate_control-0_30_Fed_Aposymbiotic
147,N_0_30_F_S,1,-0.005200000000000001,Nitrate,0,30,Fed,Symbiotic,control-0,Nitrate_control-0_30_Fed_Symbiotic
153,N_0_30_F_S,0,-0.004370000000000001,Nitrate,0,30,Fed,Symbiotic,control-0,Nitrate_control-0_30_Fed_Symbiotic
162,N_0_30_S_A,1,-0.0024400000000000003,Nitrate,0,30,Starved,Aposymbiotic,control-0,Nitrate_control-0_30_Starved_Aposymbiotic
151,N_0_30_S_A,0,-0.0017800000000000001,Nitrate,0,30,Starved,Aposymbiotic,control-0,Nitrate_control-0_30_Starved_Aposymbiotic
154,N_0_30_S_S,0,-0.0032800000000000004,Nitrate,0,30,Starved,Symbiotic,control-0,Nitrate_control-0_30_Starved_Symbiotic
157,N_0_30_S_S,1,-0.004920000000000001,Nitrate,0,30,Starved,Symbiotic,control-0,Nitrate_control-0_30_Starved_Symbiotic
160,A_0_30_F_A,1,-0.0044800000000000005,Ammonium,0,30,Fed,Aposymbiotic,control-0,Ammonium_control-0_30_Fed_Aposymbiotic
144,A_0_30_F_A,0,-8.600000000000001e-4,Ammonium,0,30,Fed,Aposymbiotic,control-0,Ammonium_control-0_30_Fed_Aposymbiotic
144,A_0_30_F_S,0,-0.00285,Ammonium,0,30,Fed,Symbiotic,control-0,Ammonium_control-0_30_Fed_Symbiotic
155,A_0_30_F_S,1,-0.005790000000000001,Ammonium,0,30,Fed,Symbiotic,control-0,Ammonium_control-0_30_Fed_Symbiotic
155,A_0_30_S_A,1,-0.0038400000000000005,Ammonium,0,30,Starved,Aposymbiotic,control-0,Ammonium_control-0_30_Starved_Aposymbiotic
154,A_0_30_S_A,0,-0.00177,Ammonium,0,30,Starved,Aposymbiotic,control-0,Ammonium_control-0_30_Starved_Aposymbiotic
144,A_0_30_S_S,1,-0.0026100000000000003,Ammonium,0,30,Starved,Symbiotic,control-0,Ammonium_control-0_30_Starved_Symbiotic
157,A_0_30_S_S,0,-0.00826,Ammonium,0,30,Starved,Symbiotic,control-0,Ammonium_control-0_30_Starved_Symbiotic
146,A_0_20_S_A,1,-0.0029800000000000004,Ammonium,0,20,Starved,Aposymbiotic,control-0,Ammonium_control-0_20_Starved_Aposymbiotic
144,A_0_20_S_S,0,-0.003,Ammonium,0,20,Starved,Symbiotic,control-0,Ammonium_control-0_20_Starved_Symbiotic
153,A_0_20_S_S,1,-0.0037800000000000004,Ammonium,0,20,Starved,Symbiotic,control-0,Ammonium_control-0_20_Starved_Symbiotic
162,A_0_20_S_A,0,-0.00265,Ammonium,0,20,Starved,Aposymbiotic,control-0,Ammonium_control-0_20_Starved_Aposymbiotic
162,N_1.5_30_S_A,0,-0.00185,Nitrate,1.5,30,Starved,Aposymbiotic,Low,Nitrate_Low_30_Starved_Aposymbiotic
151,N_1.5_30_S_A,1,-0.0027600000000000003,Nitrate,1.5,30,Starved,Aposymbiotic,Low,Nitrate_Low_30_Starved_Aposymbiotic
152,N_1.5_30_S_S,0,-0.0034100000000000003,Nitrate,1.5,30,Starved,Symbiotic,Low,Nitrate_Low_30_Starved_Symbiotic
155,N_1.5_30_S_S,1,-0.0032700000000000003,Nitrate,1.5,30,Starved,Symbiotic,Low,Nitrate_Low_30_Starved_Symbiotic
162,A_5_20_S_A,1,-0.0026400000000000004,Ammonium,5,20,Starved,Aposymbiotic,Low,Ammonium_Low_20_Starved_Aposymbiotic
146,A_5_20_S_A,0,-0.005620000000000001,Ammonium,5,20,Starved,Aposymbiotic,Low,Ammonium_Low_20_Starved_Aposymbiotic
144,A_5_20_S_S,0,-0.00334,Ammonium,5,20,Starved,Symbiotic,Low,Ammonium_Low_20_Starved_Symbiotic
157,A_5_20_S_S,1,-0.00559,Ammonium,5,20,Starved,Symbiotic,Low,Ammonium_Low_20_Starved_Symbiotic
168,N_1.5_30_F_A,1,-0.0038200000000000005,Nitrate,1.5,30,Fed,Aposymbiotic,Low,Nitrate_Low_30_Fed_Aposymbiotic
150,N_1.5_30_F_A,0,-0.00318,Nitrate,1.5,30,Fed,Aposymbiotic,Low,Nitrate_Low_30_Fed_Aposymbiotic
142,N_1.5_30_F_S,0,-0.00282,Nitrate,1.5,30,Fed,Symbiotic,Low,Nitrate_Low_30_Fed_Symbiotic
168,N_1.5_20_F_A,1,-0.0063,Nitrate,1.5,20,Fed,Aposymbiotic,Low,Nitrate_Low_20_Fed_Aposymbiotic
150,N_1.5_20_F_A,0,-0.004690000000000001,Nitrate,1.5,20,Fed,Aposymbiotic,Low,Nitrate_Low_20_Fed_Aposymbiotic
147,N_1.5_20_F_S,0,-0.0044800000000000005,Nitrate,1.5,20,Fed,Symbiotic,Low,Nitrate_Low_20_Fed_Symbiotic
153,N_1.5_20_F_S,1,-0.005070000000000001,Nitrate,1.5,20,Fed,Symbiotic,Low,Nitrate_Low_20_Fed_Symbiotic
168,N_1.5_20_S_A,1,-0.0032900000000000004,Nitrate,1.5,20,Starved,Aposymbiotic,Low,Nitrate_Low_20_Starved_Aposymbiotic
150,N_1.5_20_S_A,0,-0.00222,Nitrate,1.5,20,Starved,Aposymbiotic,Low,Nitrate_Low_20_Starved_Aposymbiotic
150,N_1.5_20_S_S,0,-0.00266,Nitrate,1.5,20,Starved,Symbiotic,Low,Nitrate_Low_20_Starved_Symbiotic
157,N_1.5_20_S_S,1,-0.00738,Nitrate,1.5,20,Starved,Symbiotic,Low,Nitrate_Low_20_Starved_Symbiotic
145,A_5_30_F_A,0,-0.00504,Ammonium,5,30,Fed,Aposymbiotic,Low,Ammonium_Low_30_Fed_Aposymbiotic
152,A_5_30_F_S,0,-0.00283,Ammonium,5,30,Fed,Symbiotic,Low,Ammonium_Low_30_Fed_Symbiotic
157,A_5_30_F_S,0,-0.007850000000000001,Ammonium,5,30,Fed,Symbiotic,Low,Ammonium_Low_30_Fed_Symbiotic
152,A_5_20_F_A,0,-0.0053100000000000005,Ammonium,5,20,Fed,Aposymbiotic,Low,Ammonium_Low_20_Fed_Aposymbiotic
151,A_5_20_F_S,0,-0.0038,Ammonium,5,20,Fed,Symbiotic,Low,Ammonium_Low_20_Fed_Symbiotic
155,A_5_20_F_S,1,-0.0028,Ammonium,5,20,Fed,Symbiotic,Low,Ammonium_Low_20_Fed_Symbiotic
155,A_5_30_S_A,0,-0.0037600000000000003,Ammonium,5,30,Starved,Aposymbiotic,Low,Ammonium_Low_30_Starved_Aposymbiotic
157,A_5_30_S_A,1,-0.00644,Ammonium,5,30,Starved,Aposymbiotic,Low,Ammonium_Low_30_Starved_Aposymbiotic
153,A_5_30_S_S,0,-0.00559,Ammonium,5,30,Starved,Symbiotic,Low,Ammonium_Low_30_Starved_Symbiotic
157,A_5_30_S_S,1,-0.00461,Ammonium,5,30,Starved,Symbiotic,Low,Ammonium_Low_30_Starved_Symbiotic
162,A_10_30_F_A,1,-0.0034600000000000004,Ammonium,10,30,Fed,Aposymbiotic,High,Ammonium_High_30_Fed_Aposymbiotic
146,A_10_30_F_A,0,-0.00502,Ammonium,10,30,Fed,Aposymbiotic,High,Ammonium_High_30_Fed_Aposymbiotic
153,A_10_30_F_S,1,-0.0051600000000000005,Ammonium,10,30,Fed,Symbiotic,High,Ammonium_High_30_Fed_Symbiotic
157,A_10_30_F_S,0,-0.00868,Ammonium,10,30,Fed,Symbiotic,High,Ammonium_High_30_Fed_Symbiotic
150,A_10_30_S_A,1,-0.009710000000000002,Ammonium,10,30,Starved,Aposymbiotic,High,Ammonium_High_30_Starved_Aposymbiotic
165,A_10_30_S_A,0,-0.00595,Ammonium,10,30,Starved,Aposymbiotic,High,Ammonium_High_30_Starved_Aposymbiotic
153,A_10_30_S_S,0,-0.00284,Ammonium,10,30,Starved,Symbiotic,High,Ammonium_High_30_Starved_Symbiotic
157,A_10_30_S_S,1,-0.006980000000000001,Ammonium,10,30,Starved,Symbiotic,High,Ammonium_High_30_Starved_Symbiotic
150,N_18_20_F_A,0,-0.00265,Nitrate,18,20,Fed,Aposymbiotic,High,Nitrate_High_20_Fed_Aposymbiotic
147,N_18_20_F_S,0,-0.00661,Nitrate,18,20,Fed,Symbiotic,High,Nitrate_High_20_Fed_Symbiotic
153,N_18_20_F_S,1,-0.004920000000000001,Nitrate,18,20,Fed,Symbiotic,High,Nitrate_High_20_Fed_Symbiotic
168,N_18_20_F_A,1,-0.0037800000000000004,Nitrate,18,20,Fed,Aposymbiotic,High,Nitrate_High_20_Fed_Aposymbiotic
168,N_18_30_F_A,1,-0.00411,Nitrate,18,30,Fed,Aposymbiotic,High,Nitrate_High_30_Fed_Aposymbiotic
150,N_18_30_F_A,0,-0.0018300000000000002,Nitrate,18,30,Fed,Aposymbiotic,High,Nitrate_High_30_Fed_Aposymbiotic
142,N_18_30_F_S,0,-0.005390000000000001,Nitrate,18,30,Fed,Symbiotic,High,Nitrate_High_30_Fed_Symbiotic
153,N_18_30_F_S,1,-0.00551,Nitrate,18,30,Fed,Symbiotic,High,Nitrate_High_30_Fed_Symbiotic
162,N_18_20_S_A,0,-0.00419,Nitrate,18,20,Starved,Aposymbiotic,High,Nitrate_High_20_Starved_Aposymbiotic
151,N_18_20_S_A,1,-0.0053300000000000005,Nitrate,18,20,Starved,Aposymbiotic,High,Nitrate_High_20_Starved_Aposymbiotic
154,N_18_20_S_S,0,-0.0053100000000000005,Nitrate,18,20,Starved,Symbiotic,High,Nitrate_High_20_Starved_Symbiotic
157,N_18_20_S_S,1,-0.006500000000000001,Nitrate,18,20,Starved,Symbiotic,High,Nitrate_High_20_Starved_Symbiotic
163,N_18_30_S_A,1,-0.00566,Nitrate,18,30,Starved,Aposymbiotic,High,Nitrate_High_30_Starved_Aposymbiotic
151,N_18_30_S_A,0,-0.00434,Nitrate,18,30,Starved,Aposymbiotic,High,Nitrate_High_30_Starved_Aposymbiotic
152,N_18_30_S_S,0,-0.00423,Nitrate,18,30,Starved,Symbiotic,High,Nitrate_High_30_Starved_Symbiotic
155,N_18_30_S_S,1,-0.00451,Nitrate,18,30,Starved,Symbiotic,High,Nitrate_High_30_Starved_Symbiotic
153,A_10_20_F_A,1,-0.004370000000000001,Ammonium,10,20,Fed,Aposymbiotic,High,Ammonium_High_20_Fed_Aposymbiotic
144,A_10_20_F_A,0,-0.0029600000000000004,Ammonium,10,20,Fed,Aposymbiotic,High,Ammonium_High_20_Fed_Aposymbiotic
143,A_10_20_F_S,0,-0.005840000000000001,Ammonium,10,20,Fed,Symbiotic,High,Ammonium_High_20_Fed_Symbiotic
152,A_10_20_F_S,1,-0.014770000000000002,Ammonium,10,20,Fed,Symbiotic,High,Ammonium_High_20_Fed_Symbiotic
154,A_10_20_S_A,0,-0.0050100000000000006,Ammonium,10,20,Starved,Aposymbiotic,High,Ammonium_High_20_Starved_Aposymbiotic
154,A_10_20_S_A,1,-0.007090000000000001,Ammonium,10,20,Starved,Aposymbiotic,High,Ammonium_High_20_Starved_Aposymbiotic
144,A_10_20_S_S,0,-0.0073,Ammonium,10,20,Starved,Symbiotic,High,Ammonium_High_20_Starved_Symbiotic
153,A_10_20_S_S,1,-0.006960000000000001,Ammonium,10,20,Starved,Symbiotic,High,Ammonium_High_20_Starved_Symbiotic
150,N_5_20_S_A,0,-0.00585,Nitrate,5,20,Starved,Aposymbiotic,Medium,Nitrate_Medium_20_Starved_Aposymbiotic
154,N_5_20_S_S,0,-0.0034700000000000004,Nitrate,5,20,Starved,Symbiotic,Medium,Nitrate_Medium_20_Starved_Symbiotic
157,N_5_20_S_S,1,-0.0061600000000000005,Nitrate,5,20,Starved,Symbiotic,Medium,Nitrate_Medium_20_Starved_Symbiotic
153,A_7.5_20_F_A,1,-0.0028100000000000004,Ammonium,7.5,20,Fed,Aposymbiotic,Medium,Ammonium_Medium_20_Fed_Aposymbiotic
143,A_7.5_20_F_A,0,-0.0043300000000000005,Ammonium,7.5,20,Fed,Aposymbiotic,Medium,Ammonium_Medium_20_Fed_Aposymbiotic
152,A_7.5_20_F_S,1,-0.005110000000000001,Ammonium,7.5,20,Fed,Symbiotic,Medium,Ammonium_Medium_20_Fed_Symbiotic
155,A_7.5_20_F_S,0,-0.00434,Ammonium,7.5,20,Fed,Symbiotic,Medium,Ammonium_Medium_20_Fed_Symbiotic
162,N_5_30_S_A,1,-0.00466,Nitrate,5,30,Starved,Aposymbiotic,Medium,Nitrate_Medium_30_Starved_Aposymbiotic
151,N_5_30_S_A,0,-0.0058000000000000005,Nitrate,5,30,Starved,Aposymbiotic,Medium,Nitrate_Medium_30_Starved_Aposymbiotic
152,N_5_30_S_S,0,-0.00237,Nitrate,5,30,Starved,Symbiotic,Medium,Nitrate_Medium_30_Starved_Symbiotic
155,N_5_30_S_S,1,-0.00367,Nitrate,5,30,Starved,Symbiotic,Medium,Nitrate_Medium_30_Starved_Symbiotic
161,A_7.5_30_F_A,1,-0.00417,Ammonium,7.5,30,Fed,Aposymbiotic,Medium,Ammonium_Medium_30_Fed_Aposymbiotic
145,A_7.5_30_F_A,0,-0.0022700000000000003,Ammonium,7.5,30,Fed,Aposymbiotic,Medium,Ammonium_Medium_30_Fed_Aposymbiotic
144,A_7.5_30_F_S,1,-0.0025900000000000003,Ammonium,7.5,30,Fed,Symbiotic,Medium,Ammonium_Medium_30_Fed_Symbiotic
157,A_7.5_30_F_S,0,-0.00396,Ammonium,7.5,30,Fed,Symbiotic,Medium,Ammonium_Medium_30_Fed_Symbiotic
162,A_7.5_20_S_A,0,-0.0053300000000000005,Ammonium,7.5,20,Starved,Aposymbiotic,Medium,Ammonium_Medium_20_Starved_Aposymbiotic
154,A_7.5_20_S_A,1,-0.004200000000000001,Ammonium,7.5,20,Starved,Aposymbiotic,Medium,Ammonium_Medium_20_Starved_Aposymbiotic
144,A_7.5_20_S_S,1,-0.00445,Ammonium,7.5,20,Starved,Symbiotic,Medium,Ammonium_Medium_20_Starved_Symbiotic
157,A_7.5_20_S_S,0,-0.00444,Ammonium,7.5,20,Starved,Symbiotic,Medium,Ammonium_Medium_20_Starved_Symbiotic
142,N_5_20_F_S,0,-0.00462,Nitrate,5,20,Fed,Symbiotic,Medium,Nitrate_Medium_20_Fed_Symbiotic
153,N_5_20_F_S,1,-0.00391,Nitrate,5,20,Fed,Symbiotic,Medium,Nitrate_Medium_20_Fed_Symbiotic
168,N_5_20_F_A,1,-0.005220000000000001,Nitrate,5,20,Fed,Aposymbiotic,Medium,Nitrate_Medium_20_Fed_Aposymbiotic
150,N_5_20_F_A,0,-0.005730000000000001,Nitrate,5,20,Fed,Aposymbiotic,Medium,Nitrate_Medium_20_Fed_Aposymbiotic
157,A_7.5_30_S_S,1,-0.00368,Ammonium,7.5,30,Starved,Symbiotic,Medium,Ammonium_Medium_30_Starved_Symbiotic
156,A_7.5_30_S_A,1,-0.0039000000000000003,Ammonium,7.5,30,Starved,Aposymbiotic,Medium,Ammonium_Medium_30_Starved_Aposymbiotic
153,A_7.5_30_S_S,0,-0.0027300000000000002,Ammonium,7.5,30,Starved,Symbiotic,Medium,Ammonium_Medium_30_Starved_Symbiotic
158,A_7.5_30_S_A,0,-0.005790000000000001,Ammonium,7.5,30,Starved,Aposymbiotic,Medium,Ammonium_Medium_30_Starved_Aposymbiotic
168,N_5_30_F_A,1,-0.0035700000000000003,Nitrate,5,30,Fed,Aposymbiotic,Medium,Nitrate_Medium_30_Fed_Aposymbiotic
150,N_5_30_F_A,0,-0.0033200000000000005,Nitrate,5,30,Fed,Aposymbiotic,Medium,Nitrate_Medium_30_Fed_Aposymbiotic
149,N_5_30_F_S,0,-0.00354,Nitrate,5,30,Fed,Symbiotic,Medium,Nitrate_Medium_30_Fed_Symbiotic
153,N_5_30_F_S,1,-0.004560000000000001,Nitrate,5,30,Fed,Symbiotic,Medium,Nitrate_Medium_30_Fed_Symbiotic
167,A_0_30_F_S,0,-0.00427,Ammonium,0,30,Fed,Symbiotic,control-0,Ammonium_control-0_30_Fed_Symbiotic
178,A_0_30_F_S,1,-0.0026400000000000004,Ammonium,0,30,Fed,Symbiotic,control-0,Ammonium_control-0_30_Fed_Symbiotic
167,A_0_30_F_A,0,-0.00317,Ammonium,0,30,Fed,Aposymbiotic,control-0,Ammonium_control-0_30_Fed_Aposymbiotic
184,A_0_30_F_A,1,-0.00234,Ammonium,0,30,Fed,Aposymbiotic,control-0,Ammonium_control-0_30_Fed_Aposymbiotic
169,N_0_20_F_A,0,-0.0012300000000000002,Nitrate,0,20,Fed,Aposymbiotic,control-0,Nitrate_control-0_20_Fed_Aposymbiotic
183,N_0_20_F_A,1,-0.0030600000000000002,Nitrate,0,20,Fed,Aposymbiotic,control-0,Nitrate_control-0_20_Fed_Aposymbiotic
171,N_0_20_F_S,1,-0.0036000000000000003,Nitrate,0,20,Fed,Symbiotic,control-0,Nitrate_control-0_20_Fed_Symbiotic
166,N_0_20_S_A,0,-0.0028100000000000004,Nitrate,0,20,Starved,Aposymbiotic,control-0,Nitrate_control-0_20_Starved_Aposymbiotic
184,N_0_20_S_A,1,-0.0022800000000000003,Nitrate,0,20,Starved,Aposymbiotic,control-0,Nitrate_control-0_20_Starved_Aposymbiotic
164,N_0_20_S_S,0,-0.00201,Nitrate,0,20,Starved,Symbiotic,control-0,Nitrate_control-0_20_Starved_Symbiotic
172,N_0_20_S_S,1,-0.0026000000000000003,Nitrate,0,20,Starved,Symbiotic,control-0,Nitrate_control-0_20_Starved_Symbiotic
181,A_0_30_S_A,0,-0.00299,Ammonium,0,30,Starved,Aposymbiotic,control-0,Ammonium_control-0_30_Starved_Aposymbiotic
187,A_0_30_S_A,1,-0.0011,Ammonium,0,30,Starved,Aposymbiotic,control-0,Ammonium_control-0_30_Starved_Aposymbiotic
167,A_0_30_S_S,0,-0.0014600000000000001,Ammonium,0,30,Starved,Symbiotic,control-0,Ammonium_control-0_30_Starved_Symbiotic
182,A_0_30_S_S,1,-0.004390000000000001,Ammonium,0,30,Starved,Symbiotic,control-0,Ammonium_control-0_30_Starved_Symbiotic
178,"A_0_20_F_A
",0,-0.0029300000000000003,Ammonium,0,20,Fed,Aposymbiotic,control-0,Ammonium_control-0_20_Fed_Aposymbiotic
184,"A_0_20_F_A
",1,-0.00152,Ammonium,0,20,Fed,Aposymbiotic,control-0,Ammonium_control-0_20_Fed_Aposymbiotic
166,A_0_20_F_S,0,-0.00185,Ammonium,0,20,Fed,Symbiotic,control-0,Ammonium_control-0_20_Fed_Symbiotic
173,A_0_20_F_S,1,-0.00201,Ammonium,0,20,Fed,Symbiotic,control-0,Ammonium_control-0_20_Fed_Symbiotic
168,A_0_20_S_A,0,-0.0035600000000000002,Ammonium,0,20,Starved,Aposymbiotic,control-0,Ammonium_control-0_20_Starved_Aposymbiotic
187,A_0_20_S_A,1,-0.00107,Ammonium,0,20,Starved,Aposymbiotic,control-0,Ammonium_control-0_20_Starved_Aposymbiotic
167,A_0_20_S_S,0,-0.00529,Ammonium,0,20,Starved,Symbiotic,control-0,Ammonium_control-0_20_Starved_Symbiotic
182,A_0_20_S_S,1,-0.0034800000000000005,Ammonium,0,20,Starved,Symbiotic,control-0,Ammonium_control-0_20_Starved_Symbiotic
164,N_0_30_F_A,0,-0.0013800000000000002,Nitrate,0,30,Fed,Aposymbiotic,control-0,Nitrate_control-0_30_Fed_Aposymbiotic
183,N_0_30_F_A,1,-0.00445,Nitrate,0,30,Fed,Aposymbiotic,control-0,Nitrate_control-0_30_Fed_Aposymbiotic
161,N_0_30_F_S,0,-0.00423,Nitrate,0,30,Fed,Symbiotic,control-0,Nitrate_control-0_30_Fed_Symbiotic
171,N_0_30_F_S,1,-0.0029800000000000004,Nitrate,0,30,Fed,Symbiotic,control-0,Nitrate_control-0_30_Fed_Symbiotic
166,N_0_30_S_A,0,-0.0024300000000000003,Nitrate,0,30,Starved,Aposymbiotic,control-0,Nitrate_control-0_30_Starved_Aposymbiotic
171,N_0_30_S_A,1,-0.0024700000000000004,Nitrate,0,30,Starved,Aposymbiotic,control-0,Nitrate_control-0_30_Starved_Aposymbiotic
164,N_0_30_S_S,0,-0.00305,Nitrate,0,30,Starved,Symbiotic,control-0,Nitrate_control-0_30_Starved_Symbiotic
172,N_0_30_S_S,1,-0.0027400000000000002,Nitrate,0,30,Starved,Symbiotic,control-0,Nitrate_control-0_30_Starved_Symbiotic
161,N_1.5_30_F_S,0,-0.0048400000000000006,Nitrate,1.5,30,Fed,Symbiotic,Low,Nitrate_Low_30_Fed_Symbiotic
183,N_1.5_30_F_A,0,-0.0034800000000000005,Nitrate,1.5,30,Fed,Aposymbiotic,Low,Nitrate_Low_30_Fed_Aposymbiotic
171,N_1.5_30_F_S,1,-0.00385,Nitrate,1.5,30,Fed,Symbiotic,Low,Nitrate_Low_30_Fed_Symbiotic
165,N_1.5_30_F_A,1,-0.00272,Nitrate,1.5,30,Fed,Aposymbiotic,Low,Nitrate_Low_30_Fed_Aposymbiotic
166,N_1.5_30_S_A,0,-0.0034400000000000003,Nitrate,1.5,30,Starved,Aposymbiotic,Low,Nitrate_Low_30_Starved_Aposymbiotic
184,N_1.5_30_S_A,1,-0.00251,Nitrate,1.5,30,Starved,Aposymbiotic,Low,Nitrate_Low_30_Starved_Aposymbiotic
165,N_1.5_30_S_S,0,-0.0035800000000000003,Nitrate,1.5,30,Starved,Symbiotic,Low,Nitrate_Low_30_Starved_Symbiotic
163,N_1.5_20_F_A,0,-0.007470000000000001,Nitrate,1.5,20,Fed,Aposymbiotic,Low,Nitrate_Low_20_Fed_Aposymbiotic
169,N_1.5_20_F_A,1,-0.0024500000000000004,Nitrate,1.5,20,Fed,Aposymbiotic,Low,Nitrate_Low_20_Fed_Aposymbiotic
160,N_1.5_20_F_S,0,-0.007430000000000001,Nitrate,1.5,20,Fed,Symbiotic,Low,Nitrate_Low_20_Fed_Symbiotic
171,N_1.5_20_F_S,1,-0.00527,Nitrate,1.5,20,Fed,Symbiotic,Low,Nitrate_Low_20_Fed_Symbiotic
181,A_5_30_F_S,0,-0.0036100000000000004,Ammonium,5,30,Fed,Symbiotic,Low,Ammonium_Low_30_Fed_Symbiotic
167,A_5_30_F_S,0,-0.00447,Ammonium,5,30,Fed,Symbiotic,Low,Ammonium_Low_30_Fed_Symbiotic
167,A_5_30_F_A,0,-0.0034700000000000004,Ammonium,5,30,Fed,Aposymbiotic,Low,Ammonium_Low_30_Fed_Aposymbiotic
178,A_5_30_F_A,1,-0.0032700000000000003,Ammonium,5,30,Fed,Aposymbiotic,Low,Ammonium_Low_30_Fed_Aposymbiotic
164,N_1.5_20_S_S,0,-0.0031100000000000004,Nitrate,1.5,20,Starved,Symbiotic,Low,Nitrate_Low_20_Starved_Symbiotic
172,N_1.5_20_S_S,1,-0.005070000000000001,Nitrate,1.5,20,Starved,Symbiotic,Low,Nitrate_Low_20_Starved_Symbiotic
166,N_1.5_20_S_A,0,-0.005180000000000001,Nitrate,1.5,20,Starved,Aposymbiotic,Low,Nitrate_Low_20_Starved_Aposymbiotic
184,N_1.5_20_S_A,1,-0.0029200000000000003,Nitrate,1.5,20,Starved,Aposymbiotic,Low,Nitrate_Low_20_Starved_Aposymbiotic
167,A_5_20_F_A,0,-0.0027600000000000003,Ammonium,5,20,Fed,Aposymbiotic,Low,Ammonium_Low_20_Fed_Aposymbiotic
178,A_5_20_F_A,1,-0.0017400000000000002,Ammonium,5,20,Fed,Aposymbiotic,Low,Ammonium_Low_20_Fed_Aposymbiotic
166,A_5_20_F_S,0,-0.00238,Ammonium,5,20,Fed,Symbiotic,Low,Ammonium_Low_20_Fed_Symbiotic
173,A_5_20_F_S,1,-0.0037600000000000003,Ammonium,5,20,Fed,Symbiotic,Low,Ammonium_Low_20_Fed_Symbiotic
168,A_5_20_S_A,0,-0.0020800000000000003,Ammonium,5,20,Starved,Aposymbiotic,Low,Ammonium_Low_20_Starved_Aposymbiotic
187,A_5_20_S_A,1,-0.0025700000000000002,Ammonium,5,20,Starved,Aposymbiotic,Low,Ammonium_Low_20_Starved_Aposymbiotic
167,A_5_20_S_S,0,-0.0037500000000000003,Ammonium,5,20,Starved,Symbiotic,Low,Ammonium_Low_20_Starved_Symbiotic
182,A_5_20_S_S,1,-0.004070000000000001,Ammonium,5,20,Starved,Symbiotic,Low,Ammonium_Low_20_Starved_Symbiotic
163,N_18_20_F_A,0,-0.00568,Nitrate,18,20,Fed,Aposymbiotic,High,Nitrate_High_20_Fed_Aposymbiotic
169,N_18_20_F_A,1,-0.00288,Nitrate,18,20,Fed,Aposymbiotic,High,Nitrate_High_20_Fed_Aposymbiotic
161,N_18_20_F_S,0,-0.00462,Nitrate,18,20,Fed,Symbiotic,High,Nitrate_High_20_Fed_Symbiotic
171,N_18_20_F_S,1,-0.006520000000000001,Nitrate,18,20,Fed,Symbiotic,High,Nitrate_High_20_Fed_Symbiotic
171,N_18_20_S_A,0,-0.00233,Nitrate,18,20,Starved,Aposymbiotic,High,Nitrate_High_20_Starved_Aposymbiotic
184,N_18_20_S_A,1,-0.004390000000000001,Nitrate,18,20,Starved,Aposymbiotic,High,Nitrate_High_20_Starved_Aposymbiotic
164,N_18_20_S_S,0,-0.00468,Nitrate,18,20,Starved,Symbiotic,High,Nitrate_High_20_Starved_Symbiotic
172,N_18_20_S_S,1,-0.00564,Nitrate,18,20,Starved,Symbiotic,High,Nitrate_High_20_Starved_Symbiotic
178,A_10_20_F_A,0,-0.004540000000000001,Ammonium,10,20,Fed,Aposymbiotic,High,Ammonium_High_20_Fed_Aposymbiotic
184,A_10_20_F_A,1,-0.006200000000000001,Ammonium,10,20,Fed,Aposymbiotic,High,Ammonium_High_20_Fed_Aposymbiotic
167,A_10_20_F_S,0,-0.00962,Ammonium,10,20,Fed,Symbiotic,High,Ammonium_High_20_Fed_Symbiotic
176,A_10_20_F_S,1,-0.00317,Ammonium,10,20,Fed,Symbiotic,High,Ammonium_High_20_Fed_Symbiotic
180,A_10_20_S_A,0,-0.00304,Ammonium,10,20,Starved,Aposymbiotic,High,Ammonium_High_20_Starved_Aposymbiotic
187,A_10_20_S_A,1,-0.00451,Ammonium,10,20,Starved,Aposymbiotic,High,Ammonium_High_20_Starved_Aposymbiotic
167,A_10_20_S_S,0,-0.00391,Ammonium,10,20,Starved,Symbiotic,High,Ammonium_High_20_Starved_Symbiotic
182,A_10_20_S_S,1,-0.0049700000000000005,Ammonium,10,20,Starved,Symbiotic,High,Ammonium_High_20_Starved_Symbiotic
169,A_10_30_S_A,0,-0.00175,Ammonium,10,30,Starved,Aposymbiotic,High,Ammonium_High_30_Starved_Aposymbiotic
190,A_10_30_S_A,1,-0.005240000000000001,Ammonium,10,30,Starved,Aposymbiotic,High,Ammonium_High_30_Starved_Aposymbiotic
171,A_10_30_S_S,0,-0.0030900000000000003,Ammonium,10,30,Starved,Symbiotic,High,Ammonium_High_30_Starved_Symbiotic
185,A_10_30_S_S,1,-0.0037500000000000003,Ammonium,10,30,Starved,Symbiotic,High,Ammonium_High_30_Starved_Symbiotic
184,N_18_30_S_A,1,-0.0030600000000000002,Nitrate,18,30,Starved,Aposymbiotic,High,Nitrate_High_30_Starved_Aposymbiotic
173,N_18_30_S_S,1,-0.0027700000000000003,Nitrate,18,30,Starved,Symbiotic,High,Nitrate_High_30_Starved_Symbiotic
178,A_10_30_F_A,0,-0.0037700000000000003,Ammonium,10,30,Fed,Aposymbiotic,High,Ammonium_High_30_Fed_Aposymbiotic
187,A_10_30_F_A,1,-0.0018900000000000002,Ammonium,10,30,Fed,Aposymbiotic,High,Ammonium_High_30_Fed_Aposymbiotic
167,A_10_30_F_S,0,-0.0031500000000000005,Ammonium,10,30,Fed,Symbiotic,High,Ammonium_High_30_Fed_Symbiotic
182,A_10_30_F_S,1,-0.00436,Ammonium,10,30,Fed,Symbiotic,High,Ammonium_High_30_Fed_Symbiotic
163,N_18_30_F_S,0,-0.0032900000000000004,Nitrate,18,30,Fed,Symbiotic,High,Nitrate_High_30_Fed_Symbiotic
171,N_18_30_F_S,1,-0.004520000000000001,Nitrate,18,30,Fed,Symbiotic,High,Nitrate_High_30_Fed_Symbiotic
166,N_18_30_F_A,0,-0.0041400000000000005,Nitrate,18,30,Fed,Aposymbiotic,High,Nitrate_High_30_Fed_Aposymbiotic
184,N_18_30_F_A,1,-0.0043,Nitrate,18,30,Fed,Aposymbiotic,High,Nitrate_High_30_Fed_Aposymbiotic
169,A_5_30_S_A,0,-0.0011400000000000002,Ammonium,5,30,Starved,Aposymbiotic,Low,Ammonium_Low_30_Starved_Aposymbiotic
187,A_5_30_S_A,1,-0.0018600000000000001,Ammonium,5,30,Starved,Aposymbiotic,Low,Ammonium_Low_30_Starved_Aposymbiotic
167,A_5_30_S_S,0,-0.004710000000000001,Ammonium,5,30,Starved,Symbiotic,Low,Ammonium_Low_30_Starved_Symbiotic
182,A_5_30_S_S,1,-0.0029400000000000003,Ammonium,5,30,Starved,Symbiotic,Low,Ammonium_Low_30_Starved_Symbiotic
166,N_5_20_S_A,0,-0.008150000000000001,Nitrate,5,20,Starved,Aposymbiotic,Medium,Nitrate_Medium_20_Starved_Aposymbiotic
184,N_5_20_S_A,1,-0.00572,Nitrate,5,20,Starved,Aposymbiotic,Medium,Nitrate_Medium_20_Starved_Aposymbiotic
164,N_5_20_S_S,0,-0.0035700000000000003,Nitrate,5,20,Starved,Symbiotic,Medium,Nitrate_Medium_20_Starved_Symbiotic
172,N_5_20_S_S,1,-0.00353,Nitrate,5,20,Starved,Symbiotic,Medium,Nitrate_Medium_20_Starved_Symbiotic
166,A_7.5_20_F_S,0,-0.005520000000000001,Ammonium,7.5,20,Fed,Symbiotic,Medium,Ammonium_Medium_20_Fed_Symbiotic
175,A_7.5_20_F_S,1,-0.0059700000000000005,Ammonium,7.5,20,Fed,Symbiotic,Medium,Ammonium_Medium_20_Fed_Symbiotic
178,A_7.5_20_F_A,0,-0.004220000000000001,Ammonium,7.5,20,Fed,Aposymbiotic,Medium,Ammonium_Medium_20_Fed_Aposymbiotic
184,A_7.5_20_F_A,1,-0.00251,Ammonium,7.5,20,Fed,Aposymbiotic,Medium,Ammonium_Medium_20_Fed_Aposymbiotic
187,A_7.5_20_S_A,0,-0.00387,Ammonium,7.5,20,Starved,Aposymbiotic,Medium,Ammonium_Medium_20_Starved_Aposymbiotic
167,A_7.5_20_S_S,0,-0.0029300000000000003,Ammonium,7.5,20,Starved,Symbiotic,Medium,Ammonium_Medium_20_Starved_Symbiotic
169,A_7.5_20_S_A,1,-0.0024500000000000004,Ammonium,7.5,20,Starved,Aposymbiotic,Medium,Ammonium_Medium_20_Starved_Aposymbiotic
182,A_7.5_20_S_S,1,-0.0035600000000000002,Ammonium,7.5,20,Starved,Symbiotic,Medium,Ammonium_Medium_20_Starved_Symbiotic
167,A_7.5_30_F_A,0,-0.0024600000000000004,Ammonium,7.5,30,Fed,Aposymbiotic,Medium,Ammonium_Medium_30_Fed_Aposymbiotic
178,A_7.5_30_F_A,1,-0.00423,Ammonium,7.5,30,Fed,Aposymbiotic,Medium,Ammonium_Medium_30_Fed_Aposymbiotic
167,A_7.5_30_F_S,0,-0.00354,Ammonium,7.5,30,Fed,Symbiotic,Medium,Ammonium_Medium_30_Fed_Symbiotic
181,A_7.5_30_F_S,1,-0.00398,Ammonium,7.5,30,Fed,Symbiotic,Medium,Ammonium_Medium_30_Fed_Symbiotic
181,A_7.5_30_S_A,0,-0.004750000000000001,Ammonium,7.5,30,Starved,Aposymbiotic,Medium,Ammonium_Medium_30_Starved_Aposymbiotic
188,A_7.5_30_S_A,1,-0.0029000000000000002,Ammonium,7.5,30,Starved,Aposymbiotic,Medium,Ammonium_Medium_30_Starved_Aposymbiotic
171,A_7.5_30_S_S,0,-0.006350000000000001,Ammonium,7.5,30,Starved,Symbiotic,Medium,Ammonium_Medium_30_Starved_Symbiotic
171,A_7.5_30_S_S,1,-0.004560000000000001,Ammonium,7.5,30,Starved,Symbiotic,Medium,Ammonium_Medium_30_Starved_Symbiotic
160,N_5_20_F_A,0,-0.005240000000000001,Nitrate,5,20,Fed,Aposymbiotic,Medium,Nitrate_Medium_20_Fed_Aposymbiotic
169,N_5_20_F_A,1,-0.0024300000000000003,Nitrate,5,20,Fed,Aposymbiotic,Medium,Nitrate_Medium_20_Fed_Aposymbiotic
161,N_5_20_F_S,0,-0.006540000000000001,Nitrate,5,20,Fed,Symbiotic,Medium,Nitrate_Medium_20_Fed_Symbiotic
171,N_5_20_F_S,1,-0.0048400000000000006,Nitrate,5,20,Fed,Symbiotic,Medium,Nitrate_Medium_20_Fed_Symbiotic
165,N_5_30_F_A,0,-0.003920000000000001,Nitrate,5,30,Fed,Aposymbiotic,Medium,Nitrate_Medium_30_Fed_Aposymbiotic
170,N_5_30_F_A,1,-0.005840000000000001,Nitrate,5,30,Fed,Aposymbiotic,Medium,Nitrate_Medium_30_Fed_Aposymbiotic
163,N_5_30_F_S,0,-0.0040100000000000005,Nitrate,5,30,Fed,Symbiotic,Medium,Nitrate_Medium_30_Fed_Symbiotic
171,N_5_30_F_S,1,-0.005050000000000001,Nitrate,5,30,Fed,Symbiotic,Medium,Nitrate_Medium_30_Fed_Symbiotic
171,N_5_30_S_A,0,-0.0027300000000000002,Nitrate,5,30,Starved,Aposymbiotic,Medium,Nitrate_Medium_30_Starved_Aposymbiotic
184,N_5_30_S_A,1,-0.0041,Nitrate,5,30,Starved,Aposymbiotic,Medium,Nitrate_Medium_30_Starved_Aposymbiotic
166,N_5_30_S_S,0,-0.00393,Nitrate,5,30,Starved,Symbiotic,Medium,Nitrate_Medium_30_Starved_Symbiotic
173,N_5_30_S_S,1,-0.00425,Nitrate,5,30,Starved,Symbiotic,Medium,Nitrate_Medium_30_Starved_Symbiotic
175,N_0_20_F_S,0,-0.0056,Nitrate,0,20,Fed,Symbiotic,control-0,Nitrate_control-0_20_Fed_Symbiotic
206,N_0_20_F_S,1,-0.00479,Nitrate,0,20,Fed,Symbiotic,control-0,Nitrate_control-0_20_Fed_Symbiotic
174,N_0_20_F_A,0,-0.007070000000000001,Nitrate,0,20,Fed,Aposymbiotic,control-0,Nitrate_control-0_20_Fed_Aposymbiotic
226,N_0_20_F_A,1,-0.00394,Nitrate,0,20,Fed,Aposymbiotic,control-0,Nitrate_control-0_20_Fed_Aposymbiotic
207,N_0_20_S_S,0,-0.009460000000000001,Nitrate,0,20,Starved,Symbiotic,control-0,Nitrate_control-0_20_Starved_Symbiotic
228,N_0_20_S_A,1,-0.007150000000000001,Nitrate,0,20,Starved,Aposymbiotic,control-0,Nitrate_control-0_20_Starved_Aposymbiotic
186,N_0_20_S_S,1,-0.006750000000000001,Nitrate,0,20,Starved,Symbiotic,control-0,Nitrate_control-0_20_Starved_Symbiotic
194,"A_0_20_F_A
",0,-0.0050100000000000006,Ammonium,0,20,Fed,Aposymbiotic,control-0,Ammonium_control-0_20_Fed_Aposymbiotic
231,"A_0_20_F_A
",1,-0.0066300000000000005,Ammonium,0,20,Fed,Aposymbiotic,control-0,Ammonium_control-0_20_Fed_Aposymbiotic
193,A_0_20_F_S,0,-0.005940000000000001,Ammonium,0,20,Fed,Symbiotic,control-0,Ammonium_control-0_20_Fed_Symbiotic
220,A_0_20_F_S,1,-0.006960000000000001,Ammonium,0,20,Fed,Symbiotic,control-0,Ammonium_control-0_20_Fed_Symbiotic
210,A_0_20_S_A,1,-0.00532,Ammonium,0,20,Starved,Aposymbiotic,control-0,Ammonium_control-0_20_Starved_Aposymbiotic
201,A_0_20_S_S,0,-0.0035700000000000003,Ammonium,0,20,Starved,Symbiotic,control-0,Ammonium_control-0_20_Starved_Symbiotic
222,A_0_20_S_S,1,-0.0063100000000000005,Ammonium,0,20,Starved,Symbiotic,control-0,Ammonium_control-0_20_Starved_Symbiotic
174,N_0_30_F_A,0,-0.0036200000000000004,Nitrate,0,30,Fed,Aposymbiotic,control-0,Nitrate_control-0_30_Fed_Aposymbiotic
226,N_0_30_F_A,1,-0.0034700000000000004,Nitrate,0,30,Fed,Aposymbiotic,control-0,Nitrate_control-0_30_Fed_Aposymbiotic
185,N_0_30_F_S,0,-0.008650000000000001,Nitrate,0,30,Fed,Symbiotic,control-0,Nitrate_control-0_30_Fed_Symbiotic
206,N_0_30_F_S,1,-0.0050100000000000006,Nitrate,0,30,Fed,Symbiotic,control-0,Nitrate_control-0_30_Fed_Symbiotic
193,N_0_30_S_A,0,-0.005840000000000001,Nitrate,0,30,Starved,Aposymbiotic,control-0,Nitrate_control-0_30_Starved_Aposymbiotic
206,N_0_30_S_A,1,-0.00219,Nitrate,0,30,Starved,Aposymbiotic,control-0,Nitrate_control-0_30_Starved_Aposymbiotic
196,N_0_30_S_S,0,-0.007130000000000001,Nitrate,0,30,Starved,Symbiotic,control-0,Nitrate_control-0_30_Starved_Symbiotic
208,N_0_30_S_S,1,-0.0034600000000000004,Nitrate,0,30,Starved,Symbiotic,control-0,Nitrate_control-0_30_Starved_Symbiotic
210,A_0_30_F_A,0,-0.00683,Ammonium,0,30,Fed,Aposymbiotic,control-0,Ammonium_control-0_30_Fed_Aposymbiotic
232,A_0_30_F_A,1,-0.00321,Ammonium,0,30,Fed,Aposymbiotic,control-0,Ammonium_control-0_30_Fed_Aposymbiotic
198,A_0_30_F_S,0,-0.00542,Ammonium,0,30,Fed,Symbiotic,control-0,Ammonium_control-0_30_Fed_Symbiotic
220,A_0_30_F_S,1,-0.0032600000000000003,Ammonium,0,30,Fed,Symbiotic,control-0,Ammonium_control-0_30_Fed_Symbiotic
198,A_0_30_S_A,0,-0.0031200000000000004,Ammonium,0,30,Starved,Aposymbiotic,control-0,Ammonium_control-0_30_Starved_Aposymbiotic
221,A_0_30_S_A,1,-0.0029700000000000004,Ammonium,0,30,Starved,Aposymbiotic,control-0,Ammonium_control-0_30_Starved_Aposymbiotic
205,A_0_30_S_S,0,-0.008150000000000001,Ammonium,0,30,Starved,Symbiotic,control-0,Ammonium_control-0_30_Starved_Symbiotic
199,N_1.5_20_F_A,0,-0.0023,Nitrate,1.5,20,Fed,Aposymbiotic,Low,Nitrate_Low_20_Fed_Aposymbiotic
185,N_1.5_20_F_S,0,-0.00303,Nitrate,1.5,20,Fed,Symbiotic,Low,Nitrate_Low_20_Fed_Symbiotic
206,N_1.5_20_F_S,1,-0.0037800000000000004,Nitrate,1.5,20,Fed,Symbiotic,Low,Nitrate_Low_20_Fed_Symbiotic
174,N_1.5_20_F_A,1,-0.0029300000000000003,Nitrate,1.5,20,Fed,Aposymbiotic,Low,Nitrate_Low_20_Fed_Aposymbiotic
203,N_1.5_20_S_A,0,-0.0041,Nitrate,1.5,20,Starved,Aposymbiotic,Low,Nitrate_Low_20_Starved_Aposymbiotic
228,N_1.5_20_S_A,1,-0.00604,Nitrate,1.5,20,Starved,Aposymbiotic,Low,Nitrate_Low_20_Starved_Aposymbiotic
186,N_1.5_20_S_S,0,-0.0044800000000000005,Nitrate,1.5,20,Starved,Symbiotic,Low,Nitrate_Low_20_Starved_Symbiotic
208,N_1.5_20_S_S,1,-0.006350000000000001,Nitrate,1.5,20,Starved,Symbiotic,Low,Nitrate_Low_20_Starved_Symbiotic
209,A_5_20_F_A,0,-0.01564,Ammonium,5,20,Fed,Aposymbiotic,Low,Ammonium_Low_20_Fed_Aposymbiotic
232,A_5_20_F_A,1,-0.00481,Ammonium,5,20,Fed,Aposymbiotic,Low,Ammonium_Low_20_Fed_Aposymbiotic
198,A_5_20_F_S,1,-0.0033200000000000005,Ammonium,5,20,Fed,Symbiotic,Low,Ammonium_Low_20_Fed_Symbiotic
220,A_5_20_F_S,0,-0.00885,Ammonium,5,20,Fed,Symbiotic,Low,Ammonium_Low_20_Fed_Symbiotic
197,A_5_20_S_A,0,-0.00651,Ammonium,5,20,Starved,Aposymbiotic,Low,Ammonium_Low_20_Starved_Aposymbiotic
218,A_5_20_S_A,1,-0.00476,Ammonium,5,20,Starved,Aposymbiotic,Low,Ammonium_Low_20_Starved_Aposymbiotic
201,A_5_20_S_S,0,-0.0037500000000000003,Ammonium,5,20,Starved,Symbiotic,Low,Ammonium_Low_20_Starved_Symbiotic
222,A_5_20_S_S,1,-0.011940000000000001,Ammonium,5,20,Starved,Symbiotic,Low,Ammonium_Low_20_Starved_Symbiotic
206,N_1.5_30_F_S,0,-0.00144,Nitrate,1.5,30,Fed,Symbiotic,Low,Nitrate_Low_30_Fed_Symbiotic
185,N_1.5_30_F_S,1,-0.0038,Nitrate,1.5,30,Fed,Symbiotic,Low,Nitrate_Low_30_Fed_Symbiotic
186,N_1.5_30_F_A,0,-0.00304,Nitrate,1.5,30,Fed,Aposymbiotic,Low,Nitrate_Low_30_Fed_Aposymbiotic
227,N_1.5_30_F_A,1,-0.0032800000000000004,Nitrate,1.5,30,Fed,Aposymbiotic,Low,Nitrate_Low_30_Fed_Aposymbiotic
198,N_1.5_30_S_S,0,-0.00206,Nitrate,1.5,30,Starved,Symbiotic,Low,Nitrate_Low_30_Starved_Symbiotic
211,N_1.5_30_S_S,1,-0.0048200000000000005,Nitrate,1.5,30,Starved,Symbiotic,Low,Nitrate_Low_30_Starved_Symbiotic
193,N_1.5_30_S_A,0,-0.00214,Nitrate,1.5,30,Starved,Aposymbiotic,Low,Nitrate_Low_30_Starved_Aposymbiotic
207,N_1.5_30_S_A,1,-0.0055000000000000005,Nitrate,1.5,30,Starved,Aposymbiotic,Low,Nitrate_Low_30_Starved_Aposymbiotic
210,A_5_30_F_A,0,-0.00525,Ammonium,5,30,Fed,Aposymbiotic,Low,Ammonium_Low_30_Fed_Aposymbiotic
232,A_5_30_F_A,1,-0.0034200000000000003,Ammonium,5,30,Fed,Aposymbiotic,Low,Ammonium_Low_30_Fed_Aposymbiotic
198,A_5_30_F_S,0,-0.0037800000000000004,Ammonium,5,30,Fed,Symbiotic,Low,Ammonium_Low_30_Fed_Symbiotic
221,A_5_30_S_A,0,-0.0022,Ammonium,5,30,Starved,Aposymbiotic,Low,Ammonium_Low_30_Starved_Aposymbiotic
175,A_5_30_S_A,1,-0.0027900000000000004,Ammonium,5,30,Starved,Aposymbiotic,Low,Ammonium_Low_30_Starved_Aposymbiotic
205,A_5_30_S_S,0,-0.00223,Ammonium,5,30,Starved,Symbiotic,Low,Ammonium_Low_30_Starved_Symbiotic
222,A_5_30_S_S,1,-0.007450000000000001,Ammonium,5,30,Starved,Symbiotic,Low,Ammonium_Low_30_Starved_Symbiotic
192,N_18_20_S_A,0,-0.0022400000000000002,Nitrate,18,20,Starved,Aposymbiotic,High,Nitrate_High_20_Starved_Aposymbiotic
228,N_18_20_S_A,1,-0.0036000000000000003,Nitrate,18,20,Starved,Aposymbiotic,High,Nitrate_High_20_Starved_Aposymbiotic
193,N_18_20_S_S,0,-0.0029500000000000004,Nitrate,18,20,Starved,Symbiotic,High,Nitrate_High_20_Starved_Symbiotic
208,N_18_20_S_S,1,-0.00205,Nitrate,18,20,Starved,Symbiotic,High,Nitrate_High_20_Starved_Symbiotic
196,A_10_20_F_A,0,-0.0031400000000000004,Ammonium,10,20,Fed,Aposymbiotic,High,Ammonium_High_20_Fed_Aposymbiotic
210,A_10_20_F_A,1,-0.00504,Ammonium,10,20,Fed,Aposymbiotic,High,Ammonium_High_20_Fed_Aposymbiotic
198,A_10_20_F_S,0,-0.0025,Ammonium,10,20,Fed,Symbiotic,High,Ammonium_High_20_Fed_Symbiotic
220,A_10_20_F_S,1,-0.0037200000000000002,Ammonium,10,20,Fed,Symbiotic,High,Ammonium_High_20_Fed_Symbiotic
233,A_10_20_S_A,1,-0.0041400000000000005,Ammonium,10,20,Starved,Aposymbiotic,High,Ammonium_High_20_Starved_Aposymbiotic
205,A_10_20_S_S,0,-0.0031400000000000004,Ammonium,10,20,Starved,Symbiotic,High,Ammonium_High_20_Starved_Symbiotic
222,A_10_20_S_S,1,-0.004070000000000001,Ammonium,10,20,Starved,Symbiotic,High,Ammonium_High_20_Starved_Symbiotic
202,N_18_30_F_A,0,-0.00214,Nitrate,18,30,Fed,Aposymbiotic,High,Nitrate_High_30_Fed_Aposymbiotic
228,N_18_30_F_A,1,-0.004540000000000001,Nitrate,18,30,Fed,Aposymbiotic,High,Nitrate_High_30_Fed_Aposymbiotic
193,N_18_30_F_S,0,-0.0015500000000000002,Nitrate,18,30,Fed,Symbiotic,High,Nitrate_High_30_Fed_Symbiotic
207,N_18_30_F_S,1,-0.0029100000000000003,Nitrate,18,30,Fed,Symbiotic,High,Nitrate_High_30_Fed_Symbiotic
194,N_18_30_S_A,0,-0.0032800000000000004,Nitrate,18,30,Starved,Aposymbiotic,High,Nitrate_High_30_Starved_Aposymbiotic
231,N_18_30_S_A,1,-0.0037400000000000003,Nitrate,18,30,Starved,Aposymbiotic,High,Nitrate_High_30_Starved_Aposymbiotic
193,N_18_30_S_S,0,-0.0019100000000000002,Nitrate,18,30,Starved,Symbiotic,High,Nitrate_High_30_Starved_Symbiotic
218,N_18_30_S_S,1,-0.00338,Nitrate,18,30,Starved,Symbiotic,High,Nitrate_High_30_Starved_Symbiotic
210,A_10_30_F_A,0,-0.0018000000000000002,Ammonium,10,30,Fed,Aposymbiotic,High,Ammonium_High_30_Fed_Aposymbiotic
232,A_10_30_F_A,1,-0.0086,Ammonium,10,30,Fed,Aposymbiotic,High,Ammonium_High_30_Fed_Aposymbiotic
200,A_10_30_F_S,0,-0.0037600000000000003,Ammonium,10,30,Fed,Symbiotic,High,Ammonium_High_30_Fed_Symbiotic
222,A_10_30_F_S,1,-0.00544,Ammonium,10,30,Fed,Symbiotic,High,Ammonium_High_30_Fed_Symbiotic
206,N_18_20_F_S,0,-0.00321,Nitrate,18,20,Fed,Symbiotic,High,Nitrate_High_20_Fed_Symbiotic
174,N_18_20_F_A,0,-0.0026100000000000003,Nitrate,18,20,Fed,Aposymbiotic,High,Nitrate_High_20_Fed_Aposymbiotic
185,N_18_20_F_S,1,-0.0038400000000000005,Nitrate,18,20,Fed,Symbiotic,High,Nitrate_High_20_Fed_Symbiotic
206,A_10_30_S_S,0,-0.00199,Ammonium,10,30,Starved,Symbiotic,High,Ammonium_High_30_Starved_Symbiotic
233,A_10_30_S_S,1,-0.0032700000000000003,Ammonium,10,30,Starved,Symbiotic,High,Ammonium_High_30_Starved_Symbiotic
198,A_10_30_S_A,1,-7.700000000000001e-4,Ammonium,10,30,Starved,Aposymbiotic,High,Ammonium_High_30_Starved_Aposymbiotic
226,A_10_30_S_A,0,-0.00168,Ammonium,10,30,Starved,Aposymbiotic,High,Ammonium_High_30_Starved_Aposymbiotic
186,N_5_30_F_A,0,-0.0015500000000000002,Nitrate,5,30,Fed,Aposymbiotic,Medium,Nitrate_Medium_30_Fed_Aposymbiotic
192,N_5_30_F_S,0,-0.0013900000000000002,Nitrate,5,30,Fed,Symbiotic,Medium,Nitrate_Medium_30_Fed_Symbiotic
207,N_5_30_F_S,1,-0.006540000000000001,Nitrate,5,30,Fed,Symbiotic,Medium,Nitrate_Medium_30_Fed_Symbiotic
194,N_5_30_S_A,0,-0.00136,Nitrate,5,30,Starved,Aposymbiotic,Medium,Nitrate_Medium_30_Starved_Aposymbiotic
231,N_5_30_S_A,1,-0.0022900000000000004,Nitrate,5,30,Starved,Aposymbiotic,Medium,Nitrate_Medium_30_Starved_Aposymbiotic
193,N_5_30_S_S,0,-0.00267,Nitrate,5,30,Starved,Symbiotic,Medium,Nitrate_Medium_30_Starved_Symbiotic
218,N_5_30_S_S,1,-0.00496,Nitrate,5,30,Starved,Symbiotic,Medium,Nitrate_Medium_30_Starved_Symbiotic
232,A_7.5_30_F_A,0,-0.00269,Ammonium,7.5,30,Fed,Aposymbiotic,Medium,Ammonium_Medium_30_Fed_Aposymbiotic
198,A_7.5_30_F_S,0,-0.00159,Ammonium,7.5,30,Fed,Symbiotic,Medium,Ammonium_Medium_30_Fed_Symbiotic
221,A_7.5_30_F_S,1,-0.00316,Ammonium,7.5,30,Fed,Symbiotic,Medium,Ammonium_Medium_30_Fed_Symbiotic
210,A_7.5_30_F_A,1,-0.0037300000000000002,Ammonium,7.5,30,Fed,Aposymbiotic,Medium,Ammonium_Medium_30_Fed_Aposymbiotic
206,A_7.5_30_S_S,0,-0.00206,Ammonium,7.5,30,Starved,Symbiotic,Medium,Ammonium_Medium_30_Starved_Symbiotic
233,A_7.5_30_S_S,1,-0.0022700000000000003,Ammonium,7.5,30,Starved,Symbiotic,Medium,Ammonium_Medium_30_Starved_Symbiotic
226,A_7.5_30_S_A,0,-0.00249,Ammonium,7.5,30,Starved,Aposymbiotic,Medium,Ammonium_Medium_30_Starved_Aposymbiotic
198,A_7.5_30_S_A,1,-0.0025800000000000003,Ammonium,7.5,30,Starved,Aposymbiotic,Medium,Ammonium_Medium_30_Starved_Aposymbiotic
199,N_5_20_F_A,0,-0.00193,Nitrate,5,20,Fed,Aposymbiotic,Medium,Nitrate_Medium_20_Fed_Aposymbiotic
226,N_5_20_F_A,1,-0.0041600000000000005,Nitrate,5,20,Fed,Aposymbiotic,Medium,Nitrate_Medium_20_Fed_Aposymbiotic
185,N_5_20_F_S,0,-0.0021300000000000004,Nitrate,5,20,Fed,Symbiotic,Medium,Nitrate_Medium_20_Fed_Symbiotic
206,N_5_20_F_S,1,-0.00519,Nitrate,5,20,Fed,Symbiotic,Medium,Nitrate_Medium_20_Fed_Symbiotic
187,N_5_20_S_A,0,-0.0031000000000000003,Nitrate,5,20,Starved,Aposymbiotic,Medium,Nitrate_Medium_20_Starved_Aposymbiotic
204,N_5_20_S_A,1,-0.0030800000000000003,Nitrate,5,20,Starved,Aposymbiotic,Medium,Nitrate_Medium_20_Starved_Aposymbiotic
186,N_5_20_S_S,0,-0.00333,Nitrate,5,20,Starved,Symbiotic,Medium,Nitrate_Medium_20_Starved_Symbiotic
208,N_5_20_S_S,1,-0.00551,Nitrate,5,20,Starved,Symbiotic,Medium,Nitrate_Medium_20_Starved_Symbiotic
195,A_7.5_20_F_A,0,-0.0018800000000000002,Ammonium,7.5,20,Fed,Aposymbiotic,Medium,Ammonium_Medium_20_Fed_Aposymbiotic
232,A_7.5_20_F_A,1,-0.00536,Ammonium,7.5,20,Fed,Aposymbiotic,Medium,Ammonium_Medium_20_Fed_Aposymbiotic
198,A_7.5_20_F_S,0,-0.00252,Ammonium,7.5,20,Fed,Symbiotic,Medium,Ammonium_Medium_20_Fed_Symbiotic
220,A_7.5_20_F_S,1,-0.007090000000000001,Ammonium,7.5,20,Fed,Symbiotic,Medium,Ammonium_Medium_20_Fed_Symbiotic
197,A_7.5_20_S_A,0,-0.00235,Ammonium,7.5,20,Starved,Aposymbiotic,Medium,Ammonium_Medium_20_Starved_Aposymbiotic
233,A_7.5_20_S_A,1,-0.00322,Ammonium,7.5,20,Starved,Aposymbiotic,Medium,Ammonium_Medium_20_Starved_Aposymbiotic
201,A_7.5_20_S_S,0,-0.00316,Ammonium,7.5,20,Starved,Symbiotic,Medium,Ammonium_Medium_20_Starved_Symbiotic
222,A_7.5_20_S_S,1,-0.0063,Ammonium,7.5,20,Starved,Symbiotic,Medium,Ammonium_Medium_20_Starved_Symbiotic
149,N_0_20_F_A,0,-0.00625,Nitrate,0,20,Fed,Aposymbiotic,control-0,Nitrate_control-0_20_Fed_Aposymbiotic
184,N_0_20_F_A,1,-0.00476,Nitrate,0,20,Fed,Aposymbiotic,control-0,Nitrate_control-0_20_Fed_Aposymbiotic
159,N_0_20_F_S,0,-0.0032300000000000002,Nitrate,0,20,Fed,Symbiotic,control-0,Nitrate_control-0_20_Fed_Symbiotic
223,N_0_20_F_S,1,-0.0033900000000000002,Nitrate,0,20,Fed,Symbiotic,control-0,Nitrate_control-0_20_Fed_Symbiotic
169,N_0_20_S_A,0,-0.0020700000000000002,Nitrate,0,20,Starved,Aposymbiotic,control-0,Nitrate_control-0_20_Starved_Aposymbiotic
203,N_0_20_S_A,1,-0.007940000000000001,Nitrate,0,20,Starved,Aposymbiotic,control-0,Nitrate_control-0_20_Starved_Aposymbiotic
180,N_0_20_S_S,0,-0.0017300000000000002,Nitrate,0,20,Starved,Symbiotic,control-0,Nitrate_control-0_20_Starved_Symbiotic
208,N_0_20_S_S,1,-0.00487,Nitrate,0,20,Starved,Symbiotic,control-0,Nitrate_control-0_20_Starved_Symbiotic
170,"A_0_20_F_A
",0,-0.00593,Ammonium,0,20,Fed,Aposymbiotic,control-0,Ammonium_control-0_20_Fed_Aposymbiotic
212,"A_0_20_F_A
",1,-0.0041800000000000006,Ammonium,0,20,Fed,Aposymbiotic,control-0,Ammonium_control-0_20_Fed_Aposymbiotic
211,A_0_20_F_S,0,-0.00282,Ammonium,0,20,Fed,Symbiotic,control-0,Ammonium_control-0_20_Fed_Symbiotic
226,A_0_20_F_S,1,-0.00425,Ammonium,0,20,Fed,Symbiotic,control-0,Ammonium_control-0_20_Fed_Symbiotic
215,A_0_20_S_A,0,-0.004200000000000001,Ammonium,0,20,Starved,Aposymbiotic,control-0,Ammonium_control-0_20_Starved_Aposymbiotic
171,A_0_20_S_A,1,-0.00606,Ammonium,0,20,Starved,Aposymbiotic,control-0,Ammonium_control-0_20_Starved_Aposymbiotic
217,A_0_20_S_S,0,-0.00269,Ammonium,0,20,Starved,Symbiotic,control-0,Ammonium_control-0_20_Starved_Symbiotic
233,A_0_20_S_S,1,-0.0037600000000000003,Ammonium,0,20,Starved,Symbiotic,control-0,Ammonium_control-0_20_Starved_Symbiotic
167,N_0_30_F_A,0,-0.00387,Nitrate,0,30,Fed,Aposymbiotic,control-0,Nitrate_control-0_30_Fed_Aposymbiotic
195,N_0_30_F_A,1,-0.0040100000000000005,Nitrate,0,30,Fed,Aposymbiotic,control-0,Nitrate_control-0_30_Fed_Aposymbiotic
206,N_0_30_F_S,0,-0.00223,Nitrate,0,30,Fed,Symbiotic,control-0,Nitrate_control-0_30_Fed_Symbiotic
223,N_0_30_F_S,1,-0.0046700000000000005,Nitrate,0,30,Fed,Symbiotic,control-0,Nitrate_control-0_30_Fed_Symbiotic
170,N_0_30_S_A,0,-0.0033200000000000005,Nitrate,0,30,Starved,Aposymbiotic,control-0,Nitrate_control-0_30_Starved_Aposymbiotic
211,N_0_30_S_A,1,-6.8e-4,Nitrate,0,30,Starved,Aposymbiotic,control-0,Nitrate_control-0_30_Starved_Aposymbiotic
208,N_0_30_S_S,0,-0.007280000000000001,Nitrate,0,30,Starved,Symbiotic,control-0,Nitrate_control-0_30_Starved_Symbiotic
225,N_0_30_S_S,1,-0.0041,Nitrate,0,30,Starved,Symbiotic,control-0,Nitrate_control-0_30_Starved_Symbiotic
170,A_0_30_F_A,0,-0.0078000000000000005,Ammonium,0,30,Fed,Aposymbiotic,control-0,Ammonium_control-0_30_Fed_Aposymbiotic
213,A_0_30_F_A,1,-0.0037900000000000004,Ammonium,0,30,Fed,Aposymbiotic,control-0,Ammonium_control-0_30_Fed_Aposymbiotic
196,A_0_30_F_S,0,-0.0026300000000000004,Ammonium,0,30,Fed,Symbiotic,control-0,Ammonium_control-0_30_Fed_Symbiotic
226,A_0_30_F_S,1,-0.00502,Ammonium,0,30,Fed,Symbiotic,control-0,Ammonium_control-0_30_Fed_Symbiotic
224,A_0_30_S_A,0,-0.0024600000000000004,Ammonium,0,30,Starved,Aposymbiotic,control-0,Ammonium_control-0_30_Starved_Aposymbiotic
198,A_0_30_S_S,0,-0.00248,Ammonium,0,30,Starved,Symbiotic,control-0,Ammonium_control-0_30_Starved_Symbiotic
233,A_0_30_S_S,1,-0.003920000000000001,Ammonium,0,30,Starved,Symbiotic,control-0,Ammonium_control-0_30_Starved_Symbiotic
178,A_0_30_S_A,1,-0.005860000000000001,Ammonium,0,30,Starved,Aposymbiotic,control-0,Ammonium_control-0_30_Starved_Aposymbiotic
157,N_1.5_20_F_A,0,-0.00513,Nitrate,1.5,20,Fed,Aposymbiotic,Low,Nitrate_Low_20_Fed_Aposymbiotic
184,N_1.5_20_F_A,1,-0.0036400000000000004,Nitrate,1.5,20,Fed,Aposymbiotic,Low,Nitrate_Low_20_Fed_Aposymbiotic
171,N_1.5_20_F_S,0,-0.00413,Nitrate,1.5,20,Fed,Symbiotic,Low,Nitrate_Low_20_Fed_Symbiotic
223,N_1.5_20_F_S,1,-0.00367,Nitrate,1.5,20,Fed,Symbiotic,Low,Nitrate_Low_20_Fed_Symbiotic
167,N_1.5_30_F_A,0,-0.0015400000000000001,Nitrate,1.5,30,Fed,Aposymbiotic,Low,Nitrate_Low_30_Fed_Aposymbiotic
196,N_1.5_30_F_A,1,-0.00219,Nitrate,1.5,30,Fed,Aposymbiotic,Low,Nitrate_Low_30_Fed_Aposymbiotic
175,N_1.5_30_F_S,1,-0.0068200000000000005,Nitrate,1.5,30,Fed,Symbiotic,Low,Nitrate_Low_30_Fed_Symbiotic
223,N_1.5_30_F_S,0,-0.00222,Nitrate,1.5,30,Fed,Symbiotic,Low,Nitrate_Low_30_Fed_Symbiotic
169,N_1.5_20_S_A,0,-0.00143,Nitrate,1.5,20,Starved,Aposymbiotic,Low,Nitrate_Low_20_Starved_Aposymbiotic
206,N_1.5_20_S_A,1,-0.0022500000000000003,Nitrate,1.5,20,Starved,Aposymbiotic,Low,Nitrate_Low_20_Starved_Aposymbiotic
208,N_1.5_20_S_S,0,-0.00485,Nitrate,1.5,20,Starved,Symbiotic,Low,Nitrate_Low_20_Starved_Symbiotic
225,N_1.5_20_S_S,1,-0.0046500000000000005,Nitrate,1.5,20,Starved,Symbiotic,Low,Nitrate_Low_20_Starved_Symbiotic
170,N_1.5_30_S_A,0,-0.00391,Nitrate,1.5,30,Starved,Aposymbiotic,Low,Nitrate_Low_30_Starved_Aposymbiotic
212,N_1.5_30_S_A,1,-0.00272,Nitrate,1.5,30,Starved,Aposymbiotic,Low,Nitrate_Low_30_Starved_Aposymbiotic
188,N_1.5_30_S_S,0,-0.00289,Nitrate,1.5,30,Starved,Symbiotic,Low,Nitrate_Low_30_Starved_Symbiotic
225,N_1.5_30_S_S,1,-0.0041,Nitrate,1.5,30,Starved,Symbiotic,Low,Nitrate_Low_30_Starved_Symbiotic
170,A_5_30_F_A,0,-0.00551,Ammonium,5,30,Fed,Aposymbiotic,Low,Ammonium_Low_30_Fed_Aposymbiotic
178,A_5_30_S_A,0,-0.00415,Ammonium,5,30,Starved,Aposymbiotic,Low,Ammonium_Low_30_Starved_Aposymbiotic
225,A_5_30_S_A,1,-0.00304,Ammonium,5,30,Starved,Aposymbiotic,Low,Ammonium_Low_30_Starved_Aposymbiotic
198,A_5_30_S_S,0,-0.0033100000000000004,Ammonium,5,30,Starved,Symbiotic,Low,Ammonium_Low_30_Starved_Symbiotic
218,A_5_30_S_S,1,-0.00404,Ammonium,5,30,Starved,Symbiotic,Low,Ammonium_Low_30_Starved_Symbiotic
170,A_5_20_F_A,0,-0.00396,Ammonium,5,20,Fed,Aposymbiotic,Low,Ammonium_Low_20_Fed_Aposymbiotic
212,A_5_20_F_A,1,-0.00557,Ammonium,5,20,Fed,Aposymbiotic,Low,Ammonium_Low_20_Fed_Aposymbiotic
191,A_5_20_F_S,0,-0.004220000000000001,Ammonium,5,20,Fed,Symbiotic,Low,Ammonium_Low_20_Fed_Symbiotic
171,A_5_20_F_S,1,-0.00561,Ammonium,5,20,Fed,Symbiotic,Low,Ammonium_Low_20_Fed_Symbiotic
171,A_5_20_S_A,0,-0.0037600000000000003,Ammonium,5,20,Starved,Aposymbiotic,Low,Ammonium_Low_20_Starved_Aposymbiotic
216,A_5_20_S_A,1,-0.005050000000000001,Ammonium,5,20,Starved,Aposymbiotic,Low,Ammonium_Low_20_Starved_Aposymbiotic
217,A_5_20_S_S,0,-0.00236,Ammonium,5,20,Starved,Symbiotic,Low,Ammonium_Low_20_Starved_Symbiotic
233,A_5_20_S_S,1,-0.007220000000000001,Ammonium,5,20,Starved,Symbiotic,Low,Ammonium_Low_20_Starved_Symbiotic
171,A_10_30_F_A,0,-0.0032600000000000003,Ammonium,10,30,Fed,Aposymbiotic,High,Ammonium_High_30_Fed_Aposymbiotic
215,A_10_30_F_A,1,-0.00527,Ammonium,10,30,Fed,Aposymbiotic,High,Ammonium_High_30_Fed_Aposymbiotic
217,A_10_30_F_S,0,-0.00395,Ammonium,10,30,Fed,Symbiotic,High,Ammonium_High_30_Fed_Symbiotic
233,A_10_30_F_S,1,-0.009430000000000001,Ammonium,10,30,Fed,Symbiotic,High,Ammonium_High_30_Fed_Symbiotic
184,A_10_30_S_A,0,-0.0041600000000000005,Ammonium,10,30,Starved,Aposymbiotic,High,Ammonium_High_30_Starved_Aposymbiotic
225,A_10_30_S_A,1,-0.0051600000000000005,Ammonium,10,30,Starved,Aposymbiotic,High,Ammonium_High_30_Starved_Aposymbiotic
200,A_10_30_S_S,0,-0.0043100000000000005,Ammonium,10,30,Starved,Symbiotic,High,Ammonium_High_30_Starved_Symbiotic
223,A_10_30_S_S,1,-0.0031400000000000004,Ammonium,10,30,Starved,Symbiotic,High,Ammonium_High_30_Starved_Symbiotic
194,N_18_20_F_A,0,-0.004220000000000001,Nitrate,18,20,Fed,Aposymbiotic,High,Nitrate_High_20_Fed_Aposymbiotic
205,N_18_20_F_S,0,-0.0053300000000000005,Nitrate,18,20,Fed,Symbiotic,High,Nitrate_High_20_Fed_Symbiotic
223,N_18_20_F_S,1,-0.0046,Nitrate,18,20,Fed,Symbiotic,High,Nitrate_High_20_Fed_Symbiotic
159,N_18_20_F_A,1,-0.009710000000000002,Nitrate,18,20,Fed,Aposymbiotic,High,Nitrate_High_20_Fed_Aposymbiotic
170,N_18_20_S_A,0,-0.00411,Nitrate,18,20,Starved,Aposymbiotic,High,Nitrate_High_20_Starved_Aposymbiotic
210,N_18_20_S_A,1,-0.007520000000000001,Nitrate,18,20,Starved,Aposymbiotic,High,Nitrate_High_20_Starved_Aposymbiotic
188,N_18_20_S_S,0,-0.006260000000000001,Nitrate,18,20,Starved,Symbiotic,High,Nitrate_High_20_Starved_Symbiotic
225,N_18_20_S_S,1,-0.007970000000000001,Nitrate,18,20,Starved,Symbiotic,High,Nitrate_High_20_Starved_Symbiotic
170,A_10_20_F_A,0,-0.00398,Ammonium,10,20,Fed,Aposymbiotic,High,Ammonium_High_20_Fed_Aposymbiotic
213,A_10_20_F_A,1,-0.0035800000000000003,Ammonium,10,20,Fed,Aposymbiotic,High,Ammonium_High_20_Fed_Aposymbiotic
196,A_10_20_F_S,0,-8.900000000000001e-4,Ammonium,10,20,Fed,Symbiotic,High,Ammonium_High_20_Fed_Symbiotic
182,A_10_20_F_S,1,-0.00871,Ammonium,10,20,Fed,Symbiotic,High,Ammonium_High_20_Fed_Symbiotic
224,A_10_20_S_A,1,-0.00352,Ammonium,10,20,Starved,Aposymbiotic,High,Ammonium_High_20_Starved_Aposymbiotic
217,A_10_20_S_S,0,-0.00512,Ammonium,10,20,Starved,Symbiotic,High,Ammonium_High_20_Starved_Symbiotic
233,A_10_20_S_S,1,-0.0061400000000000005,Ammonium,10,20,Starved,Symbiotic,High,Ammonium_High_20_Starved_Symbiotic
201,N_18_30_F_A,1,-0.007500000000000001,Nitrate,18,30,Fed,Aposymbiotic,High,Nitrate_High_30_Fed_Aposymbiotic
175,N_18_30_F_S,0,-0.006620000000000001,Nitrate,18,30,Fed,Symbiotic,High,Nitrate_High_30_Fed_Symbiotic
207,N_18_30_F_S,1,-0.00493,Nitrate,18,30,Fed,Symbiotic,High,Nitrate_High_30_Fed_Symbiotic
170,N_18_30_S_A,0,-0.00519,Nitrate,18,30,Starved,Aposymbiotic,High,Nitrate_High_30_Starved_Aposymbiotic
212,N_18_30_S_A,1,-0.00515,Nitrate,18,30,Starved,Aposymbiotic,High,Nitrate_High_30_Starved_Aposymbiotic
209,N_18_30_S_S,0,-0.0097,Nitrate,18,30,Starved,Symbiotic,High,Nitrate_High_30_Starved_Symbiotic
226,N_18_30_S_S,1,-0.00322,Nitrate,18,30,Starved,Symbiotic,High,Nitrate_High_30_Starved_Symbiotic
170,A_7.5_20_F_A,0,-0.00286,Ammonium,7.5,20,Fed,Aposymbiotic,Medium,Ammonium_Medium_20_Fed_Aposymbiotic
213,A_7.5_20_F_A,1,-0.00717,Ammonium,7.5,20,Fed,Aposymbiotic,Medium,Ammonium_Medium_20_Fed_Aposymbiotic
211,A_7.5_20_F_S,0,-0.0010600000000000002,Ammonium,7.5,20,Fed,Symbiotic,Medium,Ammonium_Medium_20_Fed_Symbiotic
185,A_7.5_20_F_S,1,-0.005220000000000001,Ammonium,7.5,20,Fed,Symbiotic,Medium,Ammonium_Medium_20_Fed_Symbiotic
190,A_7.5_20_S_A,0,-0.005280000000000001,Ammonium,7.5,20,Starved,Aposymbiotic,Medium,Ammonium_Medium_20_Starved_Aposymbiotic
216,A_7.5_20_S_A,1,-0.00417,Ammonium,7.5,20,Starved,Aposymbiotic,Medium,Ammonium_Medium_20_Starved_Aposymbiotic
217,A_7.5_20_S_S,0,-0.00218,Ammonium,7.5,20,Starved,Symbiotic,Medium,Ammonium_Medium_20_Starved_Symbiotic
233,A_7.5_20_S_S,1,-0.0056,Ammonium,7.5,20,Starved,Symbiotic,Medium,Ammonium_Medium_20_Starved_Symbiotic
168,N_5_30_F_A,0,-0.00284,Nitrate,5,30,Fed,Aposymbiotic,Medium,Nitrate_Medium_30_Fed_Aposymbiotic
197,N_5_30_F_A,1,-0.0025800000000000003,Nitrate,5,30,Fed,Aposymbiotic,Medium,Nitrate_Medium_30_Fed_Aposymbiotic
175,N_5_30_F_S,0,-0.00621,Nitrate,5,30,Fed,Symbiotic,Medium,Nitrate_Medium_30_Fed_Symbiotic
223,N_5_30_F_S,1,-0.003,Nitrate,5,30,Fed,Symbiotic,Medium,Nitrate_Medium_30_Fed_Symbiotic
170,N_5_30_S_A,0,-0.004940000000000001,Nitrate,5,30,Starved,Aposymbiotic,Medium,Nitrate_Medium_30_Starved_Aposymbiotic
212,N_5_30_S_A,1,-0.00394,Nitrate,5,30,Starved,Aposymbiotic,Medium,Nitrate_Medium_30_Starved_Aposymbiotic
189,N_5_30_S_S,0,-0.00408,Nitrate,5,30,Starved,Symbiotic,Medium,Nitrate_Medium_30_Starved_Symbiotic
171,A_7.5_30_F_A,0,-0.00256,Ammonium,7.5,30,Fed,Aposymbiotic,Medium,Ammonium_Medium_30_Fed_Aposymbiotic
196,A_7.5_30_F_S,0,-0.00237,Ammonium,7.5,30,Fed,Symbiotic,Medium,Ammonium_Medium_30_Fed_Symbiotic
233,A_7.5_30_F_S,1,-0.00252,Ammonium,7.5,30,Fed,Symbiotic,Medium,Ammonium_Medium_30_Fed_Symbiotic
171,N_5_20_F_S,0,-0.004390000000000001,Nitrate,5,20,Fed,Symbiotic,Medium,Nitrate_Medium_20_Fed_Symbiotic
223,N_5_20_F_S,1,-0.00248,Nitrate,5,20,Fed,Symbiotic,Medium,Nitrate_Medium_20_Fed_Symbiotic
159,N_5_20_F_A,0,-0.0034900000000000005,Nitrate,5,20,Fed,Aposymbiotic,Medium,Nitrate_Medium_20_Fed_Aposymbiotic
192,N_5_20_F_A,1,-0.0015400000000000001,Nitrate,5,20,Fed,Aposymbiotic,Medium,Nitrate_Medium_20_Fed_Aposymbiotic
200,A_7.5_30_S_S,0,-0.00216,Ammonium,7.5,30,Starved,Symbiotic,Medium,Ammonium_Medium_30_Starved_Symbiotic
234,A_7.5_30_S_S,1,-0.00287,Ammonium,7.5,30,Starved,Symbiotic,Medium,Ammonium_Medium_30_Starved_Symbiotic
178,A_7.5_30_S_A,0,-0.00438,Ammonium,7.5,30,Starved,Aposymbiotic,Medium,Ammonium_Medium_30_Starved_Aposymbiotic
225,A_7.5_30_S_A,1,-0.00305,Ammonium,7.5,30,Starved,Aposymbiotic,Medium,Ammonium_Medium_30_Starved_Aposymbiotic
169,N_5_20_S_A,0,-0.0024500000000000004,Nitrate,5,20,Starved,Aposymbiotic,Medium,Nitrate_Medium_20_Starved_Aposymbiotic
209,N_5_20_S_A,1,-0.006640000000000001,Nitrate,5,20,Starved,Aposymbiotic,Medium,Nitrate_Medium_20_Starved_Aposymbiotic
186,N_5_20_S_S,0,-0.0044,Nitrate,5,20,Starved,Symbiotic,Medium,Nitrate_Medium_20_Starved_Symbiotic
225,N_5_20_S_S,1,-0.00634,Nitrate,5,20,Starved,Symbiotic,Medium,Nitrate_Medium_20_Starved_Symbiotic
239,N_0_20_F_S,1,-0.00521,Nitrate,0,20,Fed,Symbiotic,control-0,Nitrate_control-0_20_Fed_Symbiotic
240,N_0_20_F_S,0,-0.009130000000000001,Nitrate,0,20,Fed,Symbiotic,control-0,Nitrate_control-0_20_Fed_Symbiotic
223,N_0_20_F_A,1,-0.0041,Nitrate,0,20,Fed,Aposymbiotic,control-0,Nitrate_control-0_20_Fed_Aposymbiotic
237,N_0_20_F_A,0,-0.00252,Nitrate,0,20,Fed,Aposymbiotic,control-0,Nitrate_control-0_20_Fed_Aposymbiotic
241,N_0_20_S_S,1,-0.0046500000000000005,Nitrate,0,20,Starved,Symbiotic,control-0,Nitrate_control-0_20_Starved_Symbiotic
237,N_0_20_S_A,1,-0.0034700000000000004,Nitrate,0,20,Starved,Aposymbiotic,control-0,Nitrate_control-0_20_Starved_Aposymbiotic
237,N_0_20_S_A,0,-0.0067,Nitrate,0,20,Starved,Aposymbiotic,control-0,Nitrate_control-0_20_Starved_Aposymbiotic
239,N_0_20_S_S,0,-0.008190000000000001,Nitrate,0,20,Starved,Symbiotic,control-0,Nitrate_control-0_20_Starved_Symbiotic
237,"A_0_20_F_A
",0,-0.005350000000000001,Ammonium,0,20,Fed,Aposymbiotic,control-0,Ammonium_control-0_20_Fed_Aposymbiotic
237,"A_0_20_F_A
",1,-0.0038,Ammonium,0,20,Fed,Aposymbiotic,control-0,Ammonium_control-0_20_Fed_Aposymbiotic
241,A_0_20_F_S,1,-0.0041400000000000005,Ammonium,0,20,Fed,Symbiotic,control-0,Ammonium_control-0_20_Fed_Symbiotic
235,A_0_20_S_A,0,-0.0029300000000000003,Ammonium,0,20,Starved,Aposymbiotic,control-0,Ammonium_control-0_20_Starved_Aposymbiotic
237,A_0_20_S_A,1,-9.500000000000001e-4,Ammonium,0,20,Starved,Aposymbiotic,control-0,Ammonium_control-0_20_Starved_Aposymbiotic
240,A_0_20_S_S,0,-0.0040100000000000005,Ammonium,0,20,Starved,Symbiotic,control-0,Ammonium_control-0_20_Starved_Symbiotic
241,A_0_20_S_S,1,-0.00472,Ammonium,0,20,Starved,Symbiotic,control-0,Ammonium_control-0_20_Starved_Symbiotic
226,N_0_30_F_A,1,-0.00355,Nitrate,0,30,Fed,Aposymbiotic,control-0,Nitrate_control-0_30_Fed_Aposymbiotic
237,N_0_30_F_A,0,-0.00464,Nitrate,0,30,Fed,Aposymbiotic,control-0,Nitrate_control-0_30_Fed_Aposymbiotic
239,N_0_30_F_S,1,-0.00517,Nitrate,0,30,Fed,Symbiotic,control-0,Nitrate_control-0_30_Fed_Symbiotic
240,N_0_30_F_S,0,-0.00385,Nitrate,0,30,Fed,Symbiotic,control-0,Nitrate_control-0_30_Fed_Symbiotic
229,N_0_30_S_A,1,-0.00598,Nitrate,0,30,Starved,Aposymbiotic,control-0,Nitrate_control-0_30_Starved_Aposymbiotic
237,N_0_30_S_A,0,-0.0078000000000000005,Nitrate,0,30,Starved,Aposymbiotic,control-0,Nitrate_control-0_30_Starved_Aposymbiotic
239,N_0_30_S_S,1,-0.00489,Nitrate,0,30,Starved,Symbiotic,control-0,Nitrate_control-0_30_Starved_Symbiotic
241,N_0_30_S_S,0,-0.00534,Nitrate,0,30,Starved,Symbiotic,control-0,Nitrate_control-0_30_Starved_Symbiotic
235,A_0_30_F_A,0,-0.00265,Ammonium,0,30,Fed,Aposymbiotic,control-0,Ammonium_control-0_30_Fed_Aposymbiotic
237,A_0_30_F_A,1,-0.00402,Ammonium,0,30,Fed,Aposymbiotic,control-0,Ammonium_control-0_30_Fed_Aposymbiotic
240,A_0_30_F_S,0,-0.00305,Ammonium,0,30,Fed,Symbiotic,control-0,Ammonium_control-0_30_Fed_Symbiotic
241,A_0_30_F_S,1,-0.008010000000000001,Ammonium,0,30,Fed,Symbiotic,control-0,Ammonium_control-0_30_Fed_Symbiotic
237,A_0_30_S_A,0,-0.00318,Ammonium,0,30,Starved,Aposymbiotic,control-0,Ammonium_control-0_30_Starved_Aposymbiotic
237,A_0_30_S_A,1,-0.00455,Ammonium,0,30,Starved,Aposymbiotic,control-0,Ammonium_control-0_30_Starved_Aposymbiotic
240,A_0_30_S_S,0,-0.005580000000000001,Ammonium,0,30,Starved,Symbiotic,control-0,Ammonium_control-0_30_Starved_Symbiotic
241,A_0_30_S_S,1,-0.00892,Ammonium,0,30,Starved,Symbiotic,control-0,Ammonium_control-0_30_Starved_Symbiotic
223,N_1.5_20_F_A,1,-0.0027500000000000003,Nitrate,1.5,20,Fed,Aposymbiotic,Low,Nitrate_Low_20_Fed_Aposymbiotic
237,N_1.5_20_F_A,0,-0.0013800000000000002,Nitrate,1.5,20,Fed,Aposymbiotic,Low,Nitrate_Low_20_Fed_Aposymbiotic
239,N_1.5_20_F_S,1,-0.00772,Nitrate,1.5,20,Fed,Symbiotic,Low,Nitrate_Low_20_Fed_Symbiotic
240,N_1.5_20_F_S,0,-0.00419,Nitrate,1.5,20,Fed,Symbiotic,Low,Nitrate_Low_20_Fed_Symbiotic
227,N_1.5_20_S_A,1,-0.004770000000000001,Nitrate,1.5,20,Starved,Aposymbiotic,Low,Nitrate_Low_20_Starved_Aposymbiotic
237,N_1.5_20_S_A,0,-0.00254,Nitrate,1.5,20,Starved,Aposymbiotic,Low,Nitrate_Low_20_Starved_Aposymbiotic
239,N_1.5_20_S_S,1,-0.006370000000000001,Nitrate,1.5,20,Starved,Symbiotic,Low,Nitrate_Low_20_Starved_Symbiotic
230,N_1.5_20_S_S,0,-0.0040100000000000005,Nitrate,1.5,20,Starved,Symbiotic,Low,Nitrate_Low_20_Starved_Symbiotic
237,A_5_20_F_A,0,-0.005370000000000001,Ammonium,5,20,Fed,Aposymbiotic,Low,Ammonium_Low_20_Fed_Aposymbiotic
237,A_5_20_F_A,1,-0.006520000000000001,Ammonium,5,20,Fed,Aposymbiotic,Low,Ammonium_Low_20_Fed_Aposymbiotic
239,A_5_20_F_S,0,-0.0076500000000000005,Ammonium,5,20,Fed,Symbiotic,Low,Ammonium_Low_20_Fed_Symbiotic
241,A_5_20_F_S,1,-0.006580000000000001,Ammonium,5,20,Fed,Symbiotic,Low,Ammonium_Low_20_Fed_Symbiotic
236,A_5_20_S_A,0,-0.0038200000000000005,Ammonium,5,20,Starved,Aposymbiotic,Low,Ammonium_Low_20_Starved_Aposymbiotic
237,A_5_20_S_A,1,-0.005450000000000001,Ammonium,5,20,Starved,Aposymbiotic,Low,Ammonium_Low_20_Starved_Aposymbiotic
240,A_5_20_S_S,0,-0.005260000000000001,Ammonium,5,20,Starved,Symbiotic,Low,Ammonium_Low_20_Starved_Symbiotic
241,A_5_20_S_S,1,-0.01322,Ammonium,5,20,Starved,Symbiotic,Low,Ammonium_Low_20_Starved_Symbiotic
226,N_1.5_30_F_A,1,-0.004070000000000001,Nitrate,1.5,30,Fed,Aposymbiotic,Low,Nitrate_Low_30_Fed_Aposymbiotic
240,N_1.5_30_F_S,1,-0.00572,Nitrate,1.5,30,Fed,Symbiotic,Low,Nitrate_Low_30_Fed_Symbiotic
237,N_1.5_30_F_A,0,-0.0021200000000000004,Nitrate,1.5,30,Fed,Aposymbiotic,Low,Nitrate_Low_30_Fed_Aposymbiotic
239,N_1.5_30_F_S,0,-0.00521,Nitrate,1.5,30,Fed,Symbiotic,Low,Nitrate_Low_30_Fed_Symbiotic
239,N_1.5_30_S_S,0,-0.004520000000000001,Nitrate,1.5,30,Starved,Symbiotic,Low,Nitrate_Low_30_Starved_Symbiotic
241,N_1.5_30_S_S,1,-0.00283,Nitrate,1.5,30,Starved,Symbiotic,Low,Nitrate_Low_30_Starved_Symbiotic
237,N_1.5_30_S_A,1,-0.006,Nitrate,1.5,30,Starved,Aposymbiotic,Low,Nitrate_Low_30_Starved_Aposymbiotic
237,N_1.5_30_S_A,0,-0.0019600000000000004,Nitrate,1.5,30,Starved,Aposymbiotic,Low,Nitrate_Low_30_Starved_Aposymbiotic
235,A_5_30_F_A,1,-0.00513,Ammonium,5,30,Fed,Aposymbiotic,Low,Ammonium_Low_30_Fed_Aposymbiotic
237,A_5_30_F_A,0,-0.004880000000000001,Ammonium,5,30,Fed,Aposymbiotic,Low,Ammonium_Low_30_Fed_Aposymbiotic
240,A_5_30_F_S,1,-0.005940000000000001,Ammonium,5,30,Fed,Symbiotic,Low,Ammonium_Low_30_Fed_Symbiotic
241,A_5_30_F_S,0,-0.0057,Ammonium,5,30,Fed,Symbiotic,Low,Ammonium_Low_30_Fed_Symbiotic
237,A_5_30_S_A,1,-0.0027400000000000002,Ammonium,5,30,Starved,Aposymbiotic,Low,Ammonium_Low_30_Starved_Aposymbiotic
238,A_5_30_S_A,0,-0.00591,Ammonium,5,30,Starved,Aposymbiotic,Low,Ammonium_Low_30_Starved_Aposymbiotic
240,A_5_30_S_S,1,-0.0043,Ammonium,5,30,Starved,Symbiotic,Low,Ammonium_Low_30_Starved_Symbiotic
241,A_5_30_S_S,0,-0.00659,Ammonium,5,30,Starved,Symbiotic,Low,Ammonium_Low_30_Starved_Symbiotic
235,A_10_20_F_A,0,-0.0041400000000000005,Ammonium,10,20,Fed,Aposymbiotic,High,Ammonium_High_20_Fed_Aposymbiotic
237,A_10_20_F_A,1,-0.0035700000000000003,Ammonium,10,20,Fed,Aposymbiotic,High,Ammonium_High_20_Fed_Aposymbiotic
240,A_10_20_F_S,0,-0.00404,Ammonium,10,20,Fed,Symbiotic,High,Ammonium_High_20_Fed_Symbiotic
241,A_10_20_F_S,1,-0.005220000000000001,Ammonium,10,20,Fed,Symbiotic,High,Ammonium_High_20_Fed_Symbiotic
237,A_10_20_S_A,0,-0.082203887,Ammonium,10,20,Starved,Aposymbiotic,High,Ammonium_High_20_Starved_Aposymbiotic
238,A_10_20_S_S,1,-0.01033,Ammonium,10,20,Starved,Symbiotic,High,Ammonium_High_20_Starved_Symbiotic
241,A_10_20_S_S,1,-0.0068000000000000005,Ammonium,10,20,Starved,Symbiotic,High,Ammonium_High_20_Starved_Symbiotic
227,N_18_30_F_A,0,-0.0032600000000000003,Nitrate,18,30,Fed,Aposymbiotic,High,Nitrate_High_30_Fed_Aposymbiotic
237,N_18_30_F_A,1,-0.00502,Nitrate,18,30,Fed,Aposymbiotic,High,Nitrate_High_30_Fed_Aposymbiotic
239,N_18_30_F_S,0,-0.0022900000000000004,Nitrate,18,30,Fed,Symbiotic,High,Nitrate_High_30_Fed_Symbiotic
240,N_18_30_F_S,1,-0.005450000000000001,Nitrate,18,30,Fed,Symbiotic,High,Nitrate_High_30_Fed_Symbiotic
237,N_18_30_S_A,0,-0.00268,Nitrate,18,30,Starved,Aposymbiotic,High,Nitrate_High_30_Starved_Aposymbiotic
237,N_18_30_S_A,1,-0.0029400000000000003,Nitrate,18,30,Starved,Aposymbiotic,High,Nitrate_High_30_Starved_Aposymbiotic
239,N_18_30_S_S,0,-0.00574,Nitrate,18,30,Starved,Symbiotic,High,Nitrate_High_30_Starved_Symbiotic
241,N_18_30_S_S,1,-0.0041400000000000005,Nitrate,18,30,Starved,Symbiotic,High,Nitrate_High_30_Starved_Symbiotic
235,A_10_30_F_A,0,-0.00161,Ammonium,10,30,Fed,Aposymbiotic,High,Ammonium_High_30_Fed_Aposymbiotic
237,A_10_30_F_A,1,-0.0026200000000000004,Ammonium,10,30,Fed,Aposymbiotic,High,Ammonium_High_30_Fed_Aposymbiotic
240,A_10_30_F_S,0,-0.00317,Ammonium,10,30,Fed,Symbiotic,High,Ammonium_High_30_Fed_Symbiotic
241,A_10_30_F_S,1,-0.0048400000000000006,Ammonium,10,30,Fed,Symbiotic,High,Ammonium_High_30_Fed_Symbiotic
240,A_10_30_S_S,0,-0.0041800000000000006,Ammonium,10,30,Starved,Symbiotic,High,Ammonium_High_30_Starved_Symbiotic
243,A_10_30_S_S,1,-0.00559,Ammonium,10,30,Starved,Symbiotic,High,Ammonium_High_30_Starved_Symbiotic
237,A_10_30_S_A,0,-0.00425,Ammonium,10,30,Starved,Aposymbiotic,High,Ammonium_High_30_Starved_Aposymbiotic
238,A_10_30_S_A,1,-0.00394,Ammonium,10,30,Starved,Aposymbiotic,High,Ammonium_High_30_Starved_Aposymbiotic
232,N_5_30_S_A,0,-0.0020800000000000003,Nitrate,5,30,Starved,Aposymbiotic,Medium,Nitrate_Medium_30_Starved_Aposymbiotic
237,N_5_30_S_A,1,-0.0035700000000000003,Nitrate,5,30,Starved,Aposymbiotic,Medium,Nitrate_Medium_30_Starved_Aposymbiotic
239,N_5_30_S_S,0,-0.00512,Nitrate,5,30,Starved,Symbiotic,Medium,Nitrate_Medium_30_Starved_Symbiotic
241,N_5_30_S_S,1,-0.00487,Nitrate,5,30,Starved,Symbiotic,Medium,Nitrate_Medium_30_Starved_Symbiotic
237,A_7.5_30_F_A,1,-0.0037500000000000003,Ammonium,7.5,30,Fed,Aposymbiotic,Medium,Ammonium_Medium_30_Fed_Aposymbiotic
237,A_7.5_30_F_A,0,-0.00421,Ammonium,7.5,30,Fed,Aposymbiotic,Medium,Ammonium_Medium_30_Fed_Aposymbiotic
240,A_7.5_30_F_S,1,-0.00419,Ammonium,7.5,30,Fed,Symbiotic,Medium,Ammonium_Medium_30_Fed_Symbiotic
241,A_7.5_30_F_S,0,-0.00498,Ammonium,7.5,30,Fed,Symbiotic,Medium,Ammonium_Medium_30_Fed_Symbiotic
241,A_7.5_30_S_S,1,-0.0038100000000000005,Ammonium,7.5,30,Starved,Symbiotic,Medium,Ammonium_Medium_30_Starved_Symbiotic
237,A_7.5_30_S_A,1,-0.0024500000000000004,Ammonium,7.5,30,Starved,Aposymbiotic,Medium,Ammonium_Medium_30_Starved_Aposymbiotic
237,A_7.5_30_S_A,0,-0.00519,Ammonium,7.5,30,Starved,Aposymbiotic,Medium,Ammonium_Medium_30_Starved_Aposymbiotic
240,A_7.5_30_S_S,0,-0.00436,Ammonium,7.5,30,Starved,Symbiotic,Medium,Ammonium_Medium_30_Starved_Symbiotic
234,A_7.5_20_F_A,0,-0.0027600000000000003,Ammonium,7.5,20,Fed,Aposymbiotic,Medium,Ammonium_Medium_20_Fed_Aposymbiotic
237,A_7.5_20_F_A,1,-0.005940000000000001,Ammonium,7.5,20,Fed,Aposymbiotic,Medium,Ammonium_Medium_20_Fed_Aposymbiotic
240,A_7.5_20_F_S,0,-0.00415,Ammonium,7.5,20,Fed,Symbiotic,Medium,Ammonium_Medium_20_Fed_Symbiotic
241,A_7.5_20_F_S,1,-0.0029800000000000004,Ammonium,7.5,20,Fed,Symbiotic,Medium,Ammonium_Medium_20_Fed_Symbiotic
236,A_7.5_20_S_A,0,-0.00239,Ammonium,7.5,20,Starved,Aposymbiotic,Medium,Ammonium_Medium_20_Starved_Aposymbiotic
238,A_7.5_20_S_A,1,-0.00693,Ammonium,7.5,20,Starved,Aposymbiotic,Medium,Ammonium_Medium_20_Starved_Aposymbiotic
240,A_7.5_20_S_S,0,-0.0031200000000000004,Ammonium,7.5,20,Starved,Symbiotic,Medium,Ammonium_Medium_20_Starved_Symbiotic
241,A_7.5_20_S_S,1,-0.0051600000000000005,Ammonium,7.5,20,Starved,Symbiotic,Medium,Ammonium_Medium_20_Starved_Symbiotic
237,N_5_30_F_A,0,-0.00402,Nitrate,5,30,Fed,Aposymbiotic,Medium,Nitrate_Medium_30_Fed_Aposymbiotic
237,N_5_30_F_A,1,-0.006280000000000001,Nitrate,5,30,Fed,Aposymbiotic,Medium,Nitrate_Medium_30_Fed_Aposymbiotic
239,N_5_30_F_S,0,-0.00419,Nitrate,5,30,Fed,Symbiotic,Medium,Nitrate_Medium_30_Fed_Symbiotic
240,N_5_30_F_S,1,-0.004350000000000001,Nitrate,5,30,Fed,Symbiotic,Medium,Nitrate_Medium_30_Fed_Symbiotic
242,A_5_20_F_A,0,-0.0034700000000000004,Ammonium,5,20,Fed,Aposymbiotic,Low,Ammonium_Low_20_Fed_Aposymbiotic
244,A_5_20_F_A,1,-0.004030000000000001,Ammonium,5,20,Fed,Aposymbiotic,Low,Ammonium_Low_20_Fed_Aposymbiotic
248,A_5_20_F_S,0,-0.00555,Ammonium,5,20,Fed,Symbiotic,Low,Ammonium_Low_20_Fed_Symbiotic
243,A_5_20_F_S,1,-0.004770000000000001,Ammonium,5,20,Fed,Symbiotic,Low,Ammonium_Low_20_Fed_Symbiotic
242,A_5_20_S_A,0,-0.0037,Ammonium,5,20,Starved,Aposymbiotic,Low,Ammonium_Low_20_Starved_Aposymbiotic
247,A_5_20_S_A,1,-0.0036400000000000004,Ammonium,5,20,Starved,Aposymbiotic,Low,Ammonium_Low_20_Starved_Aposymbiotic
248,A_5_20_S_S,0,-0.0037,Ammonium,5,20,Starved,Symbiotic,Low,Ammonium_Low_20_Starved_Symbiotic
254,A_5_20_S_S,1,-0.00485,Ammonium,5,20,Starved,Symbiotic,Low,Ammonium_Low_20_Starved_Symbiotic
238,N_5_20_F_A,0,-0.0037300000000000002,Nitrate,5,20,Fed,Aposymbiotic,Medium,Nitrate_Medium_20_Fed_Aposymbiotic
242,N_5_20_F_A,1,-0.00434,Nitrate,5,20,Fed,Aposymbiotic,Medium,Nitrate_Medium_20_Fed_Aposymbiotic
246,N_5_20_F_S,0,-0.0023,Nitrate,5,20,Fed,Symbiotic,Medium,Nitrate_Medium_20_Fed_Symbiotic
249,N_5_20_S_S,0,-0.00717,Nitrate,5,20,Starved,Symbiotic,Medium,Nitrate_Medium_20_Starved_Symbiotic
252,N_5_20_S_S,1,-0.00498,Nitrate,5,20,Starved,Symbiotic,Medium,Nitrate_Medium_20_Starved_Symbiotic
238,N_5_20_S_A,0,-0.006350000000000001,Nitrate,5,20,Starved,Aposymbiotic,Medium,Nitrate_Medium_20_Starved_Aposymbiotic
244,N_5_20_S_A,1,-0.0064,Nitrate,5,20,Starved,Aposymbiotic,Medium,Nitrate_Medium_20_Starved_Aposymbiotic
242,A_7.5_20_F_A,0,-0.00336,Ammonium,7.5,20,Fed,Aposymbiotic,Medium,Ammonium_Medium_20_Fed_Aposymbiotic
244,A_7.5_20_F_A,1,-0.00512,Ammonium,7.5,20,Fed,Aposymbiotic,Medium,Ammonium_Medium_20_Fed_Aposymbiotic
248,A_7.5_20_F_S,0,-0.006580000000000001,Ammonium,7.5,20,Fed,Symbiotic,Medium,Ammonium_Medium_20_Fed_Symbiotic
239,A_7.5_20_F_S,1,-0.00317,Ammonium,7.5,20,Fed,Symbiotic,Medium,Ammonium_Medium_20_Fed_Symbiotic
242,A_7.5_20_S_A,0,-0.006670000000000001,Ammonium,7.5,20,Starved,Aposymbiotic,Medium,Ammonium_Medium_20_Starved_Aposymbiotic
247,A_7.5_20_S_A,1,-0.00489,Ammonium,7.5,20,Starved,Aposymbiotic,Medium,Ammonium_Medium_20_Starved_Aposymbiotic
249,A_7.5_20_S_S,0,-0.00438,Ammonium,7.5,20,Starved,Symbiotic,Medium,Ammonium_Medium_20_Starved_Symbiotic
252,A_7.5_20_S_S,1,-0.00863,Ammonium,7.5,20,Starved,Symbiotic,Medium,Ammonium_Medium_20_Starved_Symbiotic
238,N_0_20_F_A,0,-0.004560000000000001,Nitrate,0,20,Fed,Aposymbiotic,control-0,Nitrate_control-0_20_Fed_Aposymbiotic
242,N_0_20_F_A,1,-0.00659,Nitrate,0,20,Fed,Aposymbiotic,control-0,Nitrate_control-0_20_Fed_Aposymbiotic
245,N_0_20_F_S,0,-0.004750000000000001,Nitrate,0,20,Fed,Symbiotic,control-0,Nitrate_control-0_20_Fed_Symbiotic
256,N_0_20_F_S,1,-0.0032800000000000004,Nitrate,0,20,Fed,Symbiotic,control-0,Nitrate_control-0_20_Fed_Symbiotic
242,A_10_20_F_A,0,-0.005960000000000001,Ammonium,10,20,Fed,Aposymbiotic,High,Ammonium_High_20_Fed_Aposymbiotic
245,A_10_20_F_A,1,-0.007050000000000001,Ammonium,10,20,Fed,Aposymbiotic,High,Ammonium_High_20_Fed_Aposymbiotic
252,A_10_20_F_S,0,-0.00301,Ammonium,10,20,Fed,Symbiotic,High,Ammonium_High_20_Fed_Symbiotic
243,A_10_20_F_S,1,-0.00425,Ammonium,10,20,Fed,Symbiotic,High,Ammonium_High_20_Fed_Symbiotic
242,A_10_20_S_A,0,-0.00237,Ammonium,10,20,Starved,Aposymbiotic,High,Ammonium_High_20_Starved_Aposymbiotic
250,A_10_20_S_A,1,-0.005520000000000001,Ammonium,10,20,Starved,Aposymbiotic,High,Ammonium_High_20_Starved_Aposymbiotic
249,A_10_20_S_S,0,-0.005280000000000001,Ammonium,10,20,Starved,Symbiotic,High,Ammonium_High_20_Starved_Symbiotic
255,A_10_20_S_S,1,-0.0034300000000000003,Ammonium,10,20,Starved,Symbiotic,High,Ammonium_High_20_Starved_Symbiotic
249,N_0_20_S_S,0,-0.00442,Nitrate,0,20,Starved,Symbiotic,control-0,Nitrate_control-0_20_Starved_Symbiotic
252,N_0_20_S_S,1,-0.005200000000000001,Nitrate,0,20,Starved,Symbiotic,control-0,Nitrate_control-0_20_Starved_Symbiotic
238,N_0_20_S_A,0,-0.00536,Nitrate,0,20,Starved,Aposymbiotic,control-0,Nitrate_control-0_20_Starved_Aposymbiotic
242,N_0_20_S_A,1,-0.0038400000000000005,Nitrate,0,20,Starved,Aposymbiotic,control-0,Nitrate_control-0_20_Starved_Aposymbiotic
242,"A_0_20_F_A
",0,-0.0044,Ammonium,0,20,Fed,Aposymbiotic,control-0,Ammonium_control-0_20_Fed_Aposymbiotic
244,"A_0_20_F_A
",1,-0.0051,Ammonium,0,20,Fed,Aposymbiotic,control-0,Ammonium_control-0_20_Fed_Aposymbiotic
247,A_0_20_F_S,0,-0.004430000000000001,Ammonium,0,20,Fed,Symbiotic,control-0,Ammonium_control-0_20_Fed_Symbiotic
252,A_0_20_F_S,1,-0.0032500000000000003,Ammonium,0,20,Fed,Symbiotic,control-0,Ammonium_control-0_20_Fed_Symbiotic
242,A_0_20_S_A,0,-0.0041,Ammonium,0,20,Starved,Aposymbiotic,control-0,Ammonium_control-0_20_Starved_Aposymbiotic
247,A_0_20_S_A,1,-0.00333,Ammonium,0,20,Starved,Aposymbiotic,control-0,Ammonium_control-0_20_Starved_Aposymbiotic
254,A_0_20_S_S,0,-0.005090000000000001,Ammonium,0,20,Starved,Symbiotic,control-0,Ammonium_control-0_20_Starved_Symbiotic
250,A_0_20_S_S,1,-0.006900000000000001,Ammonium,0,20,Starved,Symbiotic,control-0,Ammonium_control-0_20_Starved_Symbiotic
238,N_1.5_20_F_A,0,-0.0057,Nitrate,1.5,20,Fed,Aposymbiotic,Low,Nitrate_Low_20_Fed_Aposymbiotic
242,N_1.5_20_F_A,1,-0.0048200000000000005,Nitrate,1.5,20,Fed,Aposymbiotic,Low,Nitrate_Low_20_Fed_Aposymbiotic
245,N_1.5_20_F_S,0,-0.00338,Nitrate,1.5,20,Fed,Symbiotic,Low,Nitrate_Low_20_Fed_Symbiotic
256,N_1.5_20_F_S,1,-0.006070000000000001,Nitrate,1.5,20,Fed,Symbiotic,Low,Nitrate_Low_20_Fed_Symbiotic
244,N_1.5_20_S_A,0,-0.00555,Nitrate,1.5,20,Starved,Aposymbiotic,Low,Nitrate_Low_20_Starved_Aposymbiotic
249,N_1.5_20_S_S,0,-0.00495,Nitrate,1.5,20,Starved,Symbiotic,Low,Nitrate_Low_20_Starved_Symbiotic
238,N_1.5_20_S_A,1,-0.00286,Nitrate,1.5,20,Starved,Aposymbiotic,Low,Nitrate_Low_20_Starved_Aposymbiotic
250,A_5_30_S_A,1,-0.00468,Ammonium,5,30,Starved,Aposymbiotic,Low,Ammonium_Low_30_Starved_Aposymbiotic
255,A_5_30_S_S,0,-0.0048400000000000006,Ammonium,5,30,Starved,Symbiotic,Low,Ammonium_Low_30_Starved_Symbiotic
254,A_5_30_S_S,1,-0.00305,Ammonium,5,30,Starved,Symbiotic,Low,Ammonium_Low_30_Starved_Symbiotic
238,N_5_30_F_A,0,-0.00666,Nitrate,5,30,Fed,Aposymbiotic,Medium,Nitrate_Medium_30_Fed_Aposymbiotic
242,N_5_30_F_A,1,-0.00402,Nitrate,5,30,Fed,Aposymbiotic,Medium,Nitrate_Medium_30_Fed_Aposymbiotic
251,N_5_30_F_S,0,-0.00421,Nitrate,5,30,Fed,Symbiotic,Medium,Nitrate_Medium_30_Fed_Symbiotic
246,N_5_30_F_S,1,-0.00472,Nitrate,5,30,Fed,Symbiotic,Medium,Nitrate_Medium_30_Fed_Symbiotic
241,N_5_30_S_A,0,-0.007680000000000001,Nitrate,5,30,Starved,Aposymbiotic,Medium,Nitrate_Medium_30_Starved_Aposymbiotic
244,N_5_30_S_A,1,-0.007940000000000001,Nitrate,5,30,Starved,Aposymbiotic,Medium,Nitrate_Medium_30_Starved_Aposymbiotic
247,N_5_30_S_S,0,-0.005520000000000001,Nitrate,5,30,Starved,Symbiotic,Medium,Nitrate_Medium_30_Starved_Symbiotic
243,N_5_30_S_S,1,-0.00402,Nitrate,5,30,Starved,Symbiotic,Medium,Nitrate_Medium_30_Starved_Symbiotic
242,A_7.5_30_F_A,0,-0.00238,Ammonium,7.5,30,Fed,Aposymbiotic,Medium,Ammonium_Medium_30_Fed_Aposymbiotic
247,A_7.5_30_F_A,1,-0.00617,Ammonium,7.5,30,Fed,Aposymbiotic,Medium,Ammonium_Medium_30_Fed_Aposymbiotic
248,A_7.5_30_F_S,0,-0.00396,Ammonium,7.5,30,Fed,Symbiotic,Medium,Ammonium_Medium_30_Fed_Symbiotic
249,A_7.5_30_F_S,1,-0.00282,Ammonium,7.5,30,Fed,Symbiotic,Medium,Ammonium_Medium_30_Fed_Symbiotic
242,A_7.5_30_S_A,0,-0.005730000000000001,Ammonium,7.5,30,Starved,Aposymbiotic,Medium,Ammonium_Medium_30_Starved_Aposymbiotic
251,A_7.5_30_S_A,1,-0.0049900000000000005,Ammonium,7.5,30,Starved,Aposymbiotic,Medium,Ammonium_Medium_30_Starved_Aposymbiotic
245,A_7.5_30_S_S,0,-0.0031100000000000004,Ammonium,7.5,30,Starved,Symbiotic,Medium,Ammonium_Medium_30_Starved_Symbiotic
254,A_7.5_30_S_S,1,-0.00204,Ammonium,7.5,30,Starved,Symbiotic,Medium,Ammonium_Medium_30_Starved_Symbiotic
238,N_18_30_F_A,0,-0.009380000000000001,Nitrate,18,30,Fed,Aposymbiotic,High,Nitrate_High_30_Fed_Aposymbiotic
242,N_18_30_F_A,1,-0.006940000000000001,Nitrate,18,30,Fed,Aposymbiotic,High,Nitrate_High_30_Fed_Aposymbiotic
246,N_18_30_F_S,1,-0.00587,Nitrate,18,30,Fed,Symbiotic,High,Nitrate_High_30_Fed_Symbiotic
241,N_18_30_S_A,0,-0.00668,Nitrate,18,30,Starved,Aposymbiotic,High,Nitrate_High_30_Starved_Aposymbiotic
244,N_18_30_S_A,1,-0.008860000000000002,Nitrate,18,30,Starved,Aposymbiotic,High,Nitrate_High_30_Starved_Aposymbiotic
242,A_10_30_F_A,0,-0.005410000000000001,Ammonium,10,30,Fed,Aposymbiotic,High,Ammonium_High_30_Fed_Aposymbiotic
247,A_10_30_F_A,1,-0.006900000000000001,Ammonium,10,30,Fed,Aposymbiotic,High,Ammonium_High_30_Fed_Aposymbiotic
248,A_10_30_F_S,0,-0.004200000000000001,Ammonium,10,30,Fed,Symbiotic,High,Ammonium_High_30_Fed_Symbiotic
249,A_10_30_F_S,1,-0.008140000000000001,Ammonium,10,30,Fed,Symbiotic,High,Ammonium_High_30_Fed_Symbiotic
238,N_0_30_F_A,0,-0.0037200000000000002,Nitrate,0,30,Fed,Aposymbiotic,control-0,Nitrate_control-0_30_Fed_Aposymbiotic
242,N_0_30_F_A,1,-0.0032900000000000004,Nitrate,0,30,Fed,Aposymbiotic,control-0,Nitrate_control-0_30_Fed_Aposymbiotic
251,N_0_30_F_S,0,-0.00446,Nitrate,0,30,Fed,Symbiotic,control-0,Nitrate_control-0_30_Fed_Symbiotic
245,N_0_30_F_S,1,-0.0051,Nitrate,0,30,Fed,Symbiotic,control-0,Nitrate_control-0_30_Fed_Symbiotic
242,A_10_30_S_A,0,-0.010020000000000001,Ammonium,10,30,Starved,Aposymbiotic,High,Ammonium_High_30_Starved_Aposymbiotic
251,A_10_30_S_A,1,-0.00529,Ammonium,10,30,Starved,Aposymbiotic,High,Ammonium_High_30_Starved_Aposymbiotic
245,A_10_30_S_S,0,-0.00644,Ammonium,10,30,Starved,Symbiotic,High,Ammonium_High_30_Starved_Symbiotic
252,A_10_30_S_S,1,-0.00408,Ammonium,10,30,Starved,Symbiotic,High,Ammonium_High_30_Starved_Symbiotic
250,N_0_30_S_S,0,-0.00351,Nitrate,0,30,Starved,Symbiotic,control-0,Nitrate_control-0_30_Starved_Symbiotic
252,N_0_30_S_S,1,-0.00215,Nitrate,0,30,Starved,Symbiotic,control-0,Nitrate_control-0_30_Starved_Symbiotic
238,N_0_30_S_A,0,-0.00787,Nitrate,0,30,Starved,Aposymbiotic,control-0,Nitrate_control-0_30_Starved_Aposymbiotic
244,N_0_30_S_A,1,-0.0027400000000000002,Nitrate,0,30,Starved,Aposymbiotic,control-0,Nitrate_control-0_30_Starved_Aposymbiotic
242,A_0_30_F_A,0,-0.00442,Ammonium,0,30,Fed,Aposymbiotic,control-0,Ammonium_control-0_30_Fed_Aposymbiotic
245,A_0_30_F_A,1,-0.006240000000000001,Ammonium,0,30,Fed,Aposymbiotic,control-0,Ammonium_control-0_30_Fed_Aposymbiotic
248,A_0_30_F_S,0,-0.005110000000000001,Ammonium,0,30,Fed,Symbiotic,control-0,Ammonium_control-0_30_Fed_Symbiotic
252,A_0_30_F_S,1,-0.0032,Ammonium,0,30,Fed,Symbiotic,control-0,Ammonium_control-0_30_Fed_Symbiotic
242,A_0_30_S_A,0,-0.0043100000000000005,Ammonium,0,30,Starved,Aposymbiotic,control-0,Ammonium_control-0_30_Starved_Aposymbiotic
250,A_0_30_S_A,1,-0.0044800000000000005,Ammonium,0,30,Starved,Aposymbiotic,control-0,Ammonium_control-0_30_Starved_Aposymbiotic
245,A_0_30_S_S,0,-0.00352,Ammonium,0,30,Starved,Symbiotic,control-0,Ammonium_control-0_30_Starved_Symbiotic
255,A_0_30_S_S,1,-0.006980000000000001,Ammonium,0,30,Starved,Symbiotic,control-0,Ammonium_control-0_30_Starved_Symbiotic
246,N_1.5_30_F_S,0,-0.005750000000000001,Nitrate,1.5,30,Fed,Symbiotic,Low,Nitrate_Low_30_Fed_Symbiotic
256,N_1.5_30_F_S,1,-0.00266,Nitrate,1.5,30,Fed,Symbiotic,Low,Nitrate_Low_30_Fed_Symbiotic
238,N_1.5_30_F_A,0,-0.0029200000000000003,Nitrate,1.5,30,Fed,Aposymbiotic,Low,Nitrate_Low_30_Fed_Aposymbiotic
242,N_1.5_30_F_A,1,-0.00493,Nitrate,1.5,30,Fed,Aposymbiotic,Low,Nitrate_Low_30_Fed_Aposymbiotic
244,N_1.5_30_S_A,1,-0.00446,Nitrate,1.5,30,Starved,Aposymbiotic,Low,Nitrate_Low_30_Starved_Aposymbiotic
252,N_1.5_30_S_S,0,-0.0019600000000000004,Nitrate,1.5,30,Starved,Symbiotic,Low,Nitrate_Low_30_Starved_Symbiotic
243,N_1.5_30_S_S,1,-0.00496,Nitrate,1.5,30,Starved,Symbiotic,Low,Nitrate_Low_30_Starved_Symbiotic
242,A_5_30_F_A,0,-0.007030000000000001,Ammonium,5,30,Fed,Aposymbiotic,Low,Ammonium_Low_30_Fed_Aposymbiotic
245,A_5_30_F_A,1,-0.00617,Ammonium,5,30,Fed,Aposymbiotic,Low,Ammonium_Low_30_Fed_Aposymbiotic
248,A_5_30_F_S,0,-0.005960000000000001,Ammonium,5,30,Fed,Symbiotic,Low,Ammonium_Low_30_Fed_Symbiotic
243,A_5_30_F_S,1,-0.0031500000000000005,Ammonium,5,30,Fed,Symbiotic,Low,Ammonium_Low_30_Fed_Symbiotic
